date,id,source,title,price,url
2026-06-10,cl-7937269874,craigslist,2002 Striper Fishing boat,48000,https://sandiego.craigslist.org/ssd/boa/d/marina-del-rey-2002-striper-fishing-boat/7937269874.html
2026-06-10,cl-7920668174,craigslist,Farallon 27 Whaleback Project,40000,https://sandiego.craigslist.org/csd/boa/d/san-diego-farallon-27-whaleback-project/7920668174.html
2026-06-10,cl-7939722168,craigslist,2009 Pursuit C 250 Center Console w/twin Yamaha F150,54900,https://sandiego.craigslist.org/csd/bod/d/san-diego-2009-pursuit-250-center/7939722168.html
2026-06-10,cl-7939659710,craigslist,1998 Bayliner Trophy 26ft,14500,https://sandiego.craigslist.org/csd/boa/d/alpine-1998-bayliner-trophy-26ft/7939659710.html
2026-06-10,cl-7919105569,craigslist,1996 Bayliner Trophy 2352,29950,https://sandiego.craigslist.org/nsd/boa/d/oceanside-1996-bayliner-trophy-2352/7919105569.html
2026-06-10,cl-7938447370,craigslist,2001 Seaswirl Striper 2301,15900,https://sandiego.craigslist.org/esd/boa/d/jamul-2001-seaswirl-striper-2301/7938447370.html
2026-06-10,cl-7913591428,craigslist,Grady White,43500,https://sandiego.craigslist.org/esd/boa/d/jamul-grady-white/7913591428.html
2026-06-10,cl-7939512761,craigslist,1998 21' Boston Whaler Conquest,45000,https://sandiego.craigslist.org/csd/boa/d/san-diego-boston-whaler-conquest/7939512761.html
2026-06-10,cl-7938532151,craigslist,2006 Trophy Hardtop Diesel,35000,https://sandiego.craigslist.org/nsd/boa/d/carlsbad-2006-trophy-hardtop-diesel/7938532151.html
2026-06-10,cl-7939245604,craigslist,2003 Seaswirl Striper 2601,33000,https://sandiego.craigslist.org/nsd/boa/d/carlsbad-2003-seaswirl-striper-2601/7939245604.html
2026-06-10,cl-7923943547,craigslist,"1991 Mako 286 side console, twin diesels (project)",13000,https://sandiego.craigslist.org/ssd/boa/d/newport-beach-1991-mako-286-side/7923943547.html
2026-06-10,cl-7937993268,craigslist,23' Sea Ox Walkaround Cuddy - Honda BF225 - Simrad,17500,https://sandiego.craigslist.org/nsd/boa/d/oceanside-23-sea-ox-walkaround-cuddy/7937993268.html
2026-06-10,cl-7932088532,craigslist,Diesel 24' Skipjack Flybridge,17500,https://sandiego.craigslist.org/ssd/boa/d/san-diego-rare-find-diesel-24-skipjack/7932088532.html
2026-06-10,cl-7936710536,craigslist,1976 Skipjack 24 Open - Hardtop + Tower - MerCruiser 5.7,14500,https://sandiego.craigslist.org/csd/boa/d/san-diego-1976-skipjack-24-open-hardtop/7936710536.html
2026-06-10,cl-7937552374,craigslist,1971 Skipjack 24ft Flybridge,11000,https://sandiego.craigslist.org/csd/boa/d/san-diego-1971-skipjack-24ft-flybridge/7937552374.html
2026-06-10,cl-7937054364,craigslist,"24' Skipjack Open, 1982",13500,https://sandiego.craigslist.org/nsd/boa/d/costa-mesa-24-skipjack-open-1982/7937054364.html
2026-06-10,cl-7914244706,craigslist,1979 Skipjack 28,19000,https://sandiego.craigslist.org/esd/boa/d/el-cajon-skipjack/7914244706.html
2026-06-10,cl-7933544197,craigslist,2000 Skipjack 262 Flybridge w/Yanmar 315hp diesel & Trailer,59900,https://sandiego.craigslist.org/csd/bod/d/san-diego-2000-skipjack-262-flybridge/7933544197.html
2026-06-10,cl-7937109931,craigslist,1999 Bayliner Trophy 22' Fishing Boat,13950,https://sandiego.craigslist.org/nsd/boa/d/fallbrook-1999-bayliner-trophy-22/7937109931.html
2026-06-10,cl-7936651829,craigslist,Offshore Ready: 2011 Trophy Walkaround 4.3L V6,18000,https://sandiego.craigslist.org/ssd/boa/d/chula-vista-offshore-ready-2011-trophy/7936651829.html
2026-06-10,cl-7936951732,craigslist,2002 Stamas 250 Tarpon Sportfishing Boat,40000,https://sandiego.craigslist.org/ssd/boa/d/rialto-2002-stamas-250-tarpon-runabout/7936951732.html
2026-06-10,cl-7936827503,craigslist,2005 Edgewater 245cc Center Console,32000,https://sandiego.craigslist.org/nsd/boa/d/san-diego-2005-edgewater-245cc-center/7936827503.html
2026-06-10,cl-7936187924,craigslist,2005 Parker 2310,27500,https://sandiego.craigslist.org/csd/boa/d/san-diego-2005-parker-2310-boat-for-sale/7936187924.html
2026-06-10,cl-7918140522,craigslist,Thresher 22' - 2020 Mercury 200hp 4-Stroke OB,49000,https://sandiego.craigslist.org/ssd/boa/d/el-cajon-thresher-22-boat-2020-mercury/7918140522.html
2026-06-10,cl-7916919568,craigslist,1977 Seacraft Potter-built 23',30000,https://sandiego.craigslist.org/nsd/boa/d/vista-1977-seacraft-potter-built-23/7916919568.html
2026-06-10,cl-7932513684,craigslist,2000 Seaswirl Striper 21',23900,https://sandiego.craigslist.org/esd/boa/d/santee-foot-seaswirl-striper/7932513684.html
2026-06-10,cl-7934905888,craigslist,27 Express Sportfisher,49500,https://sandiego.craigslist.org/csd/boa/d/san-diego-27-express-sportfisher/7934905888.html
2026-06-10,cl-7924193406,craigslist,26' Panga,22000,https://sandiego.craigslist.org/nsd/boa/d/valley-center-26-panga/7924193406.html
2026-06-10,cl-7903547262,craigslist,"2000 Kencraft Challenger w/trailer, 150hp Yamaha",29500,https://sandiego.craigslist.org/csd/boa/d/san-diego-2000-kencraft-challenger-with/7903547262.html
2026-06-10,cl-7919895761,craigslist,"Sea Cat 25ft Power Catamaran, cuddy cabin",44999,https://sandiego.craigslist.org/ssd/boa/d/chula-vista-sea-cat-power-catamaran/7919895761.html
2026-06-10,cl-7937373033,craigslist,Carolina Skiff Sea Chaser 2400 Offshore - Suzuki 250 HP,17000,https://sandiego.craigslist.org/csd/boa/d/san-diego-carolina-skiff-sea-chaser/7937373033.html
2026-06-10,cl-7938225004,craigslist,Wellcraft 26,20000,https://sandiego.craigslist.org/ssd/boa/d/chula-vista-wellcraft-26/7938225004.html
2026-06-10,cl-7917355597,craigslist,"Owens Concorde Sportfisher, Twin Yanmar Diesel",11500,https://sandiego.craigslist.org/ssd/boa/d/chula-vista-owens-concorde-sportfisher/7917355597.html
2026-06-10,cl-7915794915,craigslist,30 ft Sportfisher (no trailer),5500,https://sandiego.craigslist.org/esd/boa/d/lemon-grove-30-ft-boat-sportfisher-no/7915794915.html
2026-06-10,cl-7935458497,craigslist,Grady White Flybridge Atlantic 260,21500,https://sandiego.craigslist.org/csd/boa/d/san-diego-grady-white-flybridge/7935458497.html
2026-06-10,cl-7938265506,craigslist,1983 Grady White Sailfish,8000,https://sandiego.craigslist.org/nsd/boa/d/san-diego-1983-grady-white-sailfish/7938265506.html
2026-06-10,cl-7939410515,craigslist,2006 Sea Hunt Escape 220 Dual Console,29500,https://sandiego.craigslist.org/nsd/boa/d/vista-2006-sea-hunt-escape-220-dual/7939410515.html
2026-06-10,cl-7917302247,craigslist,Seaswirl Striper 2150 (2 hrs on motor),6500,https://sandiego.craigslist.org/esd/boa/d/lemon-grove-seaswirl-striper-hrs-on/7917302247.html
2026-06-10,cl-7932293385,craigslist,2005 Seaswirl Striper 2101DC Anniversary Edition,18899,https://sandiego.craigslist.org/esd/boa/d/lemon-grove-2005-seaswirl-striper/7932293385.html
2026-06-10,cl-7939509504,craigslist,1988 Cabo 216 Fishing Boat,15500,https://sandiego.craigslist.org/esd/boa/d/el-cajon-1988-cabo-216-fishing-boat/7939509504.html
2026-06-10,cl-7938732830,craigslist,Nautic Star Angler 211,32000,https://sandiego.craigslist.org/csd/boa/d/san-diego-nautic-star-angler-211/7938732830.html
2026-06-10,cl-7938916074,craigslist,20' Scout 201 | Garmin GPS | T-Top,26000,https://sandiego.craigslist.org/ssd/boa/d/chula-vista-20-scout-201-garmin-gps-top/7938916074.html
2026-06-10,cl-7935450517,craigslist,"2022 Avid 21' Welded Aluminum CC Bay Boat, Yamaha 150hp",44900,https://sandiego.craigslist.org/nsd/bod/d/vista-2022-avid-21-welded-alum-cc-bay/7935450517.html
2026-06-10,cl-7938768022,craigslist,2001 Boston Whaler 21 Ventura w/Mercury 200hp Optimax & Trailer,24900,https://sandiego.craigslist.org/csd/boa/d/san-diego-2001-boston-whaler-21-ventura/7938768022.html
2026-06-10,cl-7939123001,craigslist,2008 Hydra-Sports - Evinrude 250HP (Kevlar-Reinforced),26000,https://sandiego.craigslist.org/nsd/boa/d/oceanside-2008-hydra-sports-evinrude/7939123001.html
2026-06-10,cl-7938455505,craigslist,Wellcraft Scarab Sport 302 Center Console w/cuddy,49500,https://sandiego.craigslist.org/ssd/boa/d/dana-point-wellcraft-scarab-sport-302/7938455505.html
2026-06-10,cl-7937496660,craigslist,Skipjack,4500,https://sandiego.craigslist.org/esd/boa/d/alpine-skipjack/7937496660.html
2026-06-10,cl-7939658825,craigslist,BOSTON WHALER FOR SALE!! RARE COLLECTOR BOAT!! MUST SEE!!,24900,https://sandiego.craigslist.org/csd/boa/d/lemon-grove-boston-whaler-for-sale-rare/7939658825.html
2026-06-10,cl-7939838863,craigslist,29' flybridge & trailer - PROJECT BOAT,6000,https://sandiego.craigslist.org/csd/boa/d/garden-grove-29-flybridge-trailer/7939838863.html
2026-06-10,cl-7938882236,craigslist,29' Wellcraft & trailer - no engines,6000,https://sandiego.craigslist.org/csd/boa/d/garden-grove-29-wellcraft-trailer-no/7938882236.html
2026-06-10,cl-7915796499,craigslist,Seaswirl striper 2150 2 hrs on motor,6500,https://sandiego.craigslist.org/esd/boa/d/lemon-grove-seaswirl-striper-hrs-on/7915796499.html
2026-06-10,cl-7937641652,craigslist,2252 Cuddy cabin 96 Bayliner,9000,https://sandiego.craigslist.org/nsd/boa/d/oceanside-2252-cody-cabin-96-bayliner/7937641652.html
2026-06-10,cl-7937611302,craigslist,"21ft Boston Whaler Outrage Center Console, Ready to Fish",16000,https://sandiego.craigslist.org/nsd/boa/d/oceanside-21ft-boston-outrage-center/7937611302.html
2026-06-10,cl-7932748894,craigslist,25ft Chris craft lancer sport fisher,10000,https://sandiego.craigslist.org/nsd/boa/d/vista-25ft-chris-craft-lancer-sport/7932748894.html
2026-06-10,cl-7935040770,craigslist,2005 Seaswirl Striper 2101DC Anniversary edition,18899,https://sandiego.craigslist.org/esd/boa/d/lemon-grove-2005-seaswirl-striper/7935040770.html
2026-06-10,cl-7914162233,craigslist,2005 anniversary edition Seaswirl Striper 2101DC,18899,https://sandiego.craigslist.org/esd/boa/d/lemon-grove-2005-anniversary-edition/7914162233.html
2026-06-10,cl-7919306497,craigslist,Fish /Dive Boat,19800,https://sandiego.craigslist.org/ssd/boa/d/san-pedro-fish-dive-boat/7919306497.html
2026-06-10,cl-7937844636,craigslist,Boston Whaler,5000,https://sandiego.craigslist.org/csd/boa/d/ramona-boston-whaler/7937844636.html
2026-06-10,cl-7937515468,craigslist,1984 24' Bayliner Command Bridge,10000,https://sandiego.craigslist.org/nsd/boa/d/vista-bayliner-command-bridge/7937515468.html
2026-06-11,cl-7937269874,craigslist,2002 Striper Fishing boat,48000,https://sandiego.craigslist.org/ssd/boa/d/marina-del-rey-2002-striper-fishing-boat/7937269874.html
2026-06-11,cl-7937496660,craigslist,Skipjack,4500,https://sandiego.craigslist.org/esd/boa/d/alpine-skipjack/7937496660.html
2026-06-11,cl-7920668174,craigslist,Farallon 27 Whaleback Project,40000,https://sandiego.craigslist.org/csd/boa/d/san-diego-farallon-27-whaleback-project/7920668174.html
2026-06-11,cl-7939722168,craigslist,2009 Pursuit C 250 Center Console w/twin Yamaha F150,54900,https://sandiego.craigslist.org/csd/bod/d/san-diego-2009-pursuit-250-center/7939722168.html
2026-06-11,cl-7939658825,craigslist,BOSTON WHALER FOR SALE!! RARE COLLECTOR BOAT!! MUST SEE!!,24900,https://sandiego.craigslist.org/csd/boa/d/lemon-grove-boston-whaler-for-sale-rare/7939658825.html
2026-06-11,cl-7939659710,craigslist,1998 bayliner Trophy 26ft,14500,https://sandiego.craigslist.org/csd/boa/d/alpine-1998-bayliner-trophy-26ft/7939659710.html
2026-06-11,cl-7919105569,craigslist,1996 Bayliner Trophy 2352 Ready for El Nino Exotics This Year,29950,https://sandiego.craigslist.org/nsd/boa/d/oceanside-1996-bayliner-trophy-2352/7919105569.html
2026-06-11,cl-7938447370,craigslist,2001 Seaswirl Striper 2301,15900,https://sandiego.craigslist.org/esd/boa/d/jamul-2001-seaswirl-striper-2301/7938447370.html
2026-06-11,cl-7913591428,craigslist,Grady White,43500,https://sandiego.craigslist.org/esd/boa/d/jamul-grady-white/7913591428.html
2026-06-11,cl-7939512761,craigslist,1998 21' Boston Whaler Conquest,45000,https://sandiego.craigslist.org/csd/boa/d/san-diego-boston-whaler-conquest/7939512761.html
2026-06-11,cl-7939509504,craigslist,1988 Cabo 216 Fishing Boat,15500,https://sandiego.craigslist.org/esd/boa/d/el-cajon-1988-cabo-216-fishing-boat/7939509504.html
2026-06-11,cl-7938768022,craigslist,2001 Boston Whaler 21 Ventura w/Mercury 200hp Optimax & Trailer,24900,https://sandiego.craigslist.org/csd/boa/d/san-diego-2001-boston-whaler-21-ventura/7938768022.html
2026-06-11,cl-7939838863,craigslist,29' flybridge & trailer - PROJECT BOAT,6000,https://sandiego.craigslist.org/csd/boa/d/garden-grove-29-flybridge-trailer/7939838863.html
2026-06-11,cl-7938882236,craigslist,29' Wellcraft & trailer - no engines,6000,https://sandiego.craigslist.org/csd/boa/d/garden-grove-29-wellcraft-trailer-no/7938882236.html
2026-06-11,cl-7939410515,craigslist,2006 Sea Hunt Escape 220 Dual Console Four Stroke Fresh Water,29500,https://sandiego.craigslist.org/nsd/boa/d/vista-2006-sea-hunt-escape-220-dual/7939410515.html
2026-06-11,cl-7939245604,craigslist,2003 Seaswirl Striper 2601,33000,https://sandiego.craigslist.org/nsd/boa/d/carlsbad-2003-seaswirl-striper-2601/7939245604.html
2026-06-11,cl-7923943547,craigslist,1991 Mako 286 side console Diesels project TRADE,13000,https://sandiego.craigslist.org/ssd/boa/d/newport-beach-1991-mako-286-side/7923943547.html
2026-06-11,cl-7939123001,craigslist,2008 Hydra-Sports - Evinrude 250HP (Kevlar-Reinforced),26000,https://sandiego.craigslist.org/nsd/boa/d/oceanside-2008-hydra-sports-evinrude/7939123001.html
2026-06-11,cl-7938916074,craigslist,20' Scout 201 | Garmin GPS | T-Top | Excellent!,26000,https://sandiego.craigslist.org/ssd/boa/d/chula-vista-20-scout-201-garmin-gps-top/7938916074.html
2026-06-11,cl-7938732830,craigslist,Nautic Star Angler 211,32000,https://sandiego.craigslist.org/csd/boa/d/san-diego-nautic-star-angler-211/7938732830.html
2026-06-11,cl-7903547262,craigslist,2000 Kencraft Challenger with trailer and 150hp Yamaha outboard engine,29500,https://sandiego.craigslist.org/csd/boa/d/san-diego-2000-kencraft-challenger-with/7903547262.html
2026-06-11,cl-7938532151,craigslist,2006 Trophy Hardtop Diesel,35000,https://sandiego.craigslist.org/nsd/boa/d/carlsbad-2006-trophy-hardtop-diesel/7938532151.html
2026-06-11,cl-7932088532,craigslist,Rare Find! diesel 24' Skipjack Flybridge,17500,https://sandiego.craigslist.org/ssd/boa/d/san-diego-rare-find-diesel-24-skipjack/7932088532.html
2026-06-11,cl-7938265506,craigslist,1983 Grady White Sailfish,8000,https://sandiego.craigslist.org/nsd/boa/d/san-diego-1983-grady-white-sailfish/7938265506.html
2026-06-11,cl-7938225004,craigslist,wellcraft 26,20000,https://sandiego.craigslist.org/ssd/boa/d/chula-vista-wellcraft-26/7938225004.html
2026-06-11,cl-7917302247,craigslist,Seaswirl striper 2150 2 hrs on motor,6500,https://sandiego.craigslist.org/esd/boa/d/lemon-grove-seaswirl-striper-hrs-on/7917302247.html
2026-06-11,cl-7915796499,craigslist,Seaswirl striper 2150 2 hrs on motor,6500,https://sandiego.craigslist.org/esd/boa/d/lemon-grove-seaswirl-striper-hrs-on/7915796499.html
2026-06-11,cl-7915794915,craigslist,30 ft boat sportfisher no trailer included,5500,https://sandiego.craigslist.org/esd/boa/d/lemon-grove-30-ft-boat-sportfisher-no/7915794915.html
2026-06-11,cl-7937993268,craigslist,23' Sea Ox Walkaround Cuddy - Honda BF225 - Simrad - Price Reduced,17500,https://sandiego.craigslist.org/nsd/boa/d/oceanside-23-sea-ox-walkaround-cuddy/7937993268.html
2026-06-11,cl-7917355597,craigslist,Owens Concorde Sportfisher Twin Yanmar Diesel,11500,https://sandiego.craigslist.org/ssd/boa/d/chula-vista-owens-concorde-sportfisher/7917355597.html
2026-06-11,cl-7937641652,craigslist,2252 Cuddy cabin 96 Bayliner,9000,https://sandiego.craigslist.org/nsd/boa/d/oceanside-2252-cody-cabin-96-bayliner/7937641652.html
2026-06-11,cl-7937611302,craigslist,"21ft Boston Whaler Outrage Center Console, Ready to Fish",16000,https://sandiego.craigslist.org/nsd/boa/d/oceanside-21ft-boston-outrage-center/7937611302.html
2026-06-11,cl-7936710536,craigslist,1976 Skipjack 24 Open - Hardtop + Tower - MerCruiser 5.7 - Trailer,14500,https://sandiego.craigslist.org/csd/boa/d/san-diego-1976-skipjack-24-open-hardtop/7936710536.html
2026-06-11,cl-7937552374,craigslist,1971 Skipjack 24ft flybridge,11000,https://sandiego.craigslist.org/csd/boa/d/san-diego-1971-skipjack-24ft-flybridge/7937552374.html
2026-06-11,cl-7937373033,craigslist,Carolina Skiff Sea Chaser 2400 Offshore - Suzuki 250 HP,17000,https://sandiego.craigslist.org/csd/boa/d/san-diego-carolina-skiff-sea-chaser/7937373033.html
2026-06-11,cl-7932748894,craigslist,25ft Chris craft lancer sport fisher,10000,https://sandiego.craigslist.org/nsd/boa/d/vista-25ft-chris-craft-lancer-sport/7932748894.html
2026-06-11,cl-7937109931,craigslist,1999 Bayliner Trophy 22' Fishing Boat,13950,https://sandiego.craigslist.org/nsd/boa/d/fallbrook-1999-bayliner-trophy-22/7937109931.html
2026-06-11,cl-7937054364,craigslist,"24' Skipjack Open, 1982",13500,https://sandiego.craigslist.org/nsd/boa/d/costa-mesa-24-skipjack-open-1982/7937054364.html
2026-06-11,cl-7932293385,craigslist,2005 Seaswirl Striper 2101DC Anniversary edition,18899,https://sandiego.craigslist.org/esd/boa/d/lemon-grove-2005-seaswirl-striper/7932293385.html
2026-06-11,cl-7935040770,craigslist,2005 Seaswirl Striper 2101DC Anniversary edition,18899,https://sandiego.craigslist.org/esd/boa/d/lemon-grove-2005-seaswirl-striper/7935040770.html
2026-06-11,cl-7914162233,craigslist,2005 anniversary edition Seaswirl Striper 2101DC,18899,https://sandiego.craigslist.org/esd/boa/d/lemon-grove-2005-anniversary-edition/7914162233.html
2026-06-11,cl-7936951732,craigslist,2002 Stamas 250 Tarpon Runabout Sportfishing Boat,40000,https://sandiego.craigslist.org/ssd/boa/d/rialto-2002-stamas-250-tarpon-runabout/7936951732.html
2026-06-11,cl-7936827503,craigslist,2005 Edgewater 245cc Center Console,32000,https://sandiego.craigslist.org/nsd/boa/d/san-diego-2005-edgewater-245cc-center/7936827503.html
2026-06-11,cl-7919306497,craigslist,Fish /Dive Boat,19800,https://sandiego.craigslist.org/ssd/boa/d/san-pedro-fish-dive-boat/7919306497.html
2026-06-11,cl-7936651829,craigslist,Offshore Ready: 2011 Trophy Walkaround 4.3L V6,18000,https://sandiego.craigslist.org/ssd/boa/d/chula-vista-offshore-ready-2011-trophy/7936651829.html
2026-06-11,cl-7919895761,craigslist,"Sea Cat, Power Catamaran, 25ft, cuddy cabin",44999,https://sandiego.craigslist.org/ssd/boa/d/chula-vista-sea-cat-power-catamaran/7919895761.html
2026-06-11,cl-7932513684,craigslist,2000 21 foot seaswirl striper,23900,https://sandiego.craigslist.org/esd/boa/d/santee-foot-seaswirl-striper/7932513684.html
2026-06-11,cl-7916919568,craigslist,1977 Seacraft Potter built 23',30000,https://sandiego.craigslist.org/nsd/boa/d/vista-1977-seacraft-potter-built-23/7916919568.html
2026-06-11,cl-7918140522,craigslist,Thresher 22' Boat 2020 Mercury 200hp 4 Stroke OB,49000,https://sandiego.craigslist.org/ssd/boa/d/el-cajon-thresher-22-boat-2020-mercury/7918140522.html
2026-06-11,cl-7934905888,craigslist,27 Express Sportfisher,49500,https://sandiego.craigslist.org/csd/boa/d/san-diego-27-express-sportfisher/7934905888.html
2026-06-11,cl-7924193406,craigslist,26' Panga,22000,https://sandiego.craigslist.org/nsd/boa/d/valley-center-26-panga/7924193406.html
2026-06-11,cl-7933544197,craigslist,2000 Skipjack 262 Flybridge w/Yanmar 315hp diesel & Trailer,59900,https://sandiego.craigslist.org/csd/bod/d/san-diego-2000-skipjack-262-flybridge/7933544197.html
2026-06-11,cl-7935458497,craigslist,Grady White Flybridge Atlantic 260,21500,https://sandiego.craigslist.org/csd/boa/d/san-diego-grady-white-flybridge/7935458497.html
2026-06-11,cl-7914244706,craigslist,1979 28 Skipjack,19000,https://sandiego.craigslist.org/esd/boa/d/el-cajon-skipjack/7914244706.html
2026-06-11,cl-7937844636,craigslist,Boston Whaler,5000,https://sandiego.craigslist.org/csd/boa/d/ramona-boston-whaler/7937844636.html
2026-06-11,cl-7935450517,craigslist,"2022 Avid 21' Welded Alum. CC Bay Boat, Yamaha 150hp. w/LOW Hours",44900,https://sandiego.craigslist.org/nsd/bod/d/vista-2022-avid-21-welded-alum-cc-bay/7935450517.html
2026-06-11,cl-7937515468,craigslist,1984 24' Bayliner Command Bridge,10000,https://sandiego.craigslist.org/nsd/boa/d/vista-bayliner-command-bridge/7937515468.html
2026-06-11,cl-7936187924,craigslist,2005 Parker 2310 Boat For Sale,27500,https://sandiego.craigslist.org/csd/boa/d/san-diego-2005-parker-2310-boat-for-sale/7936187924.html
2026-06-11,cl-7938455505,craigslist,Wellcraft SCARAB Sport 302 center w cuddy,49500,https://sandiego.craigslist.org/ssd/boa/d/dana-point-wellcraft-scarab-sport-302/7938455505.html
2026-06-14,cl-7935458497,craigslist,Grady White Flybridge Atlantic 260,21500,https://sandiego.craigslist.org/csd/boa/d/san-diego-grady-white-flybridge/7935458497.html
2026-06-14,cl-7940287961,craigslist,1995 Skipjack 262 Flybridge Volvo Penta diesel MUST SEE,29500,https://sandiego.craigslist.org/ssd/boa/d/garden-grove-1995-skipjack-262/7940287961.html
2026-06-14,cl-7940754932,craigslist,Fishing boat,45000,https://sandiego.craigslist.org/csd/boa/d/vista-fishing-boat/7940754932.html
2026-06-14,cl-7926092781,craigslist,BAYLINER VR6 23' BOWRIDER 2022,39500,https://sandiego.craigslist.org/nsd/boa/d/oceanside-bayliner-vr6-23-bowrider/7926092781.html
2026-06-14,cl-7939410515,craigslist,2006 Sea Hunt Escape 220 Dual Console Four Stroke Fresh Water,29500,https://sandiego.craigslist.org/nsd/boa/d/vista-2006-sea-hunt-escape-220-dual/7939410515.html
2026-06-14,cl-7940649484,craigslist,1985 BLACKMAN BILLFISHER VOLVO DIESEL FISHING BOAT LOW HOURS,59000,https://sandiego.craigslist.org/nsd/boa/d/oceanside-1985-blackman-billfisher/7940649484.html
2026-06-14,cl-7917302247,craigslist,Seaswirl Striper 2150,6500,https://sandiego.craigslist.org/esd/boa/d/lemon-grove-seaswirl-striper-hrs-on/7917302247.html
2026-06-14,cl-7917305508,craigslist,Chris Craft Sea Hawk 22 ft,7500,https://sandiego.craigslist.org/esd/boa/d/lemon-grove-chris-craft-craft-sea-hawk/7917305508.html
2026-06-14,cl-7909399288,craigslist,2015 Monterey 264 FS 170 hrs Closed Cooling Bowrider,32900,https://sandiego.craigslist.org/nsd/boa/d/fallbrook-2015-monterey-264-fs-170-hrs/7909399288.html
2026-06-14,cl-7940636481,craigslist,1991 Grady-White Seafarer 22,14950,https://sandiego.craigslist.org/ssd/boa/d/coronado-1991-grady-white-seafarer-22/7940636481.html
2026-06-14,cl-7919105569,craigslist,1996 Bayliner Trophy 2352,27950,https://sandiego.craigslist.org/nsd/boa/d/oceanside-1996-bayliner-trophy-2352/7919105569.html
2026-06-14,cl-7939658825,craigslist,BOSTON WHALER FOR SALE!! RARE COLLECTOR BOAT!! MUST SEE,21900,https://sandiego.craigslist.org/csd/boa/d/lemon-grove-boston-whaler-for-sale-rare/7939658825.html
2026-06-14,cl-7934311772,craigslist,1979 Skipjack 24ft,11000,https://sandiego.craigslist.org/csd/boa/d/felton-1979-skipjack-24ft/7934311772.html
2026-06-14,cl-7940493699,craigslist,2001 WorldCat 266SC W/ 2018 Twin 300 HP,31995,https://sandiego.craigslist.org/nsd/bod/d/portland-2001-worldcat-266sc-2018-twin/7940493699.html
2026-06-14,cl-7938768022,craigslist,2001 Boston Whaler 21 Ventura w/Mercury 200hp Optimax & Trailer,24900,https://sandiego.craigslist.org/csd/boa/d/san-diego-2001-boston-whaler-21-ventura/7938768022.html
2026-06-14,cl-7938447370,craigslist,2001 Seaswirl Striper 2301,15900,https://sandiego.craigslist.org/esd/boa/d/jamul-2001-seaswirl-striper-2301/7938447370.html
2026-06-14,cl-7913591428,craigslist,Grady White,43500,https://sandiego.craigslist.org/esd/boa/d/jamul-grady-white/7913591428.html
2026-06-14,cl-7937269874,craigslist,2002 Striper Fishing boat,48000,https://sandiego.craigslist.org/ssd/boa/d/marina-del-rey-2002-striper-fishing-boat/7937269874.html
2026-06-14,cl-7940247322,craigslist,"1997 Parker 23' 10"" Cuddy Cabin – Offshore Fishing Boat",38500,https://sandiego.craigslist.org/csd/boa/d/el-cajon-1997-parker-cuddy-cabin/7940247322.html
2026-06-14,cl-7924314966,craigslist,23ft Trophy boat,25500,https://sandiego.craigslist.org/csd/boa/d/los-osos-23ft-trophy-boat/7924314966.html
2026-06-14,cl-7940187215,craigslist,2000 Bayliner 2855 Ciera,39900,https://sandiego.craigslist.org/csd/boa/d/san-diego-2000-bayliner-2855-ciera/7940187215.html
2026-06-14,cl-7923943547,craigslist,1991 Mako 286 Side Console Diesels,13000,https://sandiego.craigslist.org/ssd/boa/d/newport-beach-1991-mako-286-side/7923943547.html
2026-06-14,cl-7940071365,craigslist,2005 Trophy 195 Walk Around Cuddy Cab,13800,https://sandiego.craigslist.org/nsd/boa/d/corona-2005-trophy-1952walk-around/7940071365.html
2026-06-14,cl-7939904314,craigslist,1999 Bayliner 3388 Command Flybridge Motoryacht,45000,https://sandiego.craigslist.org/csd/bod/d/chula-vista-1999-bayliner-3388-command/7939904314.html
2026-06-14,cl-7939722168,craigslist,2009 Pursuit C 250 Center Console w/twin Yamaha F150,54900,https://sandiego.craigslist.org/csd/bod/d/san-diego-2009-pursuit-250-center/7939722168.html
2026-06-14,cl-7939659710,craigslist,1998 Bayliner Trophy 26ft,14500,https://sandiego.craigslist.org/csd/boa/d/alpine-1998-bayliner-trophy-26ft/7939659710.html
2026-06-14,cl-7939659221,craigslist,1995 Bayliner 23ft,7200,https://sandiego.craigslist.org/csd/boa/d/san-diego-1995-bayliner-23ft/7939659221.html
2026-06-14,cl-7939245604,craigslist,2003 Seaswirl Striper 2601,33000,https://sandiego.craigslist.org/nsd/boa/d/carlsbad-2003-seaswirl-striper-2601/7939245604.html
2026-06-14,cl-7939123001,craigslist,2008 Hydra-Sports Evinrude 250HP (Kevlar-Reinforced),26000,https://sandiego.craigslist.org/nsd/boa/d/oceanside-2008-hydra-sports-evinrude/7939123001.html
2026-06-14,cl-7938916074,craigslist,20' Scout 201 Garmin GPS T-Top Inshore Bay,26000,https://sandiego.craigslist.org/ssd/boa/d/chula-vista-20-scout-201-garmin-gps-top/7938916074.html
2026-06-14,cl-7938813368,craigslist,Sports fishing tuna boat with outriggers,30000,https://sandiego.craigslist.org/ssd/boa/d/vancouver-sports-fishing-tuna-boat-with/7938813368.html
2026-06-14,cl-7938732830,craigslist,Nautic Star Angler 211,32000,https://sandiego.craigslist.org/csd/boa/d/san-diego-nautic-star-angler-211/7938732830.html
2026-06-14,cl-7938691311,craigslist,30ft Sea Ray Sundancer Cruiser w/ Generator,31000,https://sandiego.craigslist.org/csd/boa/d/san-diego-30ft-sea-ray-sundancer/7938691311.html
2026-06-14,cl-7938532151,craigslist,2006 Trophy Hardtop Diesel,35000,https://sandiego.craigslist.org/nsd/boa/d/carlsbad-2006-trophy-hardtop-diesel/7938532151.html
2026-06-14,cl-7938455505,craigslist,Wellcraft SCARAB Sport 302 Center w Cuddy,49500,https://sandiego.craigslist.org/ssd/boa/d/dana-point-wellcraft-scarab-sport-302/7938455505.html
2026-06-14,cl-7932088532,craigslist,Rare Find! Diesel 24' Skipjack Flybridge,17500,https://sandiego.craigslist.org/ssd/boa/d/san-diego-rare-find-diesel-24-skipjack/7932088532.html
2026-06-14,cl-7937993268,craigslist,23' Sea Ox Walkaround Cuddy - Honda BF225 - Simrad - Price Reduced,17500,https://sandiego.craigslist.org/nsd/boa/d/oceanside-23-sea-ox-walkaround-cuddy/7937993268.html
2026-06-14,cl-7937373033,craigslist,Carolina Skiff Sea Chaser 2400 Offshore - Suzuki 250 HP,17000,https://sandiego.craigslist.org/csd/boa/d/san-diego-carolina-skiff-sea-chaser/7937373033.html
2026-06-14,cl-7932748894,craigslist,25ft Chris Craft Lancer Sport Fisher,10000,https://sandiego.craigslist.org/nsd/boa/d/vista-25ft-chris-craft-lancer-sport/7932748894.html
2026-06-14,cl-7937054364,craigslist,1982 24' Skipjack Open,13500,https://sandiego.craigslist.org/nsd/boa/d/costa-mesa-24-skipjack-open-1982/7937054364.html
2026-06-14,cl-7932293385,craigslist,2005 Seaswirl Striper 2101DC Anniversary Edition,18899,https://sandiego.craigslist.org/esd/boa/d/lemon-grove-2005-seaswirl-striper/7932293385.html
2026-06-14,cl-7936952521,craigslist,"1991 Cruisers 2870 Rogue - Twin I/O, Low Hrs, Drives Rebuilt 2023",17955,https://sandiego.craigslist.org/csd/boa/d/el-cajon-1991-cruisers-2870-rogue-twin/7936952521.html
2026-06-14,cl-7936951732,craigslist,2002 Stamas 250 Tarpon Runabout Sportfishing Boat,40000,https://sandiego.craigslist.org/ssd/boa/d/rialto-2002-stamas-250-tarpon-runabout/7936951732.html
2026-06-14,cl-7936827503,craigslist,2005 Edgewater 245CC Center Console,32000,https://sandiego.craigslist.org/nsd/boa/d/san-diego-2005-edgewater-245cc-center/7936827503.html
2026-06-14,cl-7936651829,craigslist,2011 Trophy Walkaround 4.3L V6,18000,https://sandiego.craigslist.org/ssd/boa/d/chula-vista-offshore-ready-2011-trophy/7936651829.html
2026-06-14,cl-7936187924,craigslist,2005 Parker 2310 Boat,27500,https://sandiego.craigslist.org/csd/boa/d/san-diego-2005-parker-2310-boat-for-sale/7936187924.html
2026-06-14,cl-7931797891,craigslist,Fast Boat 700hp 28ft,15900,https://sandiego.craigslist.org/nsd/boa/d/carlsbad-fast-boat-700hp-28ft/7931797891.html
2026-06-14,cl-7935509667,craigslist,2001 Bayliner 2655,25000,https://sandiego.craigslist.org/esd/boa/d/santee-2001-bayliner-2655/7935509667.html
2026-06-14,cl-7932513684,craigslist,2000 21 Foot Seaswirl Striper,23900,https://sandiego.craigslist.org/esd/boa/d/santee-foot-seaswirl-striper/7932513684.html
2026-06-14,cl-7935106216,craigslist,2001 Century 21 Coronado Hardtop Classic Boat,29900,https://sandiego.craigslist.org/csd/bod/d/san-diego-2001-century-21-coronado/7935106216.html
2026-06-14,cl-7918140522,craigslist,2020 Thresher 22' Boat Mercury 200hp 4 Stroke OB,49000,https://sandiego.craigslist.org/ssd/boa/d/el-cajon-thresher-22-boat-2020-mercury/7918140522.html
2026-06-14,cl-7934905888,craigslist,27 Express Sportfisher,49500,https://sandiego.craigslist.org/csd/boa/d/san-diego-27-express-sportfisher/7934905888.html
2026-06-14,cl-7924193406,craigslist,26' Panga,22000,https://sandiego.craigslist.org/nsd/boa/d/valley-center-26-panga/7924193406.html
2026-06-14,cl-7903547262,craigslist,2000 Kencraft Challenger with trailer and 150hp Yamaha outboard engine,29500,https://sandiego.craigslist.org/csd/boa/d/san-diego-2000-kencraft-challenger-with/7903547262.html
2026-06-14,cl-7937496660,craigslist,Skipjack,4500,https://sandiego.craigslist.org/esd/boa/d/alpine-skipjack/7937496660.html
2026-06-14,cl-7920668174,craigslist,Farallon 27 Whaleback Project,40000,https://sandiego.craigslist.org/csd/boa/d/san-diego-farallon-27-whaleback-project/7920668174.html
2026-06-14,cl-7939512761,craigslist,1998 21' Boston Whaler Conquest,45000,https://sandiego.craigslist.org/csd/boa/d/san-diego-boston-whaler-conquest/7939512761.html
2026-06-14,cl-7939509504,craigslist,1988 Cabo 216 Fishing Boat,15500,https://sandiego.craigslist.org/esd/boa/d/el-cajon-1988-cabo-216-fishing-boat/7939509504.html
2026-06-14,cl-7933834174,craigslist,"1991 Century 20ft , FRESH WATER LAKE ARROWHEAD BOAT",7000,https://sandiego.craigslist.org/csd/boa/d/san-diego-1991-century-20ft-fresh-water/7933834174.html
2026-06-14,cl-7938265506,craigslist,1983 Grady White Sailfish,8000,https://sandiego.craigslist.org/nsd/boa/d/san-diego-1983-grady-white-sailfish/7938265506.html
2026-06-14,cl-7938225004,craigslist,wellcraft 26,20000,https://sandiego.craigslist.org/ssd/boa/d/chula-vista-wellcraft-26/7938225004.html
2026-06-14,cl-7915796499,craigslist,Seaswirl striper 2150 2 hrs on motor read complete ad first,6500,https://sandiego.craigslist.org/esd/boa/d/lemon-grove-seaswirl-striper-hrs-on/7915796499.html
2026-06-14,cl-7915794915,craigslist,30 ft boat sportfisher no trailer included,5500,https://sandiego.craigslist.org/esd/boa/d/lemon-grove-30-ft-boat-sportfisher-no/7915794915.html
2026-06-14,cl-7937611302,craigslist,"21ft Boston Outrage Center Console, Ready to Fish",16000,https://sandiego.craigslist.org/nsd/boa/d/oceanside-21ft-boston-outrage-center/7937611302.html
2026-06-14,cl-7937288933,craigslist,2004 BAYLINER 2352 HARDTOP WALKAROUND,11000,https://sandiego.craigslist.org/csd/boa/d/oklahoma-city-2004-bayliner-2352/7937288933.html
2026-06-14,cl-7937109931,craigslist,1999 Bayliner Trophy 22' Fishing Boat,13950,https://sandiego.craigslist.org/nsd/boa/d/fallbrook-1999-bayliner-trophy-22/7937109931.html
2026-06-14,cl-7935040770,craigslist,2005 Seaswirl Striper 2101DC Anniversary edition,18899,https://sandiego.craigslist.org/esd/boa/d/lemon-grove-2005-seaswirl-striper/7935040770.html
2026-06-14,cl-7914162233,craigslist,2005 anniversary edition Seaswirl Striper 2101DC,18899,https://sandiego.craigslist.org/esd/boa/d/lemon-grove-2005-anniversary-edition/7914162233.html
2026-06-14,cl-7919306497,craigslist,Fish /Dive Boat,19800,https://sandiego.craigslist.org/ssd/boa/d/san-pedro-fish-dive-boat/7919306497.html
2026-06-14,cl-7935450517,craigslist,"2022 Avid 21' Welded Alum. CC Bay Boat, Yamaha 150hp. w/LOW Hours",44900,https://sandiego.craigslist.org/nsd/bod/d/vista-2022-avid-21-welded-alum-cc-bay/7935450517.html
2026-06-14,cl-7914244706,craigslist,1979 28 Skipjack,19000,https://sandiego.craigslist.org/esd/boa/d/el-cajon-skipjack/7914244706.html
2026-06-14,cl-7919895761,craigslist,"Sea Cat, Power Catamaran, 25ft, cuddy cabin",44999,https://sandiego.craigslist.org/ssd/boa/d/chula-vista-sea-cat-power-catamaran/7919895761.html
2026-06-14,cl-7916919568,craigslist,1977 Seacraft Potter built 23',30000,https://sandiego.craigslist.org/nsd/boa/d/vista-1977-seacraft-potter-built-23/7916919568.html
2026-06-14,cl-7933544197,craigslist,2000 Skipjack 262 Flybridge w/Yanmar 315hp diesel & Trailer,59900,https://sandiego.craigslist.org/csd/bod/d/san-diego-2000-skipjack-262-flybridge/7933544197.html
2026-06-14,cl-7917355597,craigslist,Owens Concorde Sportfisher Twin Yanmar Diesel,11500,https://sandiego.craigslist.org/ssd/boa/d/chula-vista-owens-concorde-sportfisher/7917355597.html
2026-06-14,cl-7937844636,craigslist,Boston Whaler,5000,https://sandiego.craigslist.org/csd/boa/d/ramona-boston-whaler/7937844636.html
2026-06-14,cl-7936710536,craigslist,1976 Skipjack 24 Open - Hardtop + Tower - MerCruiser 5.7 - Trailer,14500,https://sandiego.craigslist.org/csd/boa/d/san-diego-1976-skipjack-24-open-hardtop/7936710536.html
2026-06-14,cl-7937552374,craigslist,1971 Skipjack 24ft flybridge,11000,https://sandiego.craigslist.org/csd/boa/d/san-diego-1971-skipjack-24ft-flybridge/7937552374.html
2026-06-14,cl-7938882236,craigslist,29' Wellcraft & trailer - no engines,6000,https://sandiego.craigslist.org/csd/boa/d/garden-grove-29-wellcraft-trailer-no/7938882236.html
2026-06-14,cl-7939838863,craigslist,29' flybridge & trailer - PROJECT BOAT,6000,https://sandiego.craigslist.org/csd/boa/d/garden-grove-29-flybridge-trailer/7939838863.html
2026-06-14,cl-7937641652,craigslist,2252 Cuddy cabin 96 Bayliner,9000,https://sandiego.craigslist.org/nsd/boa/d/oceanside-2252-cody-cabin-96-bayliner/7937641652.html
2026-06-16,cl-7937269874,craigslist,2002 Striper Fishing boat,48000,https://sandiego.craigslist.org/ssd/boa/d/marina-del-rey-2002-striper-fishing-boat/7937269874.html
2026-06-16,cl-7937496660,craigslist,Skipjack,4500,https://sandiego.craigslist.org/esd/boa/d/alpine-skipjack/7937496660.html
2026-06-16,cl-7920668174,craigslist,Farallon 27 Whaleback Project,40000,https://sandiego.craigslist.org/csd/boa/d/san-diego-farallon-27-whaleback-project/7920668174.html
2026-06-16,cl-7939722168,craigslist,2009 Pursuit C 250 Center Console w/twin Yamaha F150,54900,https://sandiego.craigslist.org/csd/bod/d/san-diego-2009-pursuit-250-center/7939722168.html
2026-06-16,cl-7939658825,craigslist,BOSTON WHALER FOR SALE!! RARE COLLECTOR BOAT!! MUST SEE!!,24900,https://sandiego.craigslist.org/csd/boa/d/lemon-grove-boston-whaler-for-sale-rare/7939658825.html
2026-06-16,cl-7939659710,craigslist,1998 bayliner Trophy 26ft,14500,https://sandiego.craigslist.org/csd/boa/d/alpine-1998-bayliner-trophy-26ft/7939659710.html
2026-06-16,cl-7919105569,craigslist,1996 Bayliner Trophy 2352 Ready for El Nino Exotics This Year,29950,https://sandiego.craigslist.org/nsd/boa/d/oceanside-1996-bayliner-trophy-2352/7919105569.html
2026-06-16,cl-7938447370,craigslist,2001 Seaswirl Striper 2301,15900,https://sandiego.craigslist.org/esd/boa/d/jamul-2001-seaswirl-striper-2301/7938447370.html
2026-06-16,cl-7913591428,craigslist,Grady White,43500,https://sandiego.craigslist.org/esd/boa/d/jamul-grady-white/7913591428.html
2026-06-16,cl-7939512761,craigslist,1998 21' Boston Whaler Conquest,45000,https://sandiego.craigslist.org/csd/boa/d/san-diego-boston-whaler-conquest/7939512761.html
2026-06-16,cl-7939509504,craigslist,1988 Cabo 216 Fishing Boat,15500,https://sandiego.craigslist.org/esd/boa/d/el-cajon-1988-cabo-216-fishing-boat/7939509504.html
2026-06-16,cl-7938768022,craigslist,2001 Boston Whaler 21 Ventura w/Mercury 200hp Optimax & Trailer,24900,https://sandiego.craigslist.org/csd/boa/d/san-diego-2001-boston-whaler-21-ventura/7938768022.html
2026-06-16,cl-7938882236,craigslist,29' Wellcraft & trailer - no engines,6000,https://sandiego.craigslist.org/csd/boa/d/garden-grove-29-wellcraft-trailer-no/7938882236.html
2026-06-16,cl-7939410515,craigslist,2006 Sea Hunt Escape 220 Dual Console Four Stroke Fresh Water,29500,https://sandiego.craigslist.org/nsd/boa/d/vista-2006-sea-hunt-escape-220-dual/7939410515.html
2026-06-16,cl-7939245604,craigslist,2003 Seaswirl Striper 2601,33000,https://sandiego.craigslist.org/nsd/boa/d/carlsbad-2003-seaswirl-striper-2601/7939245604.html
2026-06-16,cl-7923943547,craigslist,1991 Mako 286 side console Diesels project TRADE,13000,https://sandiego.craigslist.org/ssd/boa/d/newport-beach-1991-mako-286-side/7923943547.html
2026-06-16,cl-7939123001,craigslist,2008 Hydra-Sports Evinrude 250HP (Kevlar-Reinforced),26000,https://sandiego.craigslist.org/nsd/boa/d/oceanside-2008-hydra-sports-evinrude/7939123001.html
2026-06-16,cl-7938916074,craigslist,20' Scout 201 Garmin GPS T-Top Excellent Inshore Bay,26000,https://sandiego.craigslist.org/ssd/boa/d/chula-vista-20-scout-201-garmin-gps-top/7938916074.html
2026-06-16,cl-7938732830,craigslist,Nautic Star Angler 211,32000,https://sandiego.craigslist.org/csd/boa/d/san-diego-nautic-star-angler-211/7938732830.html
2026-06-16,cl-7938532151,craigslist,2006 Trophy Hardtop Diesel,35000,https://sandiego.craigslist.org/nsd/boa/d/carlsbad-2006-trophy-hardtop-diesel/7938532151.html
2026-06-16,cl-7938455505,craigslist,Wellcraft SCARAB Sport 302 center w cuddy,49500,https://sandiego.craigslist.org/ssd/boa/d/dana-point-wellcraft-scarab-sport-302/7938455505.html
2026-06-16,cl-7932088532,craigslist,Rare Find! diesel 24' Skipjack Flybridge,17500,https://sandiego.craigslist.org/ssd/boa/d/san-diego-rare-find-diesel-24-skipjack/7932088532.html
2026-06-16,cl-7938265506,craigslist,1983 Grady White Sailfish,8000,https://sandiego.craigslist.org/nsd/boa/d/san-diego-1983-grady-white-sailfish/7938265506.html
2026-06-16,cl-7938225004,craigslist,wellcraft 26,20000,https://sandiego.craigslist.org/ssd/boa/d/chula-vista-wellcraft-26/7938225004.html
2026-06-16,cl-7917302247,craigslist,Seaswirl striper 2150 2 hrs on motor read complete ad first,6500,https://sandiego.craigslist.org/esd/boa/d/lemon-grove-seaswirl-striper-hrs-on/7917302247.html
2026-06-16,cl-7915796499,craigslist,Seaswirl striper 2150 2 hrs on motor read complete ad first,6500,https://sandiego.craigslist.org/esd/boa/d/lemon-grove-seaswirl-striper-hrs-on/7915796499.html
2026-06-16,cl-7915794915,craigslist,30 ft boat sportfisher no trailer included,5500,https://sandiego.craigslist.org/esd/boa/d/lemon-grove-30-ft-boat-sportfisher-no/7915794915.html
2026-06-16,cl-7937993268,craigslist,23' Sea Ox Walkaround Cuddy - Honda BF225 - Simrad - Price Reduced,17500,https://sandiego.craigslist.org/nsd/boa/d/oceanside-23-sea-ox-walkaround-cuddy/7937993268.html
2026-06-16,cl-7917355597,craigslist,Owens Concorde Sportfisher Twin Yanmar Diesel,11500,https://sandiego.craigslist.org/ssd/boa/d/chula-vista-owens-concorde-sportfisher/7917355597.html
2026-06-16,cl-7937611302,craigslist,"21ft Boston Outrage Center Console, Ready to Fish",16000,https://sandiego.craigslist.org/nsd/boa/d/oceanside-21ft-boston-outrage-center/7937611302.html
2026-06-16,cl-7936710536,craigslist,1976 Skipjack 24 Open - Hardtop + Tower - MerCruiser 5.7 - Trailer,14500,https://sandiego.craigslist.org/csd/boa/d/san-diego-1976-skipjack-24-open-hardtop/7936710536.html
2026-06-16,cl-7937552374,craigslist,1971 Skipjack 24ft flybridge,11000,https://sandiego.craigslist.org/csd/boa/d/san-diego-1971-skipjack-24ft-flybridge/7937552374.html
2026-06-16,cl-7937373033,craigslist,Carolina Skiff Sea Chaser 2400 Offshore - Suzuki 250 HP,17000,https://sandiego.craigslist.org/csd/boa/d/san-diego-carolina-skiff-sea-chaser/7937373033.html
2026-06-16,cl-7937288933,craigslist,2004 BAYLINER 2352 HARDTOP WALKAROUND,11000,https://sandiego.craigslist.org/csd/boa/d/oklahoma-city-2004-bayliner-2352/7937288933.html
2026-06-16,cl-7937109931,craigslist,1999 Bayliner Trophy 22' Fishing Boat,13950,https://sandiego.craigslist.org/nsd/boa/d/fallbrook-1999-bayliner-trophy-22/7937109931.html
2026-06-16,cl-7937054364,craigslist,"24' Skipjack Open, 1982",13500,https://sandiego.craigslist.org/nsd/boa/d/costa-mesa-24-skipjack-open-1982/7937054364.html
2026-06-16,cl-7932293385,craigslist,2005 Seaswirl Striper 2101DC Anniversary edition,18899,https://sandiego.craigslist.org/esd/boa/d/lemon-grove-2005-seaswirl-striper/7932293385.html
2026-06-16,cl-7935040770,craigslist,2005 Seaswirl Striper 2101DC Anniversary edition,18899,https://sandiego.craigslist.org/esd/boa/d/lemon-grove-2005-seaswirl-striper/7935040770.html
2026-06-16,cl-7914162233,craigslist,2005 anniversary edition Seaswirl Striper 2101DC,18899,https://sandiego.craigslist.org/esd/boa/d/lemon-grove-2005-anniversary-edition/7914162233.html
2026-06-16,cl-7936951732,craigslist,2002 Stamas 250 Tarpon Runabout Sportfishing Boat,40000,https://sandiego.craigslist.org/ssd/boa/d/rialto-2002-stamas-250-tarpon-runabout/7936951732.html
2026-06-16,cl-7936827503,craigslist,2005 Edgewater 245cc Center Console,32000,https://sandiego.craigslist.org/nsd/boa/d/san-diego-2005-edgewater-245cc-center/7936827503.html
2026-06-16,cl-7936651829,craigslist,Offshore Ready: 2011 Trophy Walkaround 4.3L V6,18000,https://sandiego.craigslist.org/ssd/boa/d/chula-vista-offshore-ready-2011-trophy/7936651829.html
2026-06-16,cl-7936187924,craigslist,2005 Parker 2310 Boat For Sale,27500,https://sandiego.craigslist.org/csd/boa/d/san-diego-2005-parker-2310-boat-for-sale/7936187924.html
2026-06-16,cl-7914244706,craigslist,1979 28 Skipjack,19000,https://sandiego.craigslist.org/esd/boa/d/el-cajon-skipjack/7914244706.html
2026-06-16,cl-7935458497,craigslist,Grady White Flybridge Atlantic 260,21500,https://sandiego.craigslist.org/csd/boa/d/san-diego-grady-white-flybridge/7935458497.html
2026-06-16,cl-7935450517,craigslist,"2022 Avid 21' Welded Alum. CC Bay Boat, Yamaha 150hp w/LOW Hours",44900,https://sandiego.craigslist.org/nsd/bod/d/vista-2022-avid-21-welded-alum-cc-bay/7935450517.html
2026-06-16,cl-7919895761,craigslist,"Sea Cat, Power Catamaran, 25ft, cuddy cabin",44999,https://sandiego.craigslist.org/ssd/boa/d/chula-vista-sea-cat-power-catamaran/7919895761.html
2026-06-16,cl-7916919568,craigslist,1977 Seacraft Potter built 23',30000,https://sandiego.craigslist.org/nsd/boa/d/vista-1977-seacraft-potter-built-23/7916919568.html
2026-06-16,cl-7932513684,craigslist,2000 21 foot seaswirl striper,23900,https://sandiego.craigslist.org/esd/boa/d/santee-foot-seaswirl-striper/7932513684.html
2026-06-16,cl-7935106216,craigslist,2001 Century 21 Coronado Hardtop classic boat,29900,https://sandiego.craigslist.org/csd/bod/d/san-diego-2001-century-21-coronado/7935106216.html
2026-06-16,cl-7918140522,craigslist,Thresher 22' Boat 2020 Mercury 200hp 4 Stroke OB,49000,https://sandiego.craigslist.org/ssd/boa/d/el-cajon-thresher-22-boat-2020-mercury/7918140522.html
2026-06-16,cl-7934905888,craigslist,27 Express Sportfisher,49500,https://sandiego.craigslist.org/csd/boa/d/san-diego-27-express-sportfisher/7934905888.html
2026-06-16,cl-7924193406,craigslist,26' Panga,22000,https://sandiego.craigslist.org/nsd/boa/d/valley-center-26-panga/7924193406.html
2026-06-16,cl-7933544197,craigslist,2000 Skipjack 262 Flybridge w/Yanmar 315hp diesel & Trailer,59900,https://sandiego.craigslist.org/csd/bod/d/san-diego-2000-skipjack-262-flybridge/7933544197.html
2026-06-16,cl-7903547262,craigslist,2000 Kencraft Challenger with trailer and 150hp Yamaha outboard engine,29500,https://sandiego.craigslist.org/csd/boa/d/san-diego-2000-kencraft-challenger-with/7903547262.html
2026-06-16,cl-7939838863,craigslist,29' flybridge & trailer - PROJECT BOAT,6000,https://sandiego.craigslist.org/csd/boa/d/garden-grove-29-flybridge-trailer/7939838863.html
2026-06-16,cl-7937641652,craigslist,2252 Cuddy cabin 96 Bayliner,9000,https://sandiego.craigslist.org/nsd/boa/d/oceanside-2252-cody-cabin-96-bayliner/7937641652.html
2026-06-16,cl-7932748894,craigslist,25ft Chris craft lancer sport fisher,10000,https://sandiego.craigslist.org/nsd/boa/d/vista-25ft-chris-craft-lancer-sport/7932748894.html
2026-06-16,cl-7919306497,craigslist,Fish /Dive Boat,19800,https://sandiego.craigslist.org/ssd/boa/d/san-pedro-fish-dive-boat/7919306497.html
2026-06-16,cl-7937844636,craigslist,Boston Whaler,5000,https://sandiego.craigslist.org/csd/boa/d/ramona-boston-whaler/7937844636.html
2026-06-16,cl-7937515468,craigslist,1984 24' Bayliner Command Bridge,10000,https://sandiego.craigslist.org/nsd/boa/d/vista-bayliner-command-bridge/7937515468.html
2026-06-16,cl-7926092781,craigslist,BAYLINER VR6 23' BOWRIDER 2022,39500,https://sandiego.craigslist.org/nsd/boa/d/oceanside-bayliner-vr6-23-bowrider/7926092781.html
2026-06-16,cl-7917305508,craigslist,Chris Craft Sea Hawk 22 ft,7500,https://sandiego.craigslist.org/esd/boa/d/lemon-grove-chris-craft-craft-sea-hawk/7917305508.html
2026-06-16,cl-7909399288,craigslist,2015 Monterey 264 FS 170 hrs Closed Cooling Bowrider,32900,https://sandiego.craigslist.org/nsd/boa/d/fallbrook-2015-monterey-264-fs-170-hrs/7909399288.html
2026-06-16,cl-7934311772,craigslist,1979 Skipjack 24ft,11000,https://sandiego.craigslist.org/csd/boa/d/felton-1979-skipjack-24ft/7934311772.html
2026-06-16,cl-7924314966,craigslist,23ft Trophy boat,25500,https://sandiego.craigslist.org/csd/boa/d/los-osos-23ft-trophy-boat/7924314966.html
2026-06-16,cl-7939904314,craigslist,1999 Bayliner 3388 Command Flybridge Motoryacht,45000,https://sandiego.craigslist.org/csd/bod/d/chula-vista-1999-bayliner-3388-command/7939904314.html
2026-06-16,cl-7939659221,craigslist,1995 Bayliner 23ft,7200,https://sandiego.craigslist.org/csd/boa/d/san-diego-1995-bayliner-23ft/7939659221.html
2026-06-16,cl-7938813368,craigslist,"Sports fishing, tuna boat with outriggers",30000,https://sandiego.craigslist.org/ssd/boa/d/vancouver-sports-fishing-tuna-boat-with/7938813368.html
2026-06-16,cl-7938691311,craigslist,30ft Sea Ray Sundancer Cruiser w/ Generator,31000,https://sandiego.craigslist.org/csd/boa/d/san-diego-30ft-sea-ray-sundancer/7938691311.html
2026-06-16,cl-7936952521,craigslist,"1991 Cruisers 2870 Rogue - Twin I/O, Low Hrs, Drives Rebuilt 2023",17955,https://sandiego.craigslist.org/csd/boa/d/el-cajon-1991-cruisers-2870-rogue-twin/7936952521.html
2026-06-16,cl-7931797891,craigslist,Fast Boat 700hp 28ft,15900,https://sandiego.craigslist.org/nsd/boa/d/carlsbad-fast-boat-700hp-28ft/7931797891.html
2026-06-16,cl-7935509667,craigslist,2001 Bayliner 2655,25000,https://sandiego.craigslist.org/esd/boa/d/santee-2001-bayliner-2655/7935509667.html
2026-06-16,cl-7933834174,craigslist,"1991 Century 20ft , FRESH WATER LAKE ARROWHEAD BOAT",7000,https://sandiego.craigslist.org/csd/boa/d/san-diego-1991-century-20ft-fresh-water/7933834174.html
2026-06-17,cl-7937269874,craigslist,2002 Striper Fishing boat,48000,https://sandiego.craigslist.org/ssd/boa/d/marina-del-rey-2002-striper-fishing-boat/7937269874.html
2026-06-17,cl-7920668174,craigslist,Farallon 27 Whaleback Project,40000,https://sandiego.craigslist.org/csd/boa/d/san-diego-farallon-27-whaleback-project/7920668174.html
2026-06-17,cl-7939722168,craigslist,2009 Pursuit C 250 Center Console w/twin Yamaha F150,54900,https://sandiego.craigslist.org/csd/bod/d/san-diego-2009-pursuit-250-center/7939722168.html
2026-06-17,cl-7939659710,craigslist,1998 bayliner Trophy 26ft,14500,https://sandiego.craigslist.org/csd/boa/d/alpine-1998-bayliner-trophy-26ft/7939659710.html
2026-06-17,cl-7919105569,craigslist,1996 Bayliner Trophy 2352 Ready for El Nino Exotics This Year,29950,https://sandiego.craigslist.org/nsd/boa/d/oceanside-1996-bayliner-trophy-2352/7919105569.html
2026-06-17,cl-7938447370,craigslist,2001 Seaswirl Striper 2301,15900,https://sandiego.craigslist.org/esd/boa/d/jamul-2001-seaswirl-striper-2301/7938447370.html
2026-06-17,cl-7913591428,craigslist,Grady White,43500,https://sandiego.craigslist.org/esd/boa/d/jamul-grady-white/7913591428.html
2026-06-17,cl-7939512761,craigslist,1998 21' Boston Whaler Conquest,45000,https://sandiego.craigslist.org/csd/boa/d/san-diego-boston-whaler-conquest/7939512761.html
2026-06-17,cl-7938532151,craigslist,2006 Trophy Hardtop Diesel,35000,https://sandiego.craigslist.org/nsd/boa/d/carlsbad-2006-trophy-hardtop-diesel/7938532151.html
2026-06-17,cl-7939245604,craigslist,2003 Seaswirl Striper 2601,33000,https://sandiego.craigslist.org/nsd/boa/d/carlsbad-2003-seaswirl-striper-2601/7939245604.html
2026-06-17,cl-7923943547,craigslist,1991 Mako 286 side console Diesels project TRADE,13000,https://sandiego.craigslist.org/ssd/boa/d/newport-beach-1991-mako-286-side/7923943547.html
2026-06-17,cl-7937993268,craigslist,23' Sea Ox Walkaround Cuddy - Honda BF225 - Simrad - Price Reduced,17500,https://sandiego.craigslist.org/nsd/boa/d/oceanside-23-sea-ox-walkaround-cuddy/7937993268.html
2026-06-17,cl-7932088532,craigslist,Rare Find! diesel 24' Skipjack Flybridge,17500,https://sandiego.craigslist.org/ssd/boa/d/san-diego-rare-find-diesel-24-skipjack/7932088532.html
2026-06-17,cl-7936710536,craigslist,1976 Skipjack 24 Open - Hardtop + Tower - MerCruiser 5.7 - Trailer,14500,https://sandiego.craigslist.org/csd/boa/d/san-diego-1976-skipjack-24-open-hardtop/7936710536.html
2026-06-17,cl-7937552374,craigslist,1971 Skipjack 24ft flybridge,11000,https://sandiego.craigslist.org/csd/boa/d/san-diego-1971-skipjack-24ft-flybridge/7937552374.html
2026-06-17,cl-7937054364,craigslist,"24' Skipjack Open, 1982",13500,https://sandiego.craigslist.org/nsd/boa/d/costa-mesa-24-skipjack-open-1982/7937054364.html
2026-06-17,cl-7914244706,craigslist,1979 28 Skipjack,19000,https://sandiego.craigslist.org/esd/boa/d/el-cajon-skipjack/7914244706.html
2026-06-17,cl-7933544197,craigslist,2000 Skipjack 262 Flybridge w/Yanmar 315hp diesel & Trailer,59900,https://sandiego.craigslist.org/csd/bod/d/san-diego-2000-skipjack-262-flybridge/7933544197.html
2026-06-17,cl-7937109931,craigslist,1999 Bayliner Trophy 22' Fishing Boat,13950,https://sandiego.craigslist.org/nsd/boa/d/fallbrook-1999-bayliner-trophy-22/7937109931.html
2026-06-17,cl-7936651829,craigslist,Offshore Ready: 2011 Trophy Walkaround 4.3L V6,18000,https://sandiego.craigslist.org/ssd/boa/d/chula-vista-offshore-ready-2011-trophy/7936651829.html
2026-06-17,cl-7936951732,craigslist,2002 Stamas 250 Tarpon Runabout Sportfishing Boat,40000,https://sandiego.craigslist.org/ssd/boa/d/rialto-2002-stamas-250-tarpon-runabout/7936951732.html
2026-06-17,cl-7936827503,craigslist,2005 Edgewater 245cc Center Console,32000,https://sandiego.craigslist.org/nsd/boa/d/san-diego-2005-edgewater-245cc-center/7936827503.html
2026-06-17,cl-7936187924,craigslist,2005 Parker 2310 Boat For Sale,27500,https://sandiego.craigslist.org/csd/boa/d/san-diego-2005-parker-2310-boat-for-sale/7936187924.html
2026-06-17,cl-7918140522,craigslist,Thresher 22' Boat 2020 Mercury 200hp 4 Stroke OB,49000,https://sandiego.craigslist.org/ssd/boa/d/el-cajon-thresher-22-boat-2020-mercury/7918140522.html
2026-06-17,cl-7916919568,craigslist,1977 Seacraft Potter built 23',30000,https://sandiego.craigslist.org/nsd/boa/d/vista-1977-seacraft-potter-built-23/7916919568.html
2026-06-17,cl-7932513684,craigslist,2000 21 foot seaswirl striper,23900,https://sandiego.craigslist.org/esd/boa/d/santee-foot-seaswirl-striper/7932513684.html
2026-06-17,cl-7934905888,craigslist,27 Express Sportfisher,49500,https://sandiego.craigslist.org/csd/boa/d/san-diego-27-express-sportfisher/7934905888.html
2026-06-17,cl-7924193406,craigslist,26' Panga,22000,https://sandiego.craigslist.org/nsd/boa/d/valley-center-26-panga/7924193406.html
2026-06-17,cl-7903547262,craigslist,2000 Kencraft Challenger with trailer and 150hp Yamaha outboard engine,29500,https://sandiego.craigslist.org/csd/boa/d/san-diego-2000-kencraft-challenger-with/7903547262.html
2026-06-17,cl-7919895761,craigslist,"Sea Cat, Power Catamaran, 25ft, cuddy cabin",44999,https://sandiego.craigslist.org/ssd/boa/d/chula-vista-sea-cat-power-catamaran/7919895761.html
2026-06-17,cl-7937373033,craigslist,Carolina Skiff Sea Chaser 2400 Offshore - Suzuki 250 HP,17000,https://sandiego.craigslist.org/csd/boa/d/san-diego-carolina-skiff-sea-chaser/7937373033.html
2026-06-17,cl-7938225004,craigslist,wellcraft 26,20000,https://sandiego.craigslist.org/ssd/boa/d/chula-vista-wellcraft-26/7938225004.html
2026-06-17,cl-7917355597,craigslist,Owens Concorde Sportfisher Twin Yanmar Diesel,11500,https://sandiego.craigslist.org/ssd/boa/d/chula-vista-owens-concorde-sportfisher/7917355597.html
2026-06-17,cl-7915794915,craigslist,30 ft boat sportfisher no trailer included,5500,https://sandiego.craigslist.org/esd/boa/d/lemon-grove-30-ft-boat-sportfisher-no/7915794915.html
2026-06-17,cl-7935458497,craigslist,Grady White Flybridge Atlantic 260,21500,https://sandiego.craigslist.org/csd/boa/d/san-diego-grady-white-flybridge/7935458497.html
2026-06-17,cl-7938265506,craigslist,1983 Grady White Sailfish,8000,https://sandiego.craigslist.org/nsd/boa/d/san-diego-1983-grady-white-sailfish/7938265506.html
2026-06-17,cl-7939410515,craigslist,2006 Sea Hunt Escape 220 Dual Console Four Stroke Fresh Water,29500,https://sandiego.craigslist.org/nsd/boa/d/vista-2006-sea-hunt-escape-220-dual/7939410515.html
2026-06-17,cl-7917302247,craigslist,Seaswirl striper 2150 2 hrs on motor read complete ad first,6500,https://sandiego.craigslist.org/esd/boa/d/lemon-grove-seaswirl-striper-hrs-on/7917302247.html
2026-06-17,cl-7932293385,craigslist,2005 Seaswirl Striper 2101DC Anniversary edition,18899,https://sandiego.craigslist.org/esd/boa/d/lemon-grove-2005-seaswirl-striper/7932293385.html
2026-06-17,cl-7939509504,craigslist,1988 Cabo 216 Fishing Boat,15500,https://sandiego.craigslist.org/esd/boa/d/el-cajon-1988-cabo-216-fishing-boat/7939509504.html
2026-06-17,cl-7938732830,craigslist,Nautic Star Angler 211,32000,https://sandiego.craigslist.org/csd/boa/d/san-diego-nautic-star-angler-211/7938732830.html
2026-06-17,cl-7938916074,craigslist,20' Scout 201 Garmin GPS T-Top Excellent Inshore Bay,26000,https://sandiego.craigslist.org/ssd/boa/d/chula-vista-20-scout-201-garmin-gps-top/7938916074.html
2026-06-17,cl-7935450517,craigslist,"2022 Avid 21' Welded Alum. CC Bay Boat, Yamaha 150hp w/LOW Hours",44900,https://sandiego.craigslist.org/nsd/bod/d/vista-2022-avid-21-welded-alum-cc-bay/7935450517.html
2026-06-17,cl-7938768022,craigslist,2001 Boston Whaler 21 Ventura w/Mercury 200hp Optimax & Trailer,24900,https://sandiego.craigslist.org/csd/boa/d/san-diego-2001-boston-whaler-21-ventura/7938768022.html
2026-06-17,cl-7939123001,craigslist,2008 Hydra-Sports Evinrude 250HP (Kevlar-Reinforced),26000,https://sandiego.craigslist.org/nsd/boa/d/oceanside-2008-hydra-sports-evinrude/7939123001.html
2026-06-17,cl-7938455505,craigslist,Wellcraft SCARAB Sport 302 center w cuddy,49500,https://sandiego.craigslist.org/ssd/boa/d/dana-point-wellcraft-scarab-sport-302/7938455505.html
2026-06-17,cl-7937496660,craigslist,Skipjack,4500,https://sandiego.craigslist.org/esd/boa/d/alpine-skipjack/7937496660.html
2026-06-17,cl-7939658825,craigslist,BOSTON WHALER FOR SALE!! RARE COLLECTOR BOAT!! MUST SEE!!,24900,https://sandiego.craigslist.org/csd/boa/d/lemon-grove-boston-whaler-for-sale-rare/7939658825.html
2026-06-17,cl-7939838863,craigslist,29' flybridge & trailer - PROJECT BOAT,6000,https://sandiego.craigslist.org/csd/boa/d/garden-grove-29-flybridge-trailer/7939838863.html
2026-06-17,cl-7938882236,craigslist,29' Wellcraft & trailer - no engines,6000,https://sandiego.craigslist.org/csd/boa/d/garden-grove-29-wellcraft-trailer-no/7938882236.html
2026-06-17,cl-7915796499,craigslist,Seaswirl striper 2150 2 hrs on motor read complete ad first,6500,https://sandiego.craigslist.org/esd/boa/d/lemon-grove-seaswirl-striper-hrs-on/7915796499.html
2026-06-17,cl-7937641652,craigslist,2252 Cuddy cabin 96 Bayliner,9000,https://sandiego.craigslist.org/nsd/boa/d/oceanside-2252-cody-cabin-96-bayliner/7937641652.html
2026-06-17,cl-7937611302,craigslist,"21ft Boston Outrage Center Console, Ready to Fish",16000,https://sandiego.craigslist.org/nsd/boa/d/oceanside-21ft-boston-outrage-center/7937611302.html
2026-06-17,cl-7932748894,craigslist,25ft Chris craft lancer sport fisher,10000,https://sandiego.craigslist.org/nsd/boa/d/vista-25ft-chris-craft-lancer-sport/7932748894.html
2026-06-17,cl-7935040770,craigslist,2005 Seaswirl Striper 2101DC Anniversary edition,18899,https://sandiego.craigslist.org/esd/boa/d/lemon-grove-2005-seaswirl-striper/7935040770.html
2026-06-17,cl-7914162233,craigslist,2005 anniversary edition Seaswirl Striper 2101DC,18899,https://sandiego.craigslist.org/esd/boa/d/lemon-grove-2005-anniversary-edition/7914162233.html
2026-06-17,cl-7919306497,craigslist,Fish /Dive Boat,19800,https://sandiego.craigslist.org/ssd/boa/d/san-pedro-fish-dive-boat/7919306497.html
2026-06-17,cl-7937844636,craigslist,Boston Whaler,5000,https://sandiego.craigslist.org/csd/boa/d/ramona-boston-whaler/7937844636.html
2026-06-17,cl-7937515468,craigslist,1984 24' Bayliner Command Bridge,10000,https://sandiego.craigslist.org/nsd/boa/d/vista-bayliner-command-bridge/7937515468.html
2026-06-17,cl-7926092781,craigslist,BAYLINER VR6 23' BOWRIDER 2022,39500,https://sandiego.craigslist.org/nsd/boa/d/oceanside-bayliner-vr6-23-bowrider/7926092781.html
2026-06-17,cl-7917305508,craigslist,Chris Craft Sea Hawk 22 ft,7500,https://sandiego.craigslist.org/esd/boa/d/lemon-grove-chris-craft-craft-sea-hawk/7917305508.html
2026-06-17,cl-7909399288,craigslist,2015 Monterey 264 FS 170 hrs Closed Cooling Bowrider,32900,https://sandiego.craigslist.org/nsd/boa/d/fallbrook-2015-monterey-264-fs-170-hrs/7909399288.html
2026-06-17,cl-7934311772,craigslist,1979 Skipjack 24ft,11000,https://sandiego.craigslist.org/csd/boa/d/felton-1979-skipjack-24ft/7934311772.html
2026-06-17,cl-7924314966,craigslist,23ft Trophy boat,25500,https://sandiego.craigslist.org/csd/boa/d/los-osos-23ft-trophy-boat/7924314966.html
2026-06-17,cl-7939904314,craigslist,1999 Bayliner 3388 Command Flybridge Motoryacht,45000,https://sandiego.craigslist.org/csd/bod/d/chula-vista-1999-bayliner-3388-command/7939904314.html
2026-06-17,cl-7939659221,craigslist,1995 Bayliner 23ft,7200,https://sandiego.craigslist.org/csd/boa/d/san-diego-1995-bayliner-23ft/7939659221.html
2026-06-17,cl-7938813368,craigslist,"Sports fishing, tuna boat with outriggers",30000,https://sandiego.craigslist.org/ssd/boa/d/vancouver-sports-fishing-tuna-boat-with/7938813368.html
2026-06-17,cl-7938691311,craigslist,30ft Sea Ray Sundancer Cruiser w/ Generator,31000,https://sandiego.craigslist.org/csd/boa/d/san-diego-30ft-sea-ray-sundancer/7938691311.html
2026-06-17,cl-7936952521,craigslist,"1991 Cruisers 2870 Rogue - Twin I/O, Low Hrs, Drives Rebuilt 2023",17955,https://sandiego.craigslist.org/csd/boa/d/el-cajon-1991-cruisers-2870-rogue-twin/7936952521.html
2026-06-17,cl-7931797891,craigslist,Fast Boat 700hp 28ft,15900,https://sandiego.craigslist.org/nsd/boa/d/carlsbad-fast-boat-700hp-28ft/7931797891.html
2026-06-17,cl-7935509667,craigslist,2001 Bayliner 2655,25000,https://sandiego.craigslist.org/esd/boa/d/santee-2001-bayliner-2655/7935509667.html
2026-06-17,cl-7935106216,craigslist,2001 Century 21 Coronado Hardtop classic boat,29900,https://sandiego.craigslist.org/csd/bod/d/san-diego-2001-century-21-coronado/7935106216.html
2026-06-17,cl-7933834174,craigslist,"1991 Century 20ft , FRESH WATER LAKE ARROWHEAD BOAT",7000,https://sandiego.craigslist.org/csd/boa/d/san-diego-1991-century-20ft-fresh-water/7933834174.html
2026-06-17,cl-7937288933,craigslist,2004 BAYLINER 2352 HARDTOP WALKAROUND,11000,https://sandiego.craigslist.org/csd/boa/d/oklahoma-city-2004-bayliner-2352/7937288933.html
2026-07-07,cl-7937269874,craigslist,2002 Striper Fishing boat,48000,https://sandiego.craigslist.org/ssd/boa/d/marina-del-rey-2002-striper-fishing-boat/7937269874.html
2026-07-07,cl-7920668174,craigslist,Farallon 27 Whaleback Project,40000,https://sandiego.craigslist.org/csd/boa/d/san-diego-farallon-27-whaleback-project/7920668174.html
2026-07-07,cl-7939722168,craigslist,2009 Pursuit C 250 Center Console w/twin Yamaha F150,54900,https://sandiego.craigslist.org/csd/bod/d/san-diego-2009-pursuit-250-center/7939722168.html
2026-07-07,cl-7939659710,craigslist,1998 bayliner Trophy 26ft,14500,https://sandiego.craigslist.org/csd/boa/d/alpine-1998-bayliner-trophy-26ft/7939659710.html
2026-07-07,cl-7919105569,craigslist,1996 Bayliner Trophy 2352 Ready for El Nino Exotics This Year,29950,https://sandiego.craigslist.org/nsd/boa/d/oceanside-1996-bayliner-trophy-2352/7919105569.html
2026-07-07,cl-7938447370,craigslist,2001 Seaswirl Striper 2301,15900,https://sandiego.craigslist.org/esd/boa/d/jamul-2001-seaswirl-striper-2301/7938447370.html
2026-07-07,cl-7913591428,craigslist,Grady White,43500,https://sandiego.craigslist.org/esd/boa/d/jamul-grady-white/7913591428.html
2026-07-07,cl-7939512761,craigslist,1998 21' Boston Whaler Conquest,45000,https://sandiego.craigslist.org/csd/boa/d/san-diego-boston-whaler-conquest/7939512761.html
2026-07-07,cl-7938532151,craigslist,2006 Trophy Hardtop Diesel,35000,https://sandiego.craigslist.org/nsd/boa/d/carlsbad-2006-trophy-hardtop-diesel/7938532151.html
2026-07-07,cl-7939245604,craigslist,2003 Seaswirl Striper 2601,33000,https://sandiego.craigslist.org/nsd/boa/d/carlsbad-2003-seaswirl-striper-2601/7939245604.html
2026-07-07,cl-7923943547,craigslist,1991 Mako 286 side console Diesels project TRADE,13000,https://sandiego.craigslist.org/ssd/boa/d/newport-beach-1991-mako-286-side/7923943547.html
2026-07-07,cl-7937993268,craigslist,23' Sea Ox Walkaround Cuddy - Honda BF225 - Simrad - Price Reduced,17500,https://sandiego.craigslist.org/nsd/boa/d/oceanside-23-sea-ox-walkaround-cuddy/7937993268.html
2026-07-07,cl-7932088532,craigslist,Rare Find! diesel 24' Skipjack Flybridge,17500,https://sandiego.craigslist.org/ssd/boa/d/san-diego-rare-find-diesel-24-skipjack/7932088532.html
2026-07-07,cl-7936710536,craigslist,1976 Skipjack 24 Open - Hardtop + Tower - MerCruiser 5.7 - Trailer,14500,https://sandiego.craigslist.org/csd/boa/d/san-diego-1976-skipjack-24-open-hardtop/7936710536.html
2026-07-07,cl-7937552374,craigslist,1971 Skipjack 24ft flybridge,11000,https://sandiego.craigslist.org/csd/boa/d/san-diego-1971-skipjack-24ft-flybridge/7937552374.html
2026-07-07,cl-7937054364,craigslist,"24' Skipjack Open, 1982",13500,https://sandiego.craigslist.org/nsd/boa/d/costa-mesa-24-skipjack-open-1982/7937054364.html
2026-07-07,cl-7914244706,craigslist,1979 28 Skipjack,19000,https://sandiego.craigslist.org/esd/boa/d/el-cajon-skipjack/7914244706.html
2026-07-07,cl-7933544197,craigslist,2000 Skipjack 262 Flybridge w/Yanmar 315hp diesel & Trailer,59900,https://sandiego.craigslist.org/csd/bod/d/san-diego-2000-skipjack-262-flybridge/7933544197.html
2026-07-07,cl-7937109931,craigslist,1999 Bayliner Trophy 22' Fishing Boat,13950,https://sandiego.craigslist.org/nsd/boa/d/fallbrook-1999-bayliner-trophy-22/7937109931.html
2026-07-07,cl-7936651829,craigslist,Offshore Ready: 2011 Trophy Walkaround 4.3L V6,18000,https://sandiego.craigslist.org/ssd/boa/d/chula-vista-offshore-ready-2011-trophy/7936651829.html
2026-07-07,cl-7936951732,craigslist,2002 Stamas 250 Tarpon Runabout Sportfishing Boat,40000,https://sandiego.craigslist.org/ssd/boa/d/rialto-2002-stamas-250-tarpon-runabout/7936951732.html
2026-07-07,cl-7936827503,craigslist,2005 Edgewater 245cc Center Console,32000,https://sandiego.craigslist.org/nsd/boa/d/san-diego-2005-edgewater-245cc-center/7936827503.html
2026-07-07,cl-7936187924,craigslist,2005 Parker 2310 Boat For Sale,27500,https://sandiego.craigslist.org/csd/boa/d/san-diego-2005-parker-2310-boat-for-sale/7936187924.html
2026-07-07,cl-7918140522,craigslist,Thresher 22' Boat 2020 Mercury 200hp 4 Stroke OB,49000,https://sandiego.craigslist.org/ssd/boa/d/el-cajon-thresher-22-boat-2020-mercury/7918140522.html
2026-07-07,cl-7916919568,craigslist,1977 Seacraft Potter built 23',30000,https://sandiego.craigslist.org/nsd/boa/d/vista-1977-seacraft-potter-built-23/7916919568.html
2026-07-07,cl-7932513684,craigslist,2000 21 foot seaswirl striper,23900,https://sandiego.craigslist.org/esd/boa/d/santee-foot-seaswirl-striper/7932513684.html
2026-07-07,cl-7934905888,craigslist,27 Express Sportfisher,49500,https://sandiego.craigslist.org/csd/boa/d/san-diego-27-express-sportfisher/7934905888.html
2026-07-07,cl-7924193406,craigslist,26' Panga,22000,https://sandiego.craigslist.org/nsd/boa/d/valley-center-26-panga/7924193406.html
2026-07-07,cl-7903547262,craigslist,2000 Kencraft Challenger with trailer and 150hp Yamaha outboard engine,29500,https://sandiego.craigslist.org/csd/boa/d/san-diego-2000-kencraft-challenger-with/7903547262.html
2026-07-07,cl-7919895761,craigslist,"Sea Cat, Power Catamaran, 25ft, cuddy cabin",44999,https://sandiego.craigslist.org/ssd/boa/d/chula-vista-sea-cat-power-catamaran/7919895761.html
2026-07-07,cl-7937373033,craigslist,Carolina Skiff Sea Chaser 2400 Offshore - Suzuki 250 HP,17000,https://sandiego.craigslist.org/csd/boa/d/san-diego-carolina-skiff-sea-chaser/7937373033.html
2026-07-07,cl-7938225004,craigslist,wellcraft 26,20000,https://sandiego.craigslist.org/ssd/boa/d/chula-vista-wellcraft-26/7938225004.html
2026-07-07,cl-7917355597,craigslist,Owens Concorde Sportfisher Twin Yanmar Diesel,11500,https://sandiego.craigslist.org/ssd/boa/d/chula-vista-owens-concorde-sportfisher/7917355597.html
2026-07-07,cl-7915794915,craigslist,30 ft boat sportfisher no trailer included,5500,https://sandiego.craigslist.org/esd/boa/d/lemon-grove-30-ft-boat-sportfisher-no/7915794915.html
2026-07-07,cl-7935458497,craigslist,Grady White Flybridge Atlantic 260,21500,https://sandiego.craigslist.org/csd/boa/d/san-diego-grady-white-flybridge/7935458497.html
2026-07-07,cl-7938265506,craigslist,1983 Grady White Sailfish,8000,https://sandiego.craigslist.org/nsd/boa/d/san-diego-1983-grady-white-sailfish/7938265506.html
2026-07-07,cl-7939410515,craigslist,2006 Sea Hunt Escape 220 Dual Console Four Stroke Fresh Water,29500,https://sandiego.craigslist.org/nsd/boa/d/vista-2006-sea-hunt-escape-220-dual/7939410515.html
2026-07-07,cl-7917302247,craigslist,Seaswirl striper 2150 2 hrs on motor read complete ad first,6500,https://sandiego.craigslist.org/esd/boa/d/lemon-grove-seaswirl-striper-hrs-on/7917302247.html
2026-07-07,cl-7932293385,craigslist,2005 Seaswirl Striper 2101DC Anniversary edition,18899,https://sandiego.craigslist.org/esd/boa/d/lemon-grove-2005-seaswirl-striper/7932293385.html
2026-07-07,cl-7939509504,craigslist,1988 Cabo 216 Fishing Boat,15500,https://sandiego.craigslist.org/esd/boa/d/el-cajon-1988-cabo-216-fishing-boat/7939509504.html
2026-07-07,cl-7938732830,craigslist,Nautic Star Angler 211,32000,https://sandiego.craigslist.org/csd/boa/d/san-diego-nautic-star-angler-211/7938732830.html
2026-07-07,cl-7938916074,craigslist,20' Scout 201 Garmin GPS T-Top Excellent Inshore Bay,26000,https://sandiego.craigslist.org/ssd/boa/d/chula-vista-20-scout-201-garmin-gps-top/7938916074.html
2026-07-07,cl-7935450517,craigslist,"2022 Avid 21' Welded Alum. CC Bay Boat, Yamaha 150hp w/LOW Hours",44900,https://sandiego.craigslist.org/nsd/bod/d/vista-2022-avid-21-welded-alum-cc-bay/7935450517.html
2026-07-07,cl-7938768022,craigslist,2001 Boston Whaler 21 Ventura w/Mercury 200hp Optimax & Trailer,24900,https://sandiego.craigslist.org/csd/boa/d/san-diego-2001-boston-whaler-21-ventura/7938768022.html
2026-07-07,cl-7939123001,craigslist,2008 Hydra-Sports Evinrude 250HP (Kevlar-Reinforced),26000,https://sandiego.craigslist.org/nsd/boa/d/oceanside-2008-hydra-sports-evinrude/7939123001.html
2026-07-07,cl-7938455505,craigslist,Wellcraft SCARAB Sport 302 center w cuddy,49500,https://sandiego.craigslist.org/ssd/boa/d/dana-point-wellcraft-scarab-sport-302/7938455505.html
2026-07-07,cl-7937496660,craigslist,Skipjack,4500,https://sandiego.craigslist.org/esd/boa/d/alpine-skipjack/7937496660.html
2026-07-07,cl-7939658825,craigslist,BOSTON WHALER FOR SALE!! RARE COLLECTOR BOAT!! MUST SEE!!,24900,https://sandiego.craigslist.org/csd/boa/d/lemon-grove-boston-whaler-for-sale-rare/7939658825.html
2026-07-07,cl-7939838863,craigslist,29' flybridge & trailer - PROJECT BOAT,6000,https://sandiego.craigslist.org/csd/boa/d/garden-grove-29-flybridge-trailer/7939838863.html
2026-07-07,cl-7938882236,craigslist,29' Wellcraft & trailer - no engines,6000,https://sandiego.craigslist.org/csd/boa/d/garden-grove-29-wellcraft-trailer-no/7938882236.html
2026-07-07,cl-7915796499,craigslist,Seaswirl striper 2150 2 hrs on motor read complete ad first,6500,https://sandiego.craigslist.org/esd/boa/d/lemon-grove-seaswirl-striper-hrs-on/7915796499.html
2026-07-07,cl-7937641652,craigslist,2252 Cuddy cabin 96 Bayliner,9000,https://sandiego.craigslist.org/nsd/boa/d/oceanside-2252-cody-cabin-96-bayliner/7937641652.html
2026-07-07,cl-7937611302,craigslist,"21ft Boston Outrage Center Console, Ready to Fish",16000,https://sandiego.craigslist.org/nsd/boa/d/oceanside-21ft-boston-outrage-center/7937611302.html
2026-07-07,cl-7932748894,craigslist,25ft Chris craft lancer sport fisher,10000,https://sandiego.craigslist.org/nsd/boa/d/vista-25ft-chris-craft-lancer-sport/7932748894.html
2026-07-07,cl-7935040770,craigslist,2005 Seaswirl Striper 2101DC Anniversary edition,18899,https://sandiego.craigslist.org/esd/boa/d/lemon-grove-2005-seaswirl-striper/7935040770.html
2026-07-07,cl-7914162233,craigslist,2005 anniversary edition Seaswirl Striper 2101DC,18899,https://sandiego.craigslist.org/esd/boa/d/lemon-grove-2005-anniversary-edition/7914162233.html
2026-07-07,cl-7919306497,craigslist,Fish /Dive Boat,19800,https://sandiego.craigslist.org/ssd/boa/d/san-pedro-fish-dive-boat/7919306497.html
2026-07-07,cl-7937844636,craigslist,Boston Whaler,5000,https://sandiego.craigslist.org/csd/boa/d/ramona-boston-whaler/7937844636.html
2026-07-07,cl-7937515468,craigslist,1984 24' Bayliner Command Bridge,10000,https://sandiego.craigslist.org/nsd/boa/d/vista-bayliner-command-bridge/7937515468.html
2026-07-07,cl-7940287961,craigslist,1995 Skipjack 262 Flybridge Volvo Penta diesel MUST SEE,29500,https://sandiego.craigslist.org/ssd/boa/d/garden-grove-1995-skipjack-262/7940287961.html
2026-07-07,cl-7940754932,craigslist,Fishing boat,45000,https://sandiego.craigslist.org/csd/boa/d/vista-fishing-boat/7940754932.html
2026-07-07,cl-7926092781,craigslist,BAYLINER VR6 23' BOWRIDER 2022,39500,https://sandiego.craigslist.org/nsd/boa/d/oceanside-bayliner-vr6-23-bowrider/7926092781.html
2026-07-07,cl-7940649484,craigslist,1985 BLACKMAN BILLFISHER VOLVO DIESEL FISHING BOAT LOW HOURS,59000,https://sandiego.craigslist.org/nsd/boa/d/oceanside-1985-blackman-billfisher/7940649484.html
2026-07-07,cl-7917305508,craigslist,Chris Craft Sea Hawk 22 ft,7500,https://sandiego.craigslist.org/esd/boa/d/lemon-grove-chris-craft-craft-sea-hawk/7917305508.html
2026-07-07,cl-7909399288,craigslist,2015 Monterey 264 FS 170 hrs Closed Cooling Bowrider,32900,https://sandiego.craigslist.org/nsd/boa/d/fallbrook-2015-monterey-264-fs-170-hrs/7909399288.html
2026-07-07,cl-7940636481,craigslist,1991 Grady-White Seafarer 22,14950,https://sandiego.craigslist.org/ssd/boa/d/coronado-1991-grady-white-seafarer-22/7940636481.html
2026-07-07,cl-7934311772,craigslist,1979 Skipjack 24ft,11000,https://sandiego.craigslist.org/csd/boa/d/felton-1979-skipjack-24ft/7934311772.html
2026-07-07,cl-7940493699,craigslist,2001 WorldCat 266SC W/ 2018 Twin 300 HP,31995,https://sandiego.craigslist.org/nsd/bod/d/portland-2001-worldcat-266sc-2018-twin/7940493699.html
2026-07-07,cl-7940247322,craigslist,"1997 Parker 23' 10"" Cuddy Cabin – Offshore Fishing Boat",38500,https://sandiego.craigslist.org/csd/boa/d/el-cajon-1997-parker-cuddy-cabin/7940247322.html
2026-07-07,cl-7924314966,craigslist,23ft Trophy boat,25500,https://sandiego.craigslist.org/csd/boa/d/los-osos-23ft-trophy-boat/7924314966.html
2026-07-07,cl-7940187215,craigslist,2000 Bayliner 2855 Ciera,39900,https://sandiego.craigslist.org/csd/boa/d/san-diego-2000-bayliner-2855-ciera/7940187215.html
2026-07-07,cl-7940071365,craigslist,2005 Trophy 195 Walk Around Cuddy Cab,13800,https://sandiego.craigslist.org/nsd/boa/d/corona-2005-trophy-1952walk-around/7940071365.html
2026-07-07,cl-7939904314,craigslist,1999 Bayliner 3388 Command Flybridge Motoryacht,45000,https://sandiego.craigslist.org/csd/bod/d/chula-vista-1999-bayliner-3388-command/7939904314.html
2026-07-07,cl-7939659221,craigslist,1995 Bayliner 23ft,7200,https://sandiego.craigslist.org/csd/boa/d/san-diego-1995-bayliner-23ft/7939659221.html
2026-07-07,cl-7938813368,craigslist,"Sports fishing, tuna boat with outriggers",30000,https://sandiego.craigslist.org/ssd/boa/d/vancouver-sports-fishing-tuna-boat-with/7938813368.html
2026-07-07,cl-7938691311,craigslist,30ft Sea Ray Sundancer Cruiser w/ Generator,31000,https://sandiego.craigslist.org/csd/boa/d/san-diego-30ft-sea-ray-sundancer/7938691311.html
2026-07-07,cl-7936952521,craigslist,"1991 Cruisers 2870 Rogue - Twin I/O, Low Hrs, Drives Rebuilt 2023",17955,https://sandiego.craigslist.org/csd/boa/d/el-cajon-1991-cruisers-2870-rogue-twin/7936952521.html
2026-07-07,cl-7931797891,craigslist,Fast Boat 700hp 28ft,15900,https://sandiego.craigslist.org/nsd/boa/d/carlsbad-fast-boat-700hp-28ft/7931797891.html
2026-07-07,cl-7935509667,craigslist,2001 Bayliner 2655,25000,https://sandiego.craigslist.org/esd/boa/d/santee-2001-bayliner-2655/7935509667.html
2026-07-07,cl-7935106216,craigslist,2001 Century 21 Coronado Hardtop classic boat,29900,https://sandiego.craigslist.org/csd/bod/d/san-diego-2001-century-21-coronado/7935106216.html
2026-07-07,cl-7933834174,craigslist,"1991 Century 20ft , FRESH WATER LAKE ARROWHEAD BOAT",7000,https://sandiego.craigslist.org/csd/boa/d/san-diego-1991-century-20ft-fresh-water/7933834174.html
2026-07-07,cl-7937288933,craigslist,2004 BAYLINER 2352 HARDTOP WALKAROUND,11000,https://sandiego.craigslist.org/csd/boa/d/oklahoma-city-2004-bayliner-2352/7937288933.html
2026-07-07,cl-7939505651,craigslist,2002 28ft Advantage Party Cat XL,44000,https://sandiego.craigslist.org/esd/boa/d/alpine-ft-advantage-party-cat-xl/7939505651.html
2026-07-12,cl-7937269874,craigslist,2002 Striper Fishing boat,48000,https://sandiego.craigslist.org/ssd/boa/d/marina-del-rey-2002-striper-fishing-boat/7937269874.html
2026-07-12,cl-7937496660,craigslist,Skipjack,4500,https://sandiego.craigslist.org/esd/boa/d/alpine-skipjack/7937496660.html
2026-07-12,cl-7920668174,craigslist,Farallon 27 Whaleback Project,40000,https://sandiego.craigslist.org/csd/boa/d/san-diego-farallon-27-whaleback-project/7920668174.html
2026-07-12,cl-7939722168,craigslist,2009 Pursuit C 250 Center Console w/twin Yamaha F150,54900,https://sandiego.craigslist.org/csd/bod/d/san-diego-2009-pursuit-250-center/7939722168.html
2026-07-12,cl-7939658825,craigslist,BOSTON WHALER FOR SALE!! RARE COLLECTOR BOAT!!,24900,https://sandiego.craigslist.org/csd/boa/d/lemon-grove-boston-whaler-for-sale-rare/7939658825.html
2026-07-12,cl-7939659710,craigslist,1998 bayliner Trophy 26ft,14500,https://sandiego.craigslist.org/csd/boa/d/alpine-1998-bayliner-trophy-26ft/7939659710.html
2026-07-12,cl-7919105569,craigslist,1996 Bayliner Trophy 2352,29950,https://sandiego.craigslist.org/nsd/boa/d/oceanside-1996-bayliner-trophy-2352/7919105569.html
2026-07-12,cl-7938447370,craigslist,2001 Seaswirl Striper 2301,15900,https://sandiego.craigslist.org/esd/boa/d/jamul-2001-seaswirl-striper-2301/7938447370.html
2026-07-12,cl-7913591428,craigslist,Grady White,43500,https://sandiego.craigslist.org/esd/boa/d/jamul-grady-white/7913591428.html
2026-07-12,cl-7939512761,craigslist,1998 21' Boston Whaler Conquest,45000,https://sandiego.craigslist.org/csd/boa/d/san-diego-boston-whaler-conquest/7939512761.html
2026-07-12,cl-7939509504,craigslist,1988 Cabo 216 Fishing Boat,15500,https://sandiego.craigslist.org/esd/boa/d/el-cajon-1988-cabo-216-fishing-boat/7939509504.html
2026-07-12,cl-7938768022,craigslist,2001 Boston Whaler 21 Ventura w/Mercury 200hp Optimax & Trailer,24900,https://sandiego.craigslist.org/csd/boa/d/san-diego-2001-boston-whaler-21-ventura/7938768022.html
2026-07-12,cl-7938882236,craigslist,29' Wellcraft & trailer - no engines,6000,https://sandiego.craigslist.org/csd/boa/d/garden-grove-29-wellcraft-trailer-no/7938882236.html
2026-07-12,cl-7939410515,craigslist,2006 Sea Hunt Escape 220 Dual Console Four Stroke,29500,https://sandiego.craigslist.org/nsd/boa/d/vista-2006-sea-hunt-escape-220-dual/7939410515.html
2026-07-12,cl-7934194341,craigslist,2005 Chaparral 22' Cuddy Cabin EFI,15850,https://sandiego.craigslist.org/csd/boa/d/san-diego-2005-chaparral-22-cuddy-cabin/7934194341.html
2026-07-12,cl-7939245604,craigslist,2003 Seaswirl Striper 2601,33000,https://sandiego.craigslist.org/nsd/boa/d/carlsbad-2003-seaswirl-striper-2601/7939245604.html
2026-07-12,cl-7923943547,craigslist,1991 Mako 286 side console Diesels project TRADE,13000,https://sandiego.craigslist.org/ssd/boa/d/newport-beach-1991-mako-286-side/7923943547.html
2026-07-12,cl-7939123001,craigslist,2008 Hydra-Sports Evinrude 250HP (Kevlar-Reinforced),26000,https://sandiego.craigslist.org/nsd/boa/d/oceanside-2008-hydra-sports-evinrude/7939123001.html
2026-07-12,cl-7938916074,craigslist,20' Scout 201 | Garmin GPS | T-Top | Excellent! Inshore Bay,26000,https://sandiego.craigslist.org/ssd/boa/d/chula-vista-20-scout-201-garmin-gps-top/7938916074.html
2026-07-12,cl-7921246100,craigslist,"2004 Chaparral 22"" Cuddy Cabin",13500,https://sandiego.craigslist.org/csd/boa/d/san-diego-2004-chaparral-22-cuddy-cabin/7921246100.html
2026-07-12,cl-7938732830,craigslist,Nautic Star Angler 211,32000,https://sandiego.craigslist.org/csd/boa/d/san-diego-nautic-star-angler-211/7938732830.html
2026-07-12,cl-7938455505,craigslist,Wellcraft SCARAB Sport 302 center w cuddy,49500,https://sandiego.craigslist.org/ssd/boa/d/dana-point-wellcraft-scarab-sport-302/7938455505.html
2026-07-12,cl-7932088532,craigslist,Rare Find! diesel 24' Skipjack Flybridge,17500,https://sandiego.craigslist.org/ssd/boa/d/san-diego-rare-find-diesel-24-skipjack/7932088532.html
2026-07-12,cl-7938265506,craigslist,1983 Grady White Sailfish,8000,https://sandiego.craigslist.org/nsd/boa/d/san-diego-1983-grady-white-sailfish/7938265506.html
2026-07-12,cl-7938225004,craigslist,wellcraft 26,20000,https://sandiego.craigslist.org/ssd/boa/d/chula-vista-wellcraft-26/7938225004.html
2026-07-12,cl-7917302247,craigslist,Seaswirl striper 2150 2 hrs on motor,6500,https://sandiego.craigslist.org/esd/boa/d/lemon-grove-seaswirl-striper-hrs-on/7917302247.html
2026-07-12,cl-7915796499,craigslist,Seaswirl striper 2150 2 hrs on motor,6500,https://sandiego.craigslist.org/esd/boa/d/lemon-grove-seaswirl-striper-hrs-on/7915796499.html
2026-07-12,cl-7915794915,craigslist,30 ft boat sportfisher no trailer included,5500,https://sandiego.craigslist.org/esd/boa/d/lemon-grove-30-ft-boat-sportfisher-no/7915794915.html
2026-07-12,cl-7937993268,craigslist,23' Sea Ox Walkaround Cuddy - Honda BF225 - Simrad,17500,https://sandiego.craigslist.org/nsd/boa/d/oceanside-23-sea-ox-walkaround-cuddy/7937993268.html
2026-07-12,cl-7917355597,craigslist,Owens Concorde Sportfisher Twin Yanmar Diesel,11500,https://sandiego.craigslist.org/ssd/boa/d/chula-vista-owens-concorde-sportfisher/7917355597.html
2026-07-12,cl-7937844636,craigslist,Boston Whaler,5000,https://sandiego.craigslist.org/csd/boa/d/ramona-boston-whaler/7937844636.html
2026-07-12,cl-7937641652,craigslist,2252 Cody cabin 96 Bayliner,9000,https://sandiego.craigslist.org/nsd/boa/d/oceanside-2252-cody-cabin-96-bayliner/7937641652.html
2026-07-12,cl-7937611302,craigslist,"21ft Boston Outrage Center Console, Ready to Fish",16000,https://sandiego.craigslist.org/nsd/boa/d/oceanside-21ft-boston-outrage-center/7937611302.html
2026-07-12,cl-7937373033,craigslist,Carolina Skiff Sea Chaser 2400 Offshore - Suzuki 250 HP,17000,https://sandiego.craigslist.org/csd/boa/d/san-diego-carolina-skiff-sea-chaser/7937373033.html
2026-07-12,cl-7932748894,craigslist,25ft Chris craft lancer sport fisher,10000,https://sandiego.craigslist.org/nsd/boa/d/vista-25ft-chris-craft-lancer-sport/7932748894.html
2026-07-12,cl-7937109931,craigslist,1999 Bayliner Trophy 22' Fishing Boat,13950,https://sandiego.craigslist.org/nsd/boa/d/fallbrook-1999-bayliner-trophy-22/7937109931.html
2026-07-12,cl-7937054364,craigslist,"24' Skipjack Open, 1982",13500,https://sandiego.craigslist.org/nsd/boa/d/costa-mesa-24-skipjack-open-1982/7937054364.html
2026-07-12,cl-7932293385,craigslist,2005 Seaswirl Striper 2101DC Anniversary edition,18899,https://sandiego.craigslist.org/esd/boa/d/lemon-grove-2005-seaswirl-striper/7932293385.html
2026-07-12,cl-7935040770,craigslist,2005 Seaswirl Striper 2101DC Anniversary edition,18899,https://sandiego.craigslist.org/esd/boa/d/lemon-grove-2005-seaswirl-striper/7935040770.html
2026-07-12,cl-7914162233,craigslist,2005 anniversary edition Seaswirl Striper 2101DC,18899,https://sandiego.craigslist.org/esd/boa/d/lemon-grove-2005-anniversary-edition/7914162233.html
2026-07-12,cl-7936951732,craigslist,2002 Stamas 250 Tarpon Runabout Sportfishing Boat,40000,https://sandiego.craigslist.org/ssd/boa/d/rialto-2002-stamas-250-tarpon-runabout/7936951732.html
2026-07-12,cl-7936827503,craigslist,2005 Edgewater 245cc Center Console,32000,https://sandiego.craigslist.org/nsd/boa/d/san-diego-2005-edgewater-245cc-center/7936827503.html
2026-07-12,cl-7919306497,craigslist,Fish /Dive Boat,19800,https://sandiego.craigslist.org/ssd/boa/d/san-pedro-fish-dive-boat/7919306497.html
2026-07-12,cl-7936651829,craigslist,Offshore Ready: 2011 Trophy Walkaround 4.3L V6,18000,https://sandiego.craigslist.org/ssd/boa/d/chula-vista-offshore-ready-2011-trophy/7936651829.html
2026-07-12,cl-7936187924,craigslist,2005 Parker 2310 Boat For Sale,27500,https://sandiego.craigslist.org/csd/boa/d/san-diego-2005-parker-2310-boat-for-sale/7936187924.html
2026-07-12,cl-7914244706,craigslist,1979 28 Skipjack,19000,https://sandiego.craigslist.org/esd/boa/d/el-cajon-skipjack/7914244706.html
2026-07-12,cl-7935458497,craigslist,Grady White Flybridge Atlantic 260,21500,https://sandiego.craigslist.org/csd/boa/d/san-diego-grady-white-flybridge/7935458497.html
2026-07-12,cl-7935450517,craigslist,"2022 Avid 21' Welded Alum. CC Bay Boat, Yamaha 150hp.",44900,https://sandiego.craigslist.org/nsd/bod/d/vista-2022-avid-21-welded-alum-cc-bay/7935450517.html
2026-07-12,cl-7919895761,craigslist,"Sea Cat, Power Catamaran, 25ft, cuddy cabin",44999,https://sandiego.craigslist.org/ssd/boa/d/chula-vista-sea-cat-power-catamaran/7919895761.html
2026-07-12,cl-7932513684,craigslist,2000 21 foot seaswirl striper,23900,https://sandiego.craigslist.org/esd/boa/d/santee-foot-seaswirl-striper/7932513684.html
2026-07-12,cl-7916919568,craigslist,1977 Seacraft Potter built 23',30000,https://sandiego.craigslist.org/nsd/boa/d/vista-1977-seacraft-potter-built-23/7916919568.html
2026-07-12,cl-7918140522,craigslist,Thresher 22' Boat 2020 Mercury 200hp 4 Stroke OB,49000,https://sandiego.craigslist.org/ssd/boa/d/el-cajon-thresher-22-boat-2020-mercury/7918140522.html
2026-07-12,cl-7934905888,craigslist,27 Express Sportfisher,49500,https://sandiego.craigslist.org/csd/boa/d/san-diego-27-express-sportfisher/7934905888.html
2026-07-12,cl-7924193406,craigslist,26' Panga,22000,https://sandiego.craigslist.org/nsd/boa/d/valley-center-26-panga/7924193406.html
2026-07-12,cl-7933544197,craigslist,2000 Skipjack 262 Flybridge w/Yanmar 315hp diesel & Trailer,59900,https://sandiego.craigslist.org/csd/bod/d/san-diego-2000-skipjack-262-flybridge/7933544197.html
2026-07-12,bm-5027049302,boatmart,2019 Mako 214,55990,https://www.boatmart.com/listing/2019-Mako-214-5027049302
2026-07-12,bm-5039391659,boatmart,2022 Bayliner T22cc,49993,https://www.boatmart.com/listing/2022-Bayliner-T22cc-5039391659
2026-07-12,bm-5035655422,boatmart,2015 Sportsman OPEN 212/CC,33000,https://www.boatmart.com/listing/2015-Sportsman-OPEN+212%2FCC-5035655422
2026-07-12,bm-5040148136,boatmart,1996 Bayliner 2352 Trophy Walkaround,26500,https://www.boatmart.com/listing/1996-Bayliner-2352+Trophy+Walkaround-5040148136
2026-07-12,bm-5037206130,boatmart,2004 Seaswirl 2101 Walkaround,23500,https://www.boatmart.com/listing/2004-Seaswirl-2101+Walkaround-5037206130
2026-07-12,bm-5040940969,boatmart,1996 Grady-White 272 Sailfish,14950,https://www.boatmart.com/listing/1996-Grady-White-272+SAILFISH-5040940969
2026-07-12,bm-5031869573,boatmart,1996 Sea Cat SL5,49000,https://www.boatmart.com/listing/1996-Sea+Cat-SL5-5031869573
2026-07-12,bm-5038635878,boatmart,2000 Parker 2520 XLD Sport Cabin,55000,https://www.boatmart.com/listing/2000-Parker-2520+XLD+Sport+Cabin-5038635878
2026-07-18,cl-7937269874,craigslist,2002 Striper Fishing boat,48000,https://sandiego.craigslist.org/ssd/boa/d/marina-del-rey-2002-striper-fishing-boat/7937269874.html
2026-07-18,cl-7920668174,craigslist,Farallon 27 Whaleback Project,40000,https://sandiego.craigslist.org/csd/boa/d/san-diego-farallon-27-whaleback-project/7920668174.html
2026-07-18,cl-7939722168,craigslist,2009 Pursuit C 250 Center Console w/twin Yamaha F150,54900,https://sandiego.craigslist.org/csd/bod/d/san-diego-2009-pursuit-250-center/7939722168.html
2026-07-18,cl-7939658825,craigslist,BOSTON WHALER FOR SALE!! RARE COLLECTOR BOAT!!,24900,https://sandiego.craigslist.org/csd/boa/d/lemon-grove-boston-whaler-for-sale-rare/7939658825.html
2026-07-18,cl-7939659710,craigslist,1998 bayliner Trophy 26ft,14500,https://sandiego.craigslist.org/csd/boa/d/alpine-1998-bayliner-trophy-26ft/7939659710.html
2026-07-18,cl-7919105569,craigslist,1996 Bayliner Trophy 2352 Ready for El Nino Exotics This Year,29950,https://sandiego.craigslist.org/nsd/boa/d/oceanside-1996-bayliner-trophy-2352/7919105569.html
2026-07-18,cl-7938447370,craigslist,2001 Seaswirl Striper 2301,15900,https://sandiego.craigslist.org/esd/boa/d/jamul-2001-seaswirl-striper-2301/7938447370.html
2026-07-18,cl-7913591428,craigslist,Grady White,43500,https://sandiego.craigslist.org/esd/boa/d/jamul-grady-white/7913591428.html
2026-07-18,cl-7939512761,craigslist,1998 21' Boston Whaler Conquest,45000,https://sandiego.craigslist.org/csd/boa/d/san-diego-boston-whaler-conquest/7939512761.html
2026-07-18,cl-7939509504,craigslist,1988 Cabo 216 Fishing Boat,15500,https://sandiego.craigslist.org/esd/boa/d/el-cajon-1988-cabo-216-fishing-boat/7939509504.html
2026-07-18,cl-7939505651,craigslist,2002 28ft Advantage Party Cat XL,44000,https://sandiego.craigslist.org/esd/boa/d/alpine-ft-advantage-party-cat-xl/7939505651.html
2026-07-18,cl-7938768022,craigslist,2001 Boston Whaler 21 Ventura w/Mercury 200hp Optimax & Trailer,24900,https://sandiego.craigslist.org/csd/boa/d/san-diego-2001-boston-whaler-21-ventura/7938768022.html
2026-07-18,cl-7939410515,craigslist,2006 Sea Hunt Escape 220 Dual Console Four Stroke Fresh Water,29500,https://sandiego.craigslist.org/nsd/boa/d/vista-2006-sea-hunt-escape-220-dual/7939410515.html
2026-07-18,cl-7939245604,craigslist,2003 Seaswirl Striper 2601,33000,https://sandiego.craigslist.org/nsd/boa/d/carlsbad-2003-seaswirl-striper-2601/7939245604.html
2026-07-18,cl-7923943547,craigslist,1991 Mako 286 side console Diesels project TRADE,13000,https://sandiego.craigslist.org/ssd/boa/d/newport-beach-1991-mako-286-side/7923943547.html
2026-07-18,cl-7939123001,craigslist,2008 Hydra-Sports 587712 – Evinrude 250HP (Kevlar-Reinforced),26000,https://sandiego.craigslist.org/nsd/boa/d/oceanside-2008-hydra-sports-evinrude/7939123001.html
2026-07-18,cl-7938916074,craigslist,20' Scout 201 | Garmin GPS | T-Top | Excellent! Inshore Bay,26000,https://sandiego.craigslist.org/ssd/boa/d/chula-vista-20-scout-201-garmin-gps-top/7938916074.html
2026-07-18,cl-7938732830,craigslist,Nautic Star Angler 211,32000,https://sandiego.craigslist.org/csd/boa/d/san-diego-nautic-star-angler-211/7938732830.html
2026-07-18,cl-7937993268,craigslist,23' Sea Ox Walkaround Cuddy - Honda BF225 - Simrad - Price Reduced,17500,https://sandiego.craigslist.org/nsd/boa/d/oceanside-23-sea-ox-walkaround-cuddy/7937993268.html
2026-07-18,cl-7932088532,craigslist,Rare Find! diesel 24' Skipjack Flybridge,17500,https://sandiego.craigslist.org/ssd/boa/d/san-diego-rare-find-diesel-24-skipjack/7932088532.html
2026-07-18,cl-7937611302,craigslist,"21ft Boston Outrage Center Console, Ready to Fish",16000,https://sandiego.craigslist.org/nsd/boa/d/oceanside-21ft-boston-outrage-center/7937611302.html
2026-07-18,cl-7937373033,craigslist,Carolina Skiff Sea Chaser 2400 Offshore - Suzuki 250 HP,17000,https://sandiego.craigslist.org/csd/boa/d/san-diego-carolina-skiff-sea-chaser/7937373033.html
2026-07-18,cl-7936951732,craigslist,2002 Stamas 250 Tarpon Runabout Sportfishing Boat,40000,https://sandiego.craigslist.org/ssd/boa/d/rialto-2002-stamas-250-tarpon-runabout/7936951732.html
2026-07-18,cl-7936827503,craigslist,2005 Edgewater 245cc Center Console,32000,https://sandiego.craigslist.org/nsd/boa/d/san-diego-2005-edgewater-245cc-center/7936827503.html
2026-07-18,cl-7936187924,craigslist,2005 Parker 2310 Boat For Sale,27500,https://sandiego.craigslist.org/csd/boa/d/san-diego-2005-parker-2310-boat-for-sale/7936187924.html
2026-07-18,cl-7935458497,craigslist,Grady White Flybridge Atlantic 260,21500,https://sandiego.craigslist.org/csd/boa/d/san-diego-grady-white-flybridge/7935458497.html
2026-07-18,cl-7935450517,craigslist,"2022 Avid 21' Welded Alum. CC Bay Boat, Yamaha 150hp. w/LOW Hours",44900,https://sandiego.craigslist.org/nsd/bod/d/vista-2022-avid-21-welded-alum-cc-bay/7935450517.html
2026-07-18,cl-7919895761,craigslist,"Sea Cat, Power Catamaran, 25ft, cuddy cabin",44999,https://sandiego.craigslist.org/ssd/boa/d/chula-vista-sea-cat-power-catamaran/7919895761.html
2026-07-18,cl-7932513684,craigslist,2000 21 foot seaswirl striper,23900,https://sandiego.craigslist.org/esd/boa/d/santee-foot-seaswirl-striper/7932513684.html
2026-07-18,cl-7916919568,craigslist,1977 Seacraft Potter built 23',30000,https://sandiego.craigslist.org/nsd/boa/d/vista-1977-seacraft-potter-built-23/7916919568.html
2026-07-18,cl-7918140522,craigslist,Thresher 22' Boat 2020 Mercury 200hp 4 Stroke OB,49000,https://sandiego.craigslist.org/ssd/boa/d/el-cajon-thresher-22-boat-2020-mercury/7918140522.html
2026-07-18,cl-7934905888,craigslist,27 Express Sportfisher,49500,https://sandiego.craigslist.org/csd/boa/d/san-diego-27-express-sportfisher/7934905888.html
2026-07-18,cl-7924193406,craigslist,26' Panga,22000,https://sandiego.craigslist.org/nsd/boa/d/valley-center-26-panga/7924193406.html
2026-07-18,cl-7938882236,craigslist,29' Wellcraft & trailer - no engines,6000,https://sandiego.craigslist.org/csd/boa/d/garden-grove-29-wellcraft-trailer-no/7938882236.html
2026-07-18,cl-7915794915,craigslist,30 ft boat sportfisher no trailer included,5500,https://sandiego.craigslist.org/esd/boa/d/lemon-grove-30-ft-boat-sportfisher-no/7915794915.html
2026-07-18,cl-7917355597,craigslist,Owens Concorde Sportfisher Twin Yanmar Diesel,11500,https://sandiego.craigslist.org/ssd/boa/d/chula-vista-owens-concorde-sportfisher/7917355597.html
2026-07-18,cl-7932748894,craigslist,25ft Chris craft lancer sport fisher,10000,https://sandiego.craigslist.org/nsd/boa/d/vista-25ft-chris-craft-lancer-sport/7932748894.html
2026-07-18,cl-7914244706,craigslist,1979 28 Skipjack,19000,https://sandiego.craigslist.org/esd/boa/d/el-cajon-skipjack/7914244706.html
2026-07-18,cl-7937496660,craigslist,Skipjack,4500,https://sandiego.craigslist.org/esd/boa/d/alpine-skipjack/7937496660.html
2026-07-18,cl-7938225004,craigslist,wellcraft 26,20000,https://sandiego.craigslist.org/ssd/boa/d/chula-vista-wellcraft-26/7938225004.html
2026-07-18,cl-7937844636,craigslist,Boston Whaler,5000,https://sandiego.craigslist.org/csd/boa/d/ramona-boston-whaler/7937844636.html
2026-07-18,cl-7932293385,craigslist,2005 Seaswirl Striper 2101DC Anniversary edition,18899,https://sandiego.craigslist.org/esd/boa/d/lemon-grove-2005-seaswirl-striper/7932293385.html
2026-07-18,cl-7935040770,craigslist,2005 Seaswirl Striper 2101DC Anniversary edition,18899,https://sandiego.craigslist.org/esd/boa/d/lemon-grove-2005-seaswirl-striper/7935040770.html
2026-07-18,cl-7914162233,craigslist,2005 anniversary edition Seaswirl Striper 2101DC,18899,https://sandiego.craigslist.org/esd/boa/d/lemon-grove-2005-anniversary-edition/7914162233.html
2026-07-18,cl-7917302247,craigslist,Seaswirl striper 2150 2 hrs on motor read complete ad first,6500,https://sandiego.craigslist.org/esd/boa/d/lemon-grove-seaswirl-striper-hrs-on/7917302247.html
2026-07-18,cl-7915796499,craigslist,Seaswirl striper 2150 2 hrs on motor read complete ad first,6500,https://sandiego.craigslist.org/esd/boa/d/lemon-grove-seaswirl-striper-hrs-on/7915796499.html
2026-07-18,cl-7919306497,craigslist,Fish /Dive Boat,19800,https://sandiego.craigslist.org/ssd/boa/d/san-pedro-fish-dive-boat/7919306497.html
2026-07-18,cl-7938532151,craigslist,2006 Trophy Hardtop Diesel,35000,https://sandiego.craigslist.org/nsd/boa/d/carlsbad-2006-trophy-hardtop-diesel/7938532151.html
2026-07-18,cl-7936710536,craigslist,1976 Skipjack 24 Open – Hardtop + Tower – MerCruiser 5.7 – Trailer,14500,https://sandiego.craigslist.org/csd/boa/d/san-diego-1976-skipjack-24-open-hardtop/7936710536.html
2026-07-18,cl-7937552374,craigslist,1971 Skipjack 24ft flybridge,11000,https://sandiego.craigslist.org/csd/boa/d/san-diego-1971-skipjack-24ft-flybridge/7937552374.html
2026-07-18,cl-7937054364,craigslist,"24' Skipjack Open, 1982",13500,https://sandiego.craigslist.org/nsd/boa/d/costa-mesa-24-skipjack-open-1982/7937054364.html
2026-07-18,cl-7933544197,craigslist,2000 Skipjack 262 Flybridge w/Yanmar 315hp diesel & Trailer,59900,https://sandiego.craigslist.org/csd/bod/d/san-diego-2000-skipjack-262-flybridge/7933544197.html
2026-07-18,cl-7937109931,craigslist,1999 Bayliner Trophy 22' Fishing Boat,13950,https://sandiego.craigslist.org/nsd/boa/d/fallbrook-1999-bayliner-trophy-22/7937109931.html
2026-07-18,cl-7936651829,craigslist,Offshore Ready: 2011 Trophy Walkaround 111126 4.3L V6,18000,https://sandiego.craigslist.org/ssd/boa/d/chula-vista-offshore-ready-2011-trophy/7936651829.html
2026-07-22,cl-7937747592,craigslist,16 ft Carolina Skiff J16,3500,https://sandiego.craigslist.org/ssd/boa/d/chula-vista-16-ft-carolina-skiff-j16/7937747592.html
2026-07-22,cl-7939390758,craigslist,1990 Seaswirl 17’ Skiff With 70 Johnson Turnkey.,3850,https://sandiego.craigslist.org/csd/boa/d/san-diego-1990-seaswirl-17-skiff-with/7939390758.html
2026-07-22,cl-7936545512,craigslist,16ft Carolina skiff,4200,https://sandiego.craigslist.org/ssd/boa/d/chula-vista-16ft-carolina-skiff/7936545512.html
2026-07-22,cl-7937496660,craigslist,Skipjack,4500,https://sandiego.craigslist.org/esd/boa/d/alpine-skipjack/7937496660.html
2026-07-22,cl-7937844636,craigslist,Boston Whaler,5000,https://sandiego.craigslist.org/csd/boa/d/ramona-boston-whaler/7937844636.html
2026-07-22,cl-7936955942,craigslist,1988 18' Edgewater Marlin Cuddy Fishing Boat 3.7L,6000,https://sandiego.craigslist.org/esd/boa/d/jamul-edgewater-marlin-cuddy-fishing/7936955942.html
2026-07-22,cl-7917302247,craigslist,Seaswirl striper 2150 2 hrs on motor read complete ad first,6500,https://sandiego.craigslist.org/esd/boa/d/lemon-grove-seaswirl-striper-hrs-on/7917302247.html
2026-07-22,cl-7915796499,craigslist,Seaswirl striper 2150 2 hrs on motor read complete ad first,6500,https://sandiego.craigslist.org/esd/boa/d/lemon-grove-seaswirl-striper-hrs-on/7915796499.html
2026-07-22,cl-7916177697,craigslist,Boston Whaler 13' - 1980,8500,https://sandiego.craigslist.org/csd/boa/d/imperial-beach-boston-whaler/7916177697.html
2026-07-22,cl-7908991268,craigslist,1999 STRATOS 201 PRO ELITE W JOHNSON 225 AND MINNKOTA ULTREX,10500,https://sandiego.craigslist.org/csd/boa/d/poway-1999-stratos-201-pro-elite/7908991268.html
2026-07-22,cl-7918712295,craigslist,13’ Boston Whaler,10500,https://sandiego.craigslist.org/csd/boa/d/henderson-13-boston-whaler/7918712295.html
2026-07-22,cl-7937288933,craigslist,2004 BAYLINER 2352 HARDTOP WALKAROUND,11000,https://sandiego.craigslist.org/csd/boa/d/oklahoma-city-2004-bayliner-2352/7937288933.html
2026-07-22,cl-7934311772,craigslist,1979 Skipjack 24ft.,11000,https://sandiego.craigslist.org/csd/boa/d/felton-1979-skipjack-24ft/7934311772.html
2026-07-22,cl-7917355597,craigslist,Owens Concorde Sportfisher Twin Yanmar Diesel,11500,https://sandiego.craigslist.org/ssd/boa/d/chula-vista-owens-concorde-sportfisher/7917355597.html
2026-07-22,cl-7939577708,craigslist,Boston Whaler Guardian Raider 18 feet,12000,https://sandiego.craigslist.org/nsd/boa/d/carlsbad-boston-whaler-guardian-raider/7939577708.html
2026-07-22,cl-7923943547,craigslist,1991 Mako 286 side console Diesels project TRADE,13000,https://sandiego.craigslist.org/ssd/boa/d/newport-beach-1991-mako-286-side/7923943547.html
2026-07-22,cl-7921246100,craigslist,2004 Chaparral 22” Cuddy Cabin,13500,https://sandiego.craigslist.org/csd/boa/d/san-diego-2004-chaparral-22-cuddy-cabin/7921246100.html
2026-07-22,cl-7937054364,craigslist,"24' Skipjack Open, 1982",13500,https://sandiego.craigslist.org/nsd/boa/d/costa-mesa-24-skipjack-open-1982/7937054364.html
2026-07-22,cl-7937109931,craigslist,1999 Bayliner Trophy 22' Fishing Boat,13950,https://sandiego.craigslist.org/nsd/boa/d/fallbrook-1999-bayliner-trophy-22/7937109931.html
2026-07-22,cl-7939659710,craigslist,1998 bayliner Trophy 26ft,14500,https://sandiego.craigslist.org/csd/boa/d/alpine-1998-bayliner-trophy-26ft/7939659710.html
2026-07-22,cl-7939509504,craigslist,1988 Cabo 216 Fishing Boat,15500,https://sandiego.craigslist.org/esd/boa/d/el-cajon-1988-cabo-216-fishing-boat/7939509504.html
2026-07-22,cl-7934194341,craigslist,2005 Chaparral 22’ Cuddy Cabin EFI Super Low Hours New Upholstery.,15850,https://sandiego.craigslist.org/csd/boa/d/san-diego-2005-chaparral-22-cuddy-cabin/7934194341.html
2026-07-22,cl-7938447370,craigslist,2001 Seaswirl Striper 2301,15900,https://sandiego.craigslist.org/esd/boa/d/jamul-2001-seaswirl-striper-2301/7938447370.html
2026-07-22,cl-7937611302,craigslist,"21ft Boston Outrage 111081 Center Console, Ready to Fish",16000,https://sandiego.craigslist.org/nsd/boa/d/oceanside-21ft-boston-outrage-center/7937611302.html
2026-07-22,cl-7937373033,craigslist,Carolina Skiff Sea Chaser 2400 Offshore - Suzuki 250 HP120712,17000,https://sandiego.craigslist.org/csd/boa/d/san-diego-carolina-skiff-sea-chaser/7937373033.html
2026-07-22,cl-7937993268,craigslist,23’ Sea Ox Walkaround Cuddy - Honda BF225 - Simrad - Price Reduced,17500,https://sandiego.craigslist.org/nsd/boa/d/oceanside-23-sea-ox-walkaround-cuddy/7937993268.html
2026-07-22,cl-7936651829,craigslist,Offshore Ready: 2011 Trophy Walkaround 111126 4.3L V6,18000,https://sandiego.craigslist.org/ssd/boa/d/chula-vista-offshore-ready-2011-trophy/7936651829.html
2026-07-22,cl-7932293385,craigslist,2005 Seaswirl Striper 2101DC Anniversary edition,18899,https://sandiego.craigslist.org/esd/boa/d/lemon-grove-2005-seaswirl-striper/7932293385.html
2026-07-22,cl-7935040770,craigslist,2005 Seaswirl Striper 2101DC Anniversary edition,18899,https://sandiego.craigslist.org/esd/boa/d/lemon-grove-2005-seaswirl-striper/7935040770.html
2026-07-22,cl-7914162233,craigslist,2005 anniversary edition Seaswirl Striper 2101DC,18899,https://sandiego.craigslist.org/esd/boa/d/lemon-grove-2005-anniversary-edition/7914162233.html
2026-07-22,cl-7914244706,craigslist,1979 28 Skipjack,19000,https://sandiego.craigslist.org/esd/boa/d/el-cajon-skipjack/7914244706.html
2026-07-22,cl-7905860534,craigslist,Donzi 3250 Hardtop Fishing Cruiser,20000,https://sandiego.craigslist.org/nsd/boa/d/vista-donzi-3250-hardtop-fishing-cruiser/7905860534.html
2026-07-22,cl-7919632903,craigslist,1999 Donzi 3250 LXF Hardtop Fishing Cruiser – Rare V-Drive Model with,20000,https://sandiego.craigslist.org/nsd/boa/d/vista-1999-donzi-3250-lxf-hardtop/7919632903.html
2026-07-22,cl-7936166750,craigslist,Donzi 3250 Hardtop Fishing Cruiser,20000,https://sandiego.craigslist.org/nsd/boa/d/vista-donzi-3250-hardtop-fishing-cruiser/7936166750.html
2026-07-22,cl-7930119421,craigslist,Donzi 3250 Hardtop Fishing Cruiser,20000,https://sandiego.craigslist.org/nsd/boa/d/vista-donzi-3250-hardtop-fishing-cruiser/7930119421.html
2026-07-22,cl-7938225004,craigslist,wellcraft 26,20000,https://sandiego.craigslist.org/ssd/boa/d/chula-vista-wellcraft-26/7938225004.html
2026-07-22,cl-7934121363,craigslist,1994. Silverton 34 sportfisher,21000,https://sandiego.craigslist.org/csd/boa/d/san-diego-1994-silverton-34-sportfisher/7934121363.html
2026-07-22,cl-7924193406,craigslist,26’ Panga,22000,https://sandiego.craigslist.org/nsd/boa/d/valley-center-26-panga/7924193406.html
2026-07-22,cl-7932513684,craigslist,2000 21 foot seaswirl striper,23900,https://sandiego.craigslist.org/esd/boa/d/santee-foot-seaswirl-striper/7932513684.html
2026-07-22,cl-7939658825,craigslist,BOSTON WHALER FOR SALE!! RARE COLLECTOR BOAT!! MUST SEE!!,24900,https://sandiego.craigslist.org/csd/boa/d/lemon-grove-boston-whaler-for-sale-rare/7939658825.html
2026-07-22,cl-7939123001,craigslist,2008 Hydra-Sports 587712– Evinrude 250HP (Kevlar-Reinforced),26000,https://sandiego.craigslist.org/nsd/boa/d/oceanside-2008-hydra-sports-evinrude/7939123001.html
2026-07-22,cl-7907742925,craigslist,Mako Pro Skiff 17.6 ft,26000,https://sandiego.craigslist.org/csd/boa/d/san-diego-mako-pro-skiff-176-ft/7907742925.html
2026-07-22,cl-7936187924,craigslist,2005 Parker 2310 Boat For Sale,27500,https://sandiego.craigslist.org/csd/boa/d/san-diego-2005-parker-2310-boat-for-sale/7936187924.html
2026-07-22,cl-7939410515,craigslist,2006 Sea Hunt Escape 220 Dual Console Four Stroke Fresh Water,29500,https://sandiego.craigslist.org/nsd/boa/d/vista-2006-sea-hunt-escape-220-dual/7939410515.html
2026-07-22,cl-7919105569,craigslist,1996 Bayliner Trophy 2352 Ready for El Nino Exotics This Year,29950,https://sandiego.craigslist.org/nsd/boa/d/oceanside-1996-bayliner-trophy-2352/7919105569.html
2026-07-22,cl-7936827503,craigslist,2005 Edgewater 245cc Center Console -,32000,https://sandiego.craigslist.org/nsd/boa/d/san-diego-2005-edgewater-245cc-center/7936827503.html
2026-07-22,cl-7939245604,craigslist,2003 Seaswirl Striper 2601,33000,https://sandiego.craigslist.org/nsd/boa/d/carlsbad-2003-seaswirl-striper-2601/7939245604.html
2026-07-22,cl-7938582901,craigslist,2021 Boston Whaler Montauk 150,33500,https://sandiego.craigslist.org/csd/boa/d/san-diego-2021-boston-whaler-montauk-150/7938582901.html
2026-07-22,cl-7938532151,craigslist,2006 Trophy Hardtop Diesel,35000,https://sandiego.craigslist.org/nsd/boa/d/carlsbad-2006-trophy-hardtop-diesel/7938532151.html
2026-07-22,cl-7934941314,craigslist,2005 Parker 1801CC with 2022 Yamaha 150,38500,https://sandiego.craigslist.org/csd/boa/d/san-diego-2005-parker-1801cc-with-2022/7934941314.html
2026-07-22,cl-7920668174,craigslist,Farallon 27 Whaleback Project -,40000,https://sandiego.craigslist.org/csd/boa/d/san-diego-farallon-27-whaleback-project/7920668174.html
2026-07-22,cl-7933561501,craigslist,2004 Hydrasports Vector 2600 walk around,40000,https://sandiego.craigslist.org/csd/boa/d/galt-2004-hydrasports-vector-2600-walk/7933561501.html
2026-07-22,cl-7913591428,craigslist,Grady White,43500,https://sandiego.craigslist.org/esd/boa/d/jamul-grady-white/7913591428.html
2026-07-22,cl-7919895761,craigslist,"Sea Cat, Power Catamaran, 25ft, cuddy cabin",44999,https://sandiego.craigslist.org/ssd/boa/d/chula-vista-sea-cat-power-catamaran/7919895761.html
2026-07-22,cl-7939512761,craigslist,1998 21' Boston Whaler Conquest,45000,https://sandiego.craigslist.org/csd/boa/d/san-diego-boston-whaler-conquest/7939512761.html
2026-07-22,cl-7937486505,craigslist,1994 33' Riviera Sportfisher,49000,https://sandiego.craigslist.org/csd/boa/d/san-diego-riviera-sportfisher/7937486505.html
2026-07-22,cl-7935239939,craigslist,Innovator Sportfisher 31’,53000,https://sandiego.craigslist.org/csd/boa/d/san-diego-innovator-sportfisher-31/7935239939.html
2026-07-22,cl-7939722168,craigslist,2009 Pursuit C 250 Center Console w/twin Yamaha F150,54900,https://sandiego.craigslist.org/csd/bod/d/san-diego-2009-pursuit-250-center/7939722168.html
2026-07-22,cl-7934638407,craigslist,2520 PARKER 300 HP SUZUKI,60000,https://sandiego.craigslist.org/csd/boa/d/santa-rosa-2520-parker-300-hp-suzuki/7934638407.html
2026-07-24,cl-7937496660,craigslist,Skipjack,4500,https://sandiego.craigslist.org/esd/boa/d/alpine-skipjack/7937496660.html
2026-07-24,cl-7935239939,craigslist,Innovator Sportfisher 31’,53000,https://sandiego.craigslist.org/csd/boa/d/san-diego-innovator-sportfisher-31/7935239939.html
2026-07-24,cl-7920668174,craigslist,Farallon 27 Whaleback Project -,40000,https://sandiego.craigslist.org/csd/boa/d/san-diego-farallon-27-whaleback-project/7920668174.html
2026-07-24,cl-7939722168,craigslist,2009 Pursuit C 250 Center Console w/twin Yamaha F150,54900,https://sandiego.craigslist.org/csd/bod/d/san-diego-2009-pursuit-250-center/7939722168.html
2026-07-24,cl-7939658825,craigslist,BOSTON WHALER FOR SALE!! RARE COLLECTOR BOAT!! MUST SEE!!,24900,https://sandiego.craigslist.org/csd/boa/d/lemon-grove-boston-whaler-for-sale-rare/7939658825.html
2026-07-24,cl-7939659710,craigslist,1998 bayliner Trophy 26ft,14500,https://sandiego.craigslist.org/csd/boa/d/alpine-1998-bayliner-trophy-26ft/7939659710.html
2026-07-24,cl-7919105569,craigslist,1996 Bayliner Trophy 2352 Ready for El Nino Exotics This Year,29950,https://sandiego.craigslist.org/nsd/boa/d/oceanside-1996-bayliner-trophy-2352/7919105569.html
2026-07-24,cl-7938447370,craigslist,2001 Seaswirl Striper 2301,15900,https://sandiego.craigslist.org/esd/boa/d/jamul-2001-seaswirl-striper-2301/7938447370.html
2026-07-24,cl-7913591428,craigslist,Grady White,43500,https://sandiego.craigslist.org/esd/boa/d/jamul-grady-white/7913591428.html
2026-07-24,cl-7939512761,craigslist,1998 21' Boston Whaler Conquest,45000,https://sandiego.craigslist.org/csd/boa/d/san-diego-boston-whaler-conquest/7939512761.html
2026-07-24,cl-7939509504,craigslist,1988 Cabo 216 Fishing Boat,15500,https://sandiego.craigslist.org/esd/boa/d/el-cajon-1988-cabo-216-fishing-boat/7939509504.html
2026-07-24,cl-7938768022,craigslist,2001 Boston Whaler 21 Ventura w/Mercury 200hp Optimax & Trailer,24900,https://sandiego.craigslist.org/csd/boa/d/san-diego-2001-boston-whaler-21-ventura/7938768022.html
2026-07-24,cl-7938882236,craigslist,29' Wellcraft & trailer - no engines,6000,https://sandiego.craigslist.org/csd/boa/d/garden-grove-29-wellcraft-trailer-no/7938882236.html
2026-07-24,cl-7939410515,craigslist,2006 Sea Hunt Escape 220 Dual Console Four Stroke Fresh Water,29500,https://sandiego.craigslist.org/nsd/boa/d/vista-2006-sea-hunt-escape-220-dual/7939410515.html
2026-07-24,cl-7939390758,craigslist,1990 Seaswirl 17’ Skiff With 70 Johnson Turnkey.,3850,https://sandiego.craigslist.org/csd/boa/d/san-diego-1990-seaswirl-17-skiff-with/7939390758.html
2026-07-24,cl-7934194341,craigslist,2005 Chaparral 22’ Cuddy Cabin EFI Super Low Hours New Upholstery.,15850,https://sandiego.craigslist.org/csd/boa/d/san-diego-2005-chaparral-22-cuddy-cabin/7934194341.html
2026-07-24,cl-7939245604,craigslist,2003 Seaswirl Striper 2601,33000,https://sandiego.craigslist.org/nsd/boa/d/carlsbad-2003-seaswirl-striper-2601/7939245604.html
2026-07-24,cl-7923943547,craigslist,1991 Mako 286 side console Diesels project TRADE,13000,https://sandiego.craigslist.org/ssd/boa/d/newport-beach-1991-mako-286-side/7923943547.html
2026-07-24,cl-7921246100,craigslist,2004 Chaparral 22” Cuddy Cabin,13500,https://sandiego.craigslist.org/csd/boa/d/san-diego-2004-chaparral-22-cuddy-cabin/7921246100.html
2026-07-24,cl-7938813368,craigslist,"Sports fishing, tuna boat with outriggers",30000,https://sandiego.craigslist.org/ssd/boa/d/vancouver-sports-fishing-tuna-boat-with/7938813368.html
2026-07-24,cl-7938582901,craigslist,2021 Boston Whaler Montauk 150,33500,https://sandiego.craigslist.org/csd/boa/d/san-diego-2021-boston-whaler-montauk-150/7938582901.html
2026-07-24,cl-7938532151,craigslist,2006 Trophy Hardtop Diesel,35000,https://sandiego.craigslist.org/nsd/boa/d/carlsbad-2006-trophy-hardtop-diesel/7938532151.html
2026-07-24,cl-7932088532,craigslist,Rare Find! diesel 24' Skipjack Flybridge,17500,https://sandiego.craigslist.org/ssd/boa/d/san-diego-rare-find-diesel-24-skipjack/7932088532.html
2026-07-24,cl-7938265506,craigslist,1983 Grady White Sailfish,8000,https://sandiego.craigslist.org/nsd/boa/d/san-diego-1983-grady-white-sailfish/7938265506.html
2026-07-24,cl-7938225004,craigslist,wellcraft 26,20000,https://sandiego.craigslist.org/ssd/boa/d/chula-vista-wellcraft-26/7938225004.html
2026-07-24,cl-7937993268,craigslist,23’ Sea Ox Walkaround Cuddy - Honda BF225 - Simrad - Price Reduced,17500,https://sandiego.craigslist.org/nsd/boa/d/oceanside-23-sea-ox-walkaround-cuddy/7937993268.html
2026-07-24,cl-7917355597,craigslist,Owens Concorde Sportfisher Twin Yanmar Diesel,11500,https://sandiego.craigslist.org/ssd/boa/d/chula-vista-owens-concorde-sportfisher/7917355597.html
2026-07-24,cl-7937844636,craigslist,Boston Whaler,5000,https://sandiego.craigslist.org/csd/boa/d/ramona-boston-whaler/7937844636.html
2026-07-24,cl-7937552374,craigslist,1971 Skipjack 24ft flybridge,11000,https://sandiego.craigslist.org/csd/boa/d/san-diego-1971-skipjack-24ft-flybridge/7937552374.html
2026-07-24,cl-7937373033,craigslist,Carolina Skiff Sea Chaser 2400 Offshore - Suzuki 250 HP120712,17000,https://sandiego.craigslist.org/csd/boa/d/san-diego-carolina-skiff-sea-chaser/7937373033.html
2026-07-24,cl-7937288933,craigslist,2004 BAYLINER 2352 HARDTOP WALKAROUND,11000,https://sandiego.craigslist.org/csd/boa/d/oklahoma-city-2004-bayliner-2352/7937288933.html
2026-07-24,cl-7932748894,craigslist,25ft Chris craft lancer sport fisher,10000,https://sandiego.craigslist.org/nsd/boa/d/vista-25ft-chris-craft-lancer-sport/7932748894.html
2026-07-24,cl-7937158820,craigslist,"Soloskiff with 6 HP Tohatsu and trailer, mint condition, ready to fish",4900,https://sandiego.craigslist.org/nsd/boa/d/irvine-soloskiff-with-hp-tohatsu-and/7937158820.html
2026-07-24,cl-7937109931,craigslist,1999 Bayliner Trophy 22' Fishing Boat,13950,https://sandiego.craigslist.org/nsd/boa/d/fallbrook-1999-bayliner-trophy-22/7937109931.html
2026-07-24,cl-7934941314,craigslist,2005 Parker 1801CC with 2022 Yamaha 150,38500,https://sandiego.craigslist.org/csd/boa/d/san-diego-2005-parker-1801cc-with-2022/7934941314.html
2026-07-24,cl-7936951732,craigslist,2002 Stamas 250 Tarpon Runabout Sportfishing Boat,40000,https://sandiego.craigslist.org/ssd/boa/d/rialto-2002-stamas-250-tarpon-runabout/7936951732.html
2026-07-24,cl-7936827503,craigslist,2005 Edgewater 245cc Center Console -,32000,https://sandiego.craigslist.org/nsd/boa/d/san-diego-2005-edgewater-245cc-center/7936827503.html
2026-07-24,cl-7936312480,craigslist,2008 Tahoe Q6 ski/fish boat,10800,https://sandiego.craigslist.org/ssd/boa/d/bonita-2008-tahoe-q6-ski-fish-boat/7936312480.html
2026-07-24,cl-7936187924,craigslist,2005 Parker 2310 Boat For Sale,27500,https://sandiego.craigslist.org/csd/boa/d/san-diego-2005-parker-2310-boat-for-sale/7936187924.html
2026-07-24,cl-7916397540,craigslist,"15 Avon fishing boat , loaded with everything -",3500,https://sandiego.craigslist.org/csd/boa/d/san-diego-15-avon-fishing-boat-loaded/7916397540.html
2026-07-24,cl-7914244706,craigslist,1979 28 Skipjack,19000,https://sandiego.craigslist.org/esd/boa/d/el-cajon-skipjack/7914244706.html
2026-07-24,cl-7935458497,craigslist,Grady White Flybridge Atlantic 260,21500,https://sandiego.craigslist.org/csd/boa/d/san-diego-grady-white-flybridge/7935458497.html
2026-07-24,cl-7935406839,craigslist,30' Kettenburg Picnic/Express Restored Diesel Classic Picnic Express,50000,https://sandiego.craigslist.org/csd/bod/d/san-diego-30-kettenburg-picnic-express/7935406839.html
2026-07-24,cl-7932513684,craigslist,2000 21 foot seaswirl striper,23900,https://sandiego.craigslist.org/esd/boa/d/santee-foot-seaswirl-striper/7932513684.html
2026-07-24,cl-7935106216,craigslist,2001 Century 21 Coronado Hardtop classic boat,29900,https://sandiego.craigslist.org/csd/bod/d/san-diego-2001-century-21-coronado/7935106216.html
2026-07-24,cl-7934905888,craigslist,27 Express Sportfisher,49500,https://sandiego.craigslist.org/csd/boa/d/san-diego-27-express-sportfisher/7934905888.html
2026-07-24,cl-7918712295,craigslist,13’ Boston Whaler,10500,https://sandiego.craigslist.org/csd/boa/d/henderson-13-boston-whaler/7918712295.html
2026-07-24,cl-7924193406,craigslist,26’ Panga,22000,https://sandiego.craigslist.org/nsd/boa/d/valley-center-26-panga/7924193406.html
2026-07-24,cl-7934121363,craigslist,1994. Silverton 34 sportfisher,21000,https://sandiego.craigslist.org/csd/boa/d/san-diego-1994-silverton-34-sportfisher/7934121363.html
2026-07-24,cl-7933544197,craigslist,2000 Skipjack 262 Flybridge w/Yanmar 315hp diesel & Trailer,59900,https://sandiego.craigslist.org/csd/bod/d/san-diego-2000-skipjack-262-flybridge/7933544197.html
2026-07-25,cl-7937269874,craigslist,2002 Striper Fishing boat,48000,https://sandiego.craigslist.org/ssd/boa/d/marina-del-rey-2002-striper-fishing-boat/7937269874.html
2026-07-25,cl-7920668174,craigslist,Farallon 27 Whaleback Project,40000,https://sandiego.craigslist.org/csd/boa/d/san-diego-farallon-27-whaleback-project/7920668174.html
2026-07-25,cl-7939722168,craigslist,2009 Pursuit C 250 Center Console w/twin Yamaha F150,54900,https://sandiego.craigslist.org/csd/bod/d/san-diego-2009-pursuit-250-center/7939722168.html
2026-07-25,cl-7939659710,craigslist,1998 bayliner Trophy 26ft,14500,https://sandiego.craigslist.org/csd/boa/d/alpine-1998-bayliner-trophy-26ft/7939659710.html
2026-07-25,cl-7919105569,craigslist,1996 Bayliner Trophy 2352 Ready for El Nino Exotics This Year,29950,https://sandiego.craigslist.org/nsd/boa/d/oceanside-1996-bayliner-trophy-2352/7919105569.html
2026-07-25,cl-7938447370,craigslist,2001 Seaswirl Striper 2301,15900,https://sandiego.craigslist.org/esd/boa/d/jamul-2001-seaswirl-striper-2301/7938447370.html
2026-07-25,cl-7913591428,craigslist,Grady White,43500,https://sandiego.craigslist.org/esd/boa/d/jamul-grady-white/7913591428.html
2026-07-25,cl-7938882236,craigslist,29' Wellcraft & trailer - no engines,6000,https://sandiego.craigslist.org/csd/boa/d/garden-grove-29-wellcraft-trailer-no/7938882236.html
2026-07-25,cl-7939410515,craigslist,2006 Sea Hunt Escape 220 Dual Console Four Stroke Fresh Water,29500,https://sandiego.craigslist.org/nsd/boa/d/vista-2006-sea-hunt-escape-220-dual/7939410515.html
2026-07-25,cl-7934194341,craigslist,2005 Chaparral 22' Cuddy Cabin EFI Super Low Hours New Upholstery.,15850,https://sandiego.craigslist.org/csd/boa/d/san-diego-2005-chaparral-22-cuddy-cabin/7934194341.html
2026-07-25,cl-7939245604,craigslist,2003 Seaswirl Striper 2601,33000,https://sandiego.craigslist.org/nsd/boa/d/carlsbad-2003-seaswirl-striper-2601/7939245604.html
2026-07-25,cl-7923943547,craigslist,1991 Mako 286 side console Diesels project,13000,https://sandiego.craigslist.org/ssd/boa/d/newport-beach-1991-mako-286-side/7923943547.html
2026-07-25,cl-7921246100,craigslist,"2004 Chaparral 22"" Cuddy Cabin",13500,https://sandiego.craigslist.org/csd/boa/d/san-diego-2004-chaparral-22-cuddy-cabin/7921246100.html
2026-07-25,cl-7938532151,craigslist,2006 Trophy Hardtop Diesel,35000,https://sandiego.craigslist.org/nsd/boa/d/carlsbad-2006-trophy-hardtop-diesel/7938532151.html
2026-07-25,cl-7938455505,craigslist,Wellcraft SCARAB Sport 302 center w cuddy,49500,https://sandiego.craigslist.org/ssd/boa/d/dana-point-wellcraft-scarab-sport-302/7938455505.html
2026-07-25,cl-7936710536,craigslist,1976 Skipjack 24 Open – Hardtop + Tower – MerCruiser 5.7 – Trailer,14500,https://sandiego.craigslist.org/csd/boa/d/san-diego-1976-skipjack-24-open-hardtop/7936710536.html
2026-07-25,cl-7937552374,craigslist,1971 Skipjack 24ft flybridge,11000,https://sandiego.craigslist.org/csd/boa/d/san-diego-1971-skipjack-24ft-flybridge/7937552374.html
2026-07-25,cl-7937054364,craigslist,"24' Skipjack Open, 1982",13500,https://sandiego.craigslist.org/nsd/boa/d/costa-mesa-24-skipjack-open-1982/7937054364.html
2026-07-25,cl-7932293385,craigslist,2005 Seaswirl Striper 2101DC Anniversary edition,18899,https://sandiego.craigslist.org/esd/boa/d/lemon-grove-2005-seaswirl-striper/7932293385.html
2026-07-25,cl-7937373033,craigslist,Carolina Skiff Sea Chaser 2400 Offshore - Suzuki 250 HP,17000,https://sandiego.craigslist.org/csd/boa/d/san-diego-carolina-skiff-sea-chaser/7937373033.html
2026-07-25,cl-7936951732,craigslist,2002 Stamas 250 Tarpon Runabout Sportfishing Boat,40000,https://sandiego.craigslist.org/ssd/boa/d/rialto-2002-stamas-250-tarpon-runabout/7936951732.html
2026-07-25,cl-7936827503,craigslist,"2005 Edgewater 245cc Center Console - $32,000",32000,https://sandiego.craigslist.org/nsd/boa/d/san-diego-2005-edgewater-245cc-center/7936827503.html
2026-07-25,cl-7936651829,craigslist,Offshore Ready: 2011 Trophy Walkaround 111126 4.3L V6,18000,https://sandiego.craigslist.org/ssd/boa/d/chula-vista-offshore-ready-2011-trophy/7936651829.html
2026-07-25,cl-7932513684,craigslist,2000 21 foot seaswirl striper,23900,https://sandiego.craigslist.org/esd/boa/d/santee-foot-seaswirl-striper/7932513684.html
2026-07-25,cl-7934905888,craigslist,27 Express Sportfisher,49500,https://sandiego.craigslist.org/csd/boa/d/san-diego-27-express-sportfisher/7934905888.html
2026-07-25,cl-7924193406,craigslist,26' Panga,22000,https://sandiego.craigslist.org/nsd/boa/d/valley-center-26-panga/7924193406.html
2026-07-25,cl-7936187924,craigslist,2005 Parker 2310 Boat For Sale,27500,https://sandiego.craigslist.org/csd/boa/d/san-diego-2005-parker-2310-boat-for-sale/7936187924.html
2026-07-25,cl-7914244706,craigslist,1979 28 Skipjack,19000,https://sandiego.craigslist.org/esd/boa/d/el-cajon-skipjack/7914244706.html
2026-07-25,cl-7935458497,craigslist,Grady White Flybridge Atlantic 260,21500,https://sandiego.craigslist.org/csd/boa/d/san-diego-grady-white-flybridge/7935458497.html
2026-07-25,cl-7919895761,craigslist,"Sea Cat, Power Catamaran, 25ft, cuddy cabin",44999,https://sandiego.craigslist.org/ssd/boa/d/chula-vista-sea-cat-power-catamaran/7919895761.html
2026-07-25,cl-7933544197,craigslist,2000 Skipjack 262 Flybridge w/Yanmar 315hp diesel & Trailer,59900,https://sandiego.craigslist.org/csd/bod/d/san-diego-2000-skipjack-262-flybridge/7933544197.html
2026-07-25,cl-7937109931,craigslist,1999 Bayliner Trophy 22' Fishing Boat,13950,https://sandiego.craigslist.org/nsd/boa/d/fallbrook-1999-bayliner-trophy-22/7937109931.html
2026-07-25,cl-7932088532,craigslist,Rare Find! diesel 24' Skipjack Flybridge,17500,https://sandiego.craigslist.org/ssd/boa/d/san-diego-rare-find-diesel-24-skipjack/7932088532.html
2026-07-25,cl-7938265506,craigslist,1983 Grady White Sailfish,8000,https://sandiego.craigslist.org/nsd/boa/d/san-diego-1983-grady-white-sailfish/7938265506.html
2026-07-25,cl-7938225004,craigslist,wellcraft 26,20000,https://sandiego.craigslist.org/ssd/boa/d/chula-vista-wellcraft-26/7938225004.html
2026-07-25,cl-7917302247,craigslist,Seaswril striper 2150 2 hrs on motor read complete ad first,6500,https://sandiego.craigslist.org/esd/boa/d/lemon-grove-seaswril-striper-hrs-on/7917302247.html
2026-07-25,cl-7915794915,craigslist,30 ft boat sportfisher no trailer included,5500,https://sandiego.craigslist.org/esd/boa/d/lemon-grove-30-ft-boat-sportfisher-no/7915794915.html
2026-07-25,cl-7937993268,craigslist,23' Sea Ox Walkaround Cuddy - Honda BF225 - Simrad - Price Reduced,17500,https://sandiego.craigslist.org/nsd/boa/d/oceanside-23-sea-ox-walkaround-cuddy/7937993268.html
2026-07-27,cl-7937269874,craigslist,2002 Striper Fishing boat,48000,https://sandiego.craigslist.org/ssd/boa/d/marina-del-rey-2002-striper-fishing-boat/7937269874.html
2026-07-27,cl-7920668174,craigslist,"Farallon 27 Whaleback Project - $40,000",40000,https://sandiego.craigslist.org/csd/boa/d/san-diego-farallon-27-whaleback-project/7920668174.html
2026-07-27,cl-7939722168,craigslist,2009 Pursuit C 250 Center Console w/twin Yamaha F150,54900,https://sandiego.craigslist.org/csd/bod/d/san-diego-2009-pursuit-250-center/7939722168.html
2026-07-27,cl-7939659710,craigslist,1998 bayliner Trophy 26ft,14500,https://sandiego.craigslist.org/csd/boa/d/alpine-1998-bayliner-trophy-26ft/7939659710.html
2026-07-27,cl-7938447370,craigslist,2001 Seaswirl Striper 2301,15900,https://sandiego.craigslist.org/esd/boa/d/jamul-2001-seaswirl-striper-2301/7938447370.html
2026-07-27,cl-7913591428,craigslist,Grady White,43500,https://sandiego.craigslist.org/esd/boa/d/jamul-grady-white/7913591428.html
2026-07-27,cl-7939512761,craigslist,1998 21' Boston Whaler Conquest,45000,https://sandiego.craigslist.org/csd/boa/d/san-diego-boston-whaler-conquest/7939512761.html
2026-07-27,cl-7939509504,craigslist,1988 Cabo 216 Fishing Boat,15500,https://sandiego.craigslist.org/esd/boa/d/el-cajon-1988-cabo-216-fishing-boat/7939509504.html
2026-07-27,cl-7938768022,craigslist,2001 Boston Whaler 21 Ventura w/Mercury 200hp Optimax & Trailer,24900,https://sandiego.craigslist.org/csd/boa/d/san-diego-2001-boston-whaler-21-ventura/7938768022.html
2026-07-27,cl-7938882236,craigslist,29' Wellcraft & trailer - no engines,6000,https://sandiego.craigslist.org/csd/boa/d/garden-grove-29-wellcraft-trailer-no/7938882236.html
2026-07-27,cl-7939410515,craigslist,2006 Sea Hunt Escape 220 Dual Console Four Stroke Fresh Water,29500,https://sandiego.craigslist.org/nsd/boa/d/vista-2006-sea-hunt-escape-220-dual/7939410515.html
2026-07-27,cl-7939245604,craigslist,2003 Seaswirl Striper 2601,33000,https://sandiego.craigslist.org/nsd/boa/d/carlsbad-2003-seaswirl-striper-2601/7939245604.html
2026-07-27,cl-7923943547,craigslist,1991 Mako 286 side console Diesels project TRADE,13000,https://sandiego.craigslist.org/ssd/boa/d/newport-beach-1991-mako-286-side/7923943547.html
2026-07-27,cl-7939123001,craigslist,2008 Hydra-Sports 587712– Evinrude 250HP (Kevlar-Reinforced),26000,https://sandiego.craigslist.org/nsd/boa/d/oceanside-2008-hydra-sports-evinrude/7939123001.html
2026-07-27,cl-7938916074,craigslist,20' Scout 201 | Garmin GPS | T-Top | Excellent! Inshore Bay 637712,26000,https://sandiego.craigslist.org/ssd/boa/d/chula-vista-20-scout-201-garmin-gps-top/7938916074.html
2026-07-27,cl-7938813368,craigslist,"Sports fishing, tuna boat with outriggers",30000,https://sandiego.craigslist.org/ssd/boa/d/vancouver-sports-fishing-tuna-boat-with/7938813368.html
2026-07-27,cl-7938732830,craigslist,Nautic Star Angler 211,32000,https://sandiego.craigslist.org/csd/boa/d/san-diego-nautic-star-angler-211/7938732830.html
2026-07-27,cl-7937993268,craigslist,23' Sea Ox Walkaround Cuddy - Honda BF225 - Simrad - Price Reduced,17500,https://sandiego.craigslist.org/nsd/boa/d/oceanside-23-sea-ox-walkaround-cuddy/7937993268.html
2026-07-27,cl-7938455505,craigslist,Wellcraft SCARAB Sport 302 center w cuddy,49500,https://sandiego.craigslist.org/ssd/boa/d/dana-point-wellcraft-scarab-sport-302/7938455505.html
2026-07-27,cl-7932088532,craigslist,Rare Find! diesel 24' Skipjack Flybridge,17500,https://sandiego.craigslist.org/ssd/boa/d/san-diego-rare-find-diesel-24-skipjack/7932088532.html
2026-07-27,cl-7938265506,craigslist,1983 Grady White Sailfish,8000,https://sandiego.craigslist.org/nsd/boa/d/san-diego-1983-grady-white-sailfish/7938265506.html
2026-07-27,cl-7937496660,craigslist,Skipjack,4500,https://sandiego.craigslist.org/esd/boa/d/alpine-skipjack/7937496660.html
2026-07-27,cl-7939658825,craigslist,BOSTON WHALER FOR SALE!! RARE COLLECTOR BOAT!! MUST SEE!!,24900,https://sandiego.craigslist.org/csd/boa/d/lemon-grove-boston-whaler-for-sale-rare/7939658825.html
2026-07-27,cl-7938225004,craigslist,wellcraft 26,20000,https://sandiego.craigslist.org/ssd/boa/d/chula-vista-wellcraft-26/7938225004.html
2026-07-27,cl-7917302247,craigslist,Seaswirl striper 2150 2 hrs on motor read complete ad first,6500,https://sandiego.craigslist.org/esd/boa/d/lemon-grove-seaswirl-striper-hrs-on/7917302247.html
2026-07-27,cl-7915796499,craigslist,Seaswirl striper 2150 2 hrs on motor read complete ad first,6500,https://sandiego.craigslist.org/esd/boa/d/lemon-grove-seaswirl-striper-hrs-on/7915796499.html
2026-07-27,cl-7915794915,craigslist,30 ft boat sportfisher no trailer included,5500,https://sandiego.craigslist.org/esd/boa/d/lemon-grove-30-ft-boat-sportfisher-no/7915794915.html
2026-07-27,cl-7937373033,craigslist,Carolina Skiff Sea Chaser 2400 Offshore - Suzuki 250 HP120712,17000,https://sandiego.craigslist.org/csd/boa/d/san-diego-carolina-skiff-sea-chaser/7937373033.html
2026-07-27,cl-7932748894,craigslist,25ft Chris craft lancer sport fisher,10000,https://sandiego.craigslist.org/nsd/boa/d/vista-25ft-chris-craft-lancer-sport/7932748894.html
2026-07-27,cl-7937109931,craigslist,1999 Bayliner Trophy 22' Fishing Boat,13950,https://sandiego.craigslist.org/nsd/boa/d/fallbrook-1999-bayliner-trophy-22/7937109931.html
2026-07-27,cl-7937054364,craigslist,"24' Skipjack Open, 1982",13500,https://sandiego.craigslist.org/nsd/boa/d/costa-mesa-24-skipjack-open-1982/7937054364.html
2026-07-27,cl-7932293385,craigslist,2005 Seaswirl Striper 2101DC Anniversary edition,18899,https://sandiego.craigslist.org/esd/boa/d/lemon-grove-2005-seaswirl-striper/7932293385.html
2026-07-27,cl-7935040770,craigslist,2005 Seaswirl Striper 2101DC Anniversary edition,18899,https://sandiego.craigslist.org/esd/boa/d/lemon-grove-2005-seaswirl-striper/7935040770.html
2026-07-27,cl-7914162233,craigslist,2005 anniversary edition Seaswirl Striper 2101DC,18899,https://sandiego.craigslist.org/esd/boa/d/lemon-grove-2005-anniversary-edition/7914162233.html
2026-07-27,cl-7936951732,craigslist,2002 Stamas 250 Tarpon Runabout Sportfishing Boat,40000,https://sandiego.craigslist.org/ssd/boa/d/rialto-2002-stamas-250-tarpon-runabout/7936951732.html
2026-07-27,cl-7936827503,craigslist,"2005 Edgewater 245cc Center Console - $32,000",32000,https://sandiego.craigslist.org/nsd/boa/d/san-diego-2005-edgewater-245cc-center/7936827503.html
2026-07-27,cl-7919306497,craigslist,Fish /Dive Boat,19800,https://sandiego.craigslist.org/ssd/boa/d/san-pedro-fish-dive-boat/7919306497.html
2026-07-27,cl-7936651829,craigslist,Offshore Ready: 2011 Trophy Walkaround 111126 4.3L V6,18000,https://sandiego.craigslist.org/ssd/boa/d/chula-vista-offshore-ready-2011-trophy/7936651829.html
2026-07-27,cl-7936187924,craigslist,2005 Parker 2310 Boat For Sale,27500,https://sandiego.craigslist.org/csd/boa/d/san-diego-2005-parker-2310-boat-for-sale/7936187924.html
2026-07-27,cl-7935450517,craigslist,"2022 Avid 21' Welded Alum. CC Bay Boat, Yamaha 150hp. w/LOW Hours",44900,https://sandiego.craigslist.org/nsd/bod/d/vista-2022-avid-21-welded-alum-cc-bay/7935450517.html
2026-07-27,cl-7919895761,craigslist,"Sea Cat, Power Catamaran, 25ft, cuddy cabin",44999,https://sandiego.craigslist.org/ssd/boa/d/chula-vista-sea-cat-power-catamaran/7919895761.html
2026-07-27,cl-7932513684,craigslist,2000 21 foot seaswirl striper,23900,https://sandiego.craigslist.org/esd/boa/d/santee-foot-seaswirl-striper/7932513684.html
2026-07-27,cl-7916919568,craigslist,1977 Seacraft Potter built 23',30000,https://sandiego.craigslist.org/nsd/boa/d/vista-1977-seacraft-potter-built-23/7916919568.html
2026-07-27,cl-7918140522,craigslist,Thresher 22' Boat 2020 Mercury 200hp 4 Stroke OB,49000,https://sandiego.craigslist.org/ssd/boa/d/el-cajon-thresher-22-boat-2020-mercury/7918140522.html
2026-07-27,cl-7934905888,craigslist,27 Express Sportfisher,49500,https://sandiego.craigslist.org/csd/boa/d/san-diego-27-express-sportfisher/7934905888.html
2026-07-27,cl-7924193406,craigslist,26' Panga,22000,https://sandiego.craigslist.org/nsd/boa/d/valley-center-26-panga/7924193406.html
2026-07-27,cl-7933544197,craigslist,2000 Skipjack 262 Flybridge w/Yanmar 315hp diesel & Trailer,59900,https://sandiego.craigslist.org/csd/bod/d/san-diego-2000-skipjack-262-flybridge/7933544197.html
2026-07-27,cl-7914244706,craigslist,1979 28 Skipjack,19000,https://sandiego.craigslist.org/esd/boa/d/el-cajon-skipjack/7914244706.html
2026-07-27,cl-7935458497,craigslist,Grady White Flybridge Atlantic 260,21500,https://sandiego.craigslist.org/csd/boa/d/san-diego-grady-white-flybridge/7935458497.html
2026-07-27,cl-7928540615,craigslist,2007 Raider 22' RIB Inflatable Boat W Yamaha 115 EFI Excellent,17900,https://sandiego.craigslist.org/csd/boa/d/san-diego-2007-raider-22-rib-inflatable/7928540615.html
2026-07-27,cl-7919105569,craigslist,1996 Bayliner Trophy 2352 Ready for El Nino Exotics This Year,29950,https://sandiego.craigslist.org/nsd/boa/d/oceanside-1996-bayliner-trophy-2352/7919105569.html
2026-07-27,bt-8941848,boattrader,2019 Scout 210 Dorado,28500,https://www.boattrader.com/boat/2019-scout-210-dorado-8941848/
2026-07-27,bt-8497531,boattrader,2001 Seaswirl Striper 2600 Sport Cabin I/O,24395,https://www.boattrader.com/boat/2001-seaswirl-striper-2600-sport-cabin-i-o-8497531/
2026-07-27,bt-9795184,boattrader,1992 Luhrs Tournament 300,30000,https://www.boattrader.com/boat/1992-luhrs-tournament-300-9795184/
2026-07-27,bt-10146147,boattrader,1991 Bertram 28,40000,https://www.boattrader.com/boat/1991-bertram-28-10146147/
2026-07-27,bt-10020878,boattrader,2001 Pursuit 3000 Express,45000,https://www.boattrader.com/boat/2001-pursuit-3000-express-10020878/
2026-07-27,bt-10150047,boattrader,2008 Glacier Bay 2270 Isle Runner,35000,https://www.boattrader.com/boat/2008-glacier-bay-2270-isle-runner-10150047/
2026-07-27,bt-10152977,boattrader,2006 Parker 2520 SL Sport Cabin,59995,https://www.boattrader.com/boat/2006-parker-2520-sl-sport-cabin-10152977/
2026-07-27,bt-10033838,boattrader,1976 Chris-Craft 30 Tournament SF,46000,https://www.boattrader.com/boat/1976-chris-craft-30-tournament-sf-10033838/
2026-07-27,bt-10177994,boattrader,2022 Avid 21 Fusion,39900,https://www.boattrader.com/boat/2022-avid-21-fusion-10177994/
2026-07-27,bt-9692473,boattrader,2005 Grady-White Tournament 225,29995,https://www.boattrader.com/boat/2005-grady-white-tournament-225-9692473/
2026-07-27,bt-10200387,boattrader,2023 NauticStar 242L Offshore,49987,https://www.boattrader.com/boat/2023-nauticstar-242l-offshore-10200387/
2026-07-27,bt-10217414,boattrader,1998 Pro-Line 2610 Walkaround,33500,https://www.boattrader.com/boat/1998-pro-line-2610-walkaround-10217414/
2026-07-27,bt-10135697,boattrader,2006 Robalo R295 Walkaround,55000,https://www.boattrader.com/boat/2006-robalo-r295-walkaround-10135697/
2026-07-27,bt-10211419,boattrader,2002 Skipjack 262 Flying Bridge,33000,https://www.boattrader.com/boat/2002-skipjack-262-flying-bridge-10211419/
2026-07-27,bt-10249331,boattrader,2009 Seaswirl Striper,46000,https://www.boattrader.com/boat/2009-seaswirl-striper-10249331/
2026-07-27,bt-9951640,boattrader,1997 Steiger Craft 21 Miami,38500,https://www.boattrader.com/boat/1997-steiger-craft-21-miami-9951640/
2026-07-27,bt-10262708,boattrader,2004 Robalo Walkaround,40000,https://www.boattrader.com/boat/2004-robalo-walkaround-10262708/
2026-07-27,bt-9596183,boattrader,1979 Custom Chaparral Center Console,39000,https://www.boattrader.com/boat/1979-custom-chaparral-center-console-9596183/
2026-07-27,bt-10260872,boattrader,2016 Sea Fox 226 Commander,49900,https://www.boattrader.com/boat/2016-sea-fox-226-commander-10260872/
2026-07-27,bt-10257539,boattrader,2020 Key West 203 DFS,34800,https://www.boattrader.com/boat/2020-key-west-203-dfs-10257539/
2026-07-27,bt-9540459,boattrader,1981 Mako 25 Mako,40000,https://www.boattrader.com/boat/1981-mako-25-mako-9540459/
2026-07-27,bt-10118918,boattrader,1999 Bayliner 2352 Trophy,29999,https://www.boattrader.com/boat/1999-bayliner-2352-trophy-10118918/
2026-07-27,bt-10119321,boattrader,1976 Shamrock Center Console,9995,https://www.boattrader.com/boat/1976-shamrock-center-console-10119321/
2026-07-27,bt-10097237,boattrader,2002 Sea Fox 210 Center Console,29500,https://www.boattrader.com/boat/2002-sea-fox-210-center-console-10097237/
2026-07-27,bt-10201709,boattrader,2005 Aquasport 275 Explorer,35500,https://www.boattrader.com/boat/2005-aquasport-275-explorer-10201709/
2026-07-27,bt-10158866,boattrader,2001 Skipjack 262,50000,https://www.boattrader.com/boat/2001-skipjack-262-10158866/
2026-07-27,bt-10138293,boattrader,2007 Pursuit 235 Denali LS,59500,https://www.boattrader.com/boat/2007-pursuit-235-denali-ls-10138293/
2026-07-27,bt-10259821,boattrader,2016 Parker 2320 SL Sport Cabin,25000,https://www.boattrader.com/boat/2016-parker-2320-sl-sport-cabin-10259821/
2026-07-27,bt-10222977,boattrader,2001 Bayliner Trophy,10000,https://www.boattrader.com/boat/2001-bayliner-trophy-10222977/
2026-07-27,bt-10243463,boattrader,2002 Striper striper,48000,https://www.boattrader.com/boat/2002-striper-striper-10243463/
2026-07-27,bt-10221866,boattrader,2021 KenCraft Challenger,54900,https://www.boattrader.com/boat/2021-kencraft-challenger-10221866/
2026-07-27,bt-10257212,boattrader,2000 World Cat 266 SC,51500,https://www.boattrader.com/boat/2000-world-cat-266-sc-10257212/
2026-07-27,bt-9982653,boattrader,1998 Pursuit 2470 Center Console,55000,https://www.boattrader.com/boat/1998-pursuit-2470-center-console-9982653/
2026-07-27,bt-10176709,boattrader,1998 Tiara Yachts 2900 Coronet,54925,https://www.boattrader.com/boat/1998-tiara-yachts-2900-coronet-10176709/
2026-07-27,bt-10216878,boattrader,1995 Tiara Yachts 2900 Open,59995,https://www.boattrader.com/boat/1995-tiara-yachts-2900-open-10216878/
2026-07-27,bt-10099672,boattrader,2008 Pursuit C 230 Center Console,48000,https://www.boattrader.com/boat/2008-pursuit-c-230-center-console-10099672/
2026-07-27,bt-8088296,boattrader,1999 Sport-Craft 272 Sport fisher,51000,https://www.boattrader.com/boat/1999-sport-craft-272-sport-fisher-8088296/
2026-07-27,bt-9643120,boattrader,2023 Bayliner Trophy T22CX,59000,https://www.boattrader.com/boat/2023-bayliner-trophy-t22cx-9643120/
2026-07-27,bt-10160690,boattrader,1991 Mako 286,29000,https://www.boattrader.com/boat/1991-mako-286-10160690/
2026-07-27,bt-9725552,boattrader,1981 Phoenix 29 Convertible,35000,https://www.boattrader.com/boat/1981-phoenix-29-convertible-9725552/
2026-07-27,bt-9897221,boattrader,2001 Sea Ray 290 Amberjack,34900,https://www.boattrader.com/boat/2001-sea-ray-290-amberjack-9897221/
2026-07-27,bt-9982485,boattrader,2001 Hysucat 650,32000,https://www.boattrader.com/boat/2001-hysucat-650-9982485/
2026-07-27,bt-8178104,boattrader,2006 Ranger 2400 Bay Ranger,53500,https://www.boattrader.com/boat/2006-ranger-2400-bay-ranger-8178104/
2026-07-27,bt-10016303,boattrader,2021 G3 Bay 20 DLX,42500,https://www.boattrader.com/boat/2021-g3-bay-20-dlx-10016303/
2026-07-27,bt-10151518,boattrader,2006 Bayliner 2052 Trophy Walkaround,18000,https://www.boattrader.com/boat/2006-bayliner-2052-trophy-walkaround-10151518/
2026-07-27,bt-10255400,boattrader,1995 Sea Cat SL5,49999,https://www.boattrader.com/boat/1995-sea-cat-sl5-10255400/
2026-07-27,bt-9463481,boattrader,2022 Stingray 206 CC,34000,https://www.boattrader.com/boat/2022-stingray-206-cc-9463481/
2026-07-27,bt-9941706,boattrader,2019 Stingray 206 CC,32500,https://www.boattrader.com/boat/2019-stingray-206-cc-9941706/
2026-07-27,bm-5040940969,boatmart,1996 Grady-White 272 SAILFISH,14950,https://www.boatmart.com/listing/1996-Grady-White-272+SAILFISH-5040940969
2026-07-27,bm-5040834168,boatmart,2002 Fish Hawk Walk Around,33900,https://www.boatmart.com/listing/2002-Fish+Hawk-Walk+Around-5040834168
2026-07-27,bm-5027049302,boatmart,2019 Mako 214,55990,https://www.boatmart.com/listing/2019-Mako-214-5027049302
2026-07-27,bm-5038948984,boatmart,1999 Grady-White 272 Sailfish,44500,https://www.boatmart.com/listing/1999-Grady-White-272+Sailfish-5038948984
2026-07-27,bm-5035655422,boatmart,2015 Sportsman OPEN 212/CC,33000,https://www.boatmart.com/listing/2015-Sportsman-OPEN+212%2FCC-5035655422
2026-07-27,bm-5031869573,boatmart,1996 Sea Cat SL5,49000,https://www.boatmart.com/listing/1996-Sea+Cat-SL5-5031869573
2026-07-27,bm-5030337861,boatmart,1990 Wellcraft 250 Sportsman,16500,https://www.boatmart.com/listing/1990-Wellcraft-250+Sportsman-5030337861
2026-07-27,bm-5034018399,boatmart,2006 Trophy 2052 WA,19500,https://www.boatmart.com/listing/2006-Trophy-2052+WA-5034018399
2026-07-27,bm-5040148136,boatmart,1996 Bayliner 2352 Trophy Walkaround,26500,https://www.boatmart.com/listing/1996-Bayliner-2352+Trophy+Walkaround-5040148136
2026-07-27,bm-5030150567,boatmart,2011 Skeeter ZX 22 BAY,32900,https://www.boatmart.com/listing/2011-Skeeter-ZX+22+BAY-5030150567
2026-07-27,bm-5033806813,boatmart,2002 Seaswirl Striper 2600,33500,https://www.boatmart.com/listing/2002-Seaswirl-Striper+2600-5033806813
2026-07-27,bm-5033251058,boatmart,1994 Skipjack Flybridge 262,47000,https://www.boatmart.com/listing/1994-Skipjack-Flybridge+262-5033251058
2026-07-27,bm-5038434743,boatmart,1989 Hydra-Sports Vector 2200 WA,26995,https://www.boatmart.com/listing/1989-Hydra-Sports-Vector+2200+WA-5038434743
2026-07-27,bm-5039391659,boatmart,2022 Bayliner T22cc,52997,https://www.boatmart.com/listing/2022-Bayliner-T22cc-5039391659
2026-08-02,cl-7937269874,craigslist,2002 Striper Fishing boat,48000,https://sandiego.craigslist.org/ssd/boa/d/marina-del-rey-2002-striper-fishing-boat/7937269874.html
2026-08-02,cl-7937496660,craigslist,Skipjack,4500,https://sandiego.craigslist.org/esd/boa/d/alpine-skipjack/7937496660.html
2026-08-02,cl-7920668174,craigslist,"Farallon 27 Whaleback Project - $40,000",40000,https://sandiego.craigslist.org/csd/boa/d/san-diego-farallon-27-whaleback-project/7920668174.html
2026-08-02,cl-7939722168,craigslist,2009 Pursuit C 250 Center Console w/twin Yamaha F150,54900,https://sandiego.craigslist.org/csd/bod/d/san-diego-2009-pursuit-250-center/7939722168.html
2026-08-02,cl-7939658825,craigslist,BOSTON WHALER FOR SALE!! RARE COLLECTOR BOAT!! MUST SEE!!,24900,https://sandiego.craigslist.org/csd/boa/d/lemon-grove-boston-whaler-for-sale-rare/7939658825.html
2026-08-02,cl-7939659710,craigslist,1998 bayliner Trophy 26ft,14500,https://sandiego.craigslist.org/csd/boa/d/alpine-1998-bayliner-trophy-26ft/7939659710.html
2026-08-02,cl-7919105569,craigslist,1996 Bayliner Trophy 2352 Ready for El Nino Exotics This Year,29950,https://sandiego.craigslist.org/nsd/boa/d/oceanside-1996-bayliner-trophy-2352/7919105569.html
2026-08-02,cl-7938447370,craigslist,2001 Seaswirl Striper 2301,15900,https://sandiego.craigslist.org/esd/boa/d/jamul-2001-seaswirl-striper-2301/7938447370.html
2026-08-02,cl-7913591428,craigslist,Grady White,43500,https://sandiego.craigslist.org/esd/boa/d/jamul-grady-white/7913591428.html
2026-08-02,cl-7939512761,craigslist,1998 21' Boston Whaler Conquest,45000,https://sandiego.craigslist.org/csd/boa/d/san-diego-boston-whaler-conquest/7939512761.html
2026-08-02,cl-7939509504,craigslist,1988 Cabo 216 Fishing Boat,15500,https://sandiego.craigslist.org/esd/boa/d/el-cajon-1988-cabo-216-fishing-boat/7939509504.html
2026-08-02,cl-7938768022,craigslist,2001 Boston Whaler 21 Ventura w/Mercury 200hp Optimax & Trailer,24900,https://sandiego.craigslist.org/csd/boa/d/san-diego-2001-boston-whaler-21-ventura/7938768022.html
2026-08-02,cl-7938882236,craigslist,29' Wellcraft & trailer - no engines,6000,https://sandiego.craigslist.org/csd/boa/d/garden-grove-29-wellcraft-trailer-no/7938882236.html
2026-08-02,cl-7939410515,craigslist,2006 Sea Hunt Escape 220 Dual Console Four Stroke Fresh Water,29500,https://sandiego.craigslist.org/nsd/boa/d/vista-2006-sea-hunt-escape-220-dual/7939410515.html
2026-08-02,cl-7934194341,craigslist,2005 Chaparral 22' Cuddy Cabin EFI Super Low Hours New Upholstery.,15850,https://sandiego.craigslist.org/csd/boa/d/san-diego-2005-chaparral-22-cuddy-cabin/7934194341.html
2026-08-02,cl-7939245604,craigslist,2003 Seaswirl Striper 2601,33000,https://sandiego.craigslist.org/nsd/boa/d/carlsbad-2003-seaswirl-striper-2601/7939245604.html
2026-08-02,cl-7923943547,craigslist,1991 Mako 286 side console Diesels project TRADE,13000,https://sandiego.craigslist.org/ssd/boa/d/newport-beach-1991-mako-286-side/7923943547.html
2026-08-02,cl-7939123001,craigslist,2008 Hydra-Sports 587712– Evinrude 250HP (Kevlar-Reinforced),26000,https://sandiego.craigslist.org/nsd/boa/d/oceanside-2008-hydra-sports-evinrude/7939123001.html
2026-08-02,cl-7938916074,craigslist,20' Scout 201 | Garmin GPS | T-Top | Excellent! Inshore Bay,26000,https://sandiego.craigslist.org/ssd/boa/d/chula-vista-20-scout-201-garmin-gps-top/7938916074.html
2026-08-02,cl-7921246100,craigslist,"2004 Chaparral 22"" Cuddy Cabin",13500,https://sandiego.craigslist.org/csd/boa/d/san-diego-2004-chaparral-22-cuddy-cabin/7921246100.html
2026-08-02,cl-7938732830,craigslist,Nautic Star Angler 211,32000,https://sandiego.craigslist.org/csd/boa/d/san-diego-nautic-star-angler-211/7938732830.html
2026-08-02,cl-7938532151,craigslist,2006 Trophy Hardtop Diesel,35000,https://sandiego.craigslist.org/nsd/boa/d/carlsbad-2006-trophy-hardtop-diesel/7938532151.html
2026-08-02,cl-7938455505,craigslist,Wellcraft SCARAB Sport 302 center w cuddy,49500,https://sandiego.craigslist.org/ssd/boa/d/dana-point-wellcraft-scarab-sport-302/7938455505.html
2026-08-02,cl-7932088532,craigslist,Rare Find! diesel 24' Skipjack Flybridge,17500,https://sandiego.craigslist.org/ssd/boa/d/san-diego-rare-find-diesel-24-skipjack/7932088532.html
2026-08-02,cl-7938265506,craigslist,1983 Grady White Sailfish,8000,https://sandiego.craigslist.org/nsd/boa/d/san-diego-1983-grady-white-sailfish/7938265506.html
2026-08-02,cl-7938225004,craigslist,wellcraft 26,20000,https://sandiego.craigslist.org/ssd/boa/d/chula-vista-wellcraft-26/7938225004.html
2026-08-02,cl-7917302247,craigslist,Seaswirl striper 2150 2 hrs on motor read complete ad first,6500,https://sandiego.craigslist.org/esd/boa/d/lemon-grove-seaswirl-striper-hrs-on/7917302247.html
2026-08-02,cl-7915796499,craigslist,Seaswirl striper 2150 2 hrs on motor read complete ad first,6500,https://sandiego.craigslist.org/esd/boa/d/lemon-grove-seaswirl-striper-hrs-on/7915796499.html
2026-08-02,cl-7915794915,craigslist,30 ft boat sportfisher no trailer included,5500,https://sandiego.craigslist.org/esd/boa/d/lemon-grove-30-ft-boat-sportfisher-no/7915794915.html
2026-08-02,cl-7937993268,craigslist,23' Sea Ox Walkaround Cuddy - Honda BF225 - Simrad - Price Reduced,17500,https://sandiego.craigslist.org/nsd/boa/d/oceanside-23-sea-ox-walkaround-cuddy/7937993268.html
2026-08-02,cl-7937109931,craigslist,1999 Bayliner Trophy 22' Fishing Boat,13950,https://sandiego.craigslist.org/nsd/boa/d/fallbrook-1999-bayliner-trophy-22/7937109931.html
2026-08-02,cl-7937054364,craigslist,"24' Skipjack Open, 1982",13500,https://sandiego.craigslist.org/nsd/boa/d/costa-mesa-24-skipjack-open-1982/7937054364.html
2026-08-02,cl-7932293385,craigslist,2005 Seaswirl Striper 2101DC Anniversary edition,18899,https://sandiego.craigslist.org/esd/boa/d/lemon-grove-2005-seaswirl-striper/7932293385.html
2026-08-02,cl-7935040770,craigslist,2005 Seaswirl Striper 2101DC Anniversary edition,18899,https://sandiego.craigslist.org/esd/boa/d/lemon-grove-2005-seaswirl-striper/7935040770.html
2026-08-02,cl-7914162233,craigslist,2005 anniversary edition Seaswirl Striper 2101DC,18899,https://sandiego.craigslist.org/esd/boa/d/lemon-grove-2005-anniversary-edition/7914162233.html
2026-08-02,cl-7936951732,craigslist,2002 Stamas 250 Tarpon Runabout Sportfishing Boat,40000,https://sandiego.craigslist.org/ssd/boa/d/rialto-2002-stamas-250-tarpon-runabout/7936951732.html
2026-08-02,cl-7936827503,craigslist,"2005 Edgewater 245cc Center Console - $32,000",32000,https://sandiego.craigslist.org/nsd/boa/d/san-diego-2005-edgewater-245cc-center/7936827503.html
2026-08-02,cl-7919306497,craigslist,Fish /Dive Boat,19800,https://sandiego.craigslist.org/ssd/boa/d/san-pedro-fish-dive-boat/7919306497.html
2026-08-02,cl-7936651829,craigslist,Offshore Ready: 2011 Trophy Walkaround 111126 4.3L V6,18000,https://sandiego.craigslist.org/ssd/boa/d/chula-vista-offshore-ready-2011-trophy/7936651829.html
2026-08-02,cl-7936187924,craigslist,2005 Parker 2310 Boat For Sale,27500,https://sandiego.craigslist.org/csd/boa/d/san-diego-2005-parker-2310-boat-for-sale/7936187924.html
2026-08-02,cl-7914244706,craigslist,1979 28 Skipjack,19000,https://sandiego.craigslist.org/esd/boa/d/el-cajon-skipjack/7914244706.html
2026-08-02,cl-7935458497,craigslist,Grady White Flybridge Atlantic 260,21500,https://sandiego.craigslist.org/csd/boa/d/san-diego-grady-white-flybridge/7935458497.html
2026-08-02,cl-7935450517,craigslist,"2022 Avid 21' Welded Alum. CC Bay Boat, Yamaha 150hp. w/LOW Hours",44900,https://sandiego.craigslist.org/nsd/bod/d/vista-2022-avid-21-welded-alum-cc-bay/7935450517.html
2026-08-02,cl-7919895761,craigslist,"Sea Cat, Power Catamaran, 25ft, cuddy cabin",44999,https://sandiego.craigslist.org/ssd/boa/d/chula-vista-sea-cat-power-catamaran/7919895761.html
2026-08-02,cl-7932513684,craigslist,2000 21 foot seaswirl striper,23900,https://sandiego.craigslist.org/esd/boa/d/santee-foot-seaswirl-striper/7932513684.html
2026-08-02,cl-7916919568,craigslist,1977 Seacraft Potter built 23',30000,https://sandiego.craigslist.org/nsd/boa/d/vista-1977-seacraft-potter-built-23/7916919568.html
2026-08-02,cl-7918140522,craigslist,Thresher 22' Boat 2020 Mercury 200hp 4 Stroke OB,49000,https://sandiego.craigslist.org/ssd/boa/d/el-cajon-thresher-22-boat-2020-mercury/7918140522.html
2026-08-02,cl-7934905888,craigslist,27 Express Sportfisher,49500,https://sandiego.craigslist.org/csd/boa/d/san-diego-27-express-sportfisher/7934905888.html
2026-08-02,cl-7924193406,craigslist,26' Panga,22000,https://sandiego.craigslist.org/nsd/boa/d/valley-center-26-panga/7924193406.html
2026-08-02,cl-7933544197,craigslist,2000 Skipjack 262 Flybridge w/Yanmar 315hp diesel & Trailer,59900,https://sandiego.craigslist.org/csd/bod/d/san-diego-2000-skipjack-262-flybridge/7933544197.html
2026-08-02,cl-7917355597,craigslist,Owens Concorde Sportfisher Twin Yanmar Diesel,11500,https://sandiego.craigslist.org/ssd/boa/d/chula-vista-owens-concorde-sportfisher/7917355597.html
2026-08-02,cl-7937611302,craigslist,"21ft Boston Outrage 111081 Center Console, Ready to Fish",16000,https://sandiego.craigslist.org/nsd/boa/d/oceanside-21ft-boston-outrage-center/7937611302.html
2026-08-02,cl-7937552374,craigslist,1971 Skipjack 24ft flybridge,11000,https://sandiego.craigslist.org/csd/boa/d/san-diego-1971-skipjack-24ft-flybridge/7937552374.html
2026-08-02,cl-7932748894,craigslist,25ft Chris craft lancer sport fisher,10000,https://sandiego.craigslist.org/nsd/boa/d/vista-25ft-chris-craft-lancer-sport/7932748894.html
2026-08-02,cl-7936710536,craigslist,1976 Skipjack 24 Open – Hardtop + Tower – MerCruiser 5.7 – Trailer,14500,https://sandiego.craigslist.org/csd/boa/d/san-diego-1976-skipjack-24-open-hardtop/7936710536.html
2026-08-02,cl-7937844636,craigslist,Boston Whaler,5000,https://sandiego.craigslist.org/csd/boa/d/ramona-boston-whaler/7937844636.html
2026-08-02,cl-7937373033,craigslist,Carolina Skiff Sea Chaser 2400 Offshore - Suzuki 250 HP120712,17000,https://sandiego.craigslist.org/csd/boa/d/san-diego-carolina-skiff-sea-chaser/7937373033.html
2026-08-03,cl-7937269874,craigslist,2002 Striper Fishing boat,48000,https://sandiego.craigslist.org/ssd/boa/d/marina-del-rey-2002-striper-fishing-boat/7937269874.html
2026-08-03,cl-7920668174,craigslist,"Farallon 27 Whaleback Project - $40,000",40000,https://sandiego.craigslist.org/csd/boa/d/san-diego-farallon-27-whaleback-project/7920668174.html
2026-08-03,cl-7939722168,craigslist,2009 Pursuit C 250 Center Console w/twin Yamaha F150,54900,https://sandiego.craigslist.org/csd/bod/d/san-diego-2009-pursuit-250-center/7939722168.html
2026-08-03,cl-7939659710,craigslist,1998 bayliner Trophy 26ft,14500,https://sandiego.craigslist.org/csd/boa/d/alpine-1998-bayliner-trophy-26ft/7939659710.html
2026-08-03,cl-7919105569,craigslist,1996 Bayliner Trophy 2352 Ready for El Nino Exotics This Year,29950,https://sandiego.craigslist.org/nsd/boa/d/oceanside-1996-bayliner-trophy-2352/7919105569.html
2026-08-03,cl-7938447370,craigslist,2001 Seaswirl Striper 2301,15900,https://sandiego.craigslist.org/esd/boa/d/jamul-2001-seaswirl-striper-2301/7938447370.html
2026-08-03,cl-7913591428,craigslist,Grady White,43500,https://sandiego.craigslist.org/esd/boa/d/jamul-grady-white/7913591428.html
2026-08-03,cl-7939512761,craigslist,1998 21' Boston Whaler Conquest,45000,https://sandiego.craigslist.org/csd/boa/d/san-diego-boston-whaler-conquest/7939512761.html
2026-08-03,cl-7938768022,craigslist,2001 Boston Whaler 21 Ventura w/Mercury 200hp Optimax & Trailer,24900,https://sandiego.craigslist.org/csd/boa/d/san-diego-2001-boston-whaler-21-ventura/7938768022.html
2026-08-03,cl-7939410515,craigslist,2006 Sea Hunt Escape 220 Dual Console Four Stroke Fresh Water,29500,https://sandiego.craigslist.org/nsd/boa/d/vista-2006-sea-hunt-escape-220-dual/7939410515.html
2026-08-03,cl-7939245604,craigslist,2003 Seaswirl Striper 2601,33000,https://sandiego.craigslist.org/nsd/boa/d/carlsbad-2003-seaswirl-striper-2601/7939245604.html
2026-08-03,cl-7923943547,craigslist,1991 Mako 286 side console Diesels project TRADE,13000,https://sandiego.craigslist.org/ssd/boa/d/newport-beach-1991-mako-286-side/7923943547.html
2026-08-03,cl-7938916074,craigslist,20' Scout 201 | Garmin GPS | T-Top | Excellent! Inshore Bay,26000,https://sandiego.craigslist.org/ssd/boa/d/chula-vista-20-scout-201-garmin-gps-top/7938916074.html
2026-08-03,cl-7932088532,craigslist,Rare Find! diesel 24' Skipjack Flybridge,17500,https://sandiego.craigslist.org/ssd/boa/d/san-diego-rare-find-diesel-24-skipjack/7932088532.html
2026-08-03,cl-7917302247,craigslist,Seaswirl striper 2150 2 hrs on motor read complete ad first,6500,https://sandiego.craigslist.org/esd/boa/d/lemon-grove-seaswirl-striper-hrs-on/7917302247.html
2026-08-03,cl-7915796499,craigslist,Seaswirl striper 2150 2 hrs on motor read complete ad first,6500,https://sandiego.craigslist.org/esd/boa/d/lemon-grove-seaswirl-striper-hrs-on/7915796499.html
2026-08-03,cl-7937993268,craigslist,23' Sea Ox Walkaround Cuddy - Honda BF225 - Simrad - Price Reduced,17500,https://sandiego.craigslist.org/nsd/boa/d/oceanside-23-sea-ox-walkaround-cuddy/7937993268.html
2026-08-03,cl-7937611302,craigslist,"21ft Boston Outrage 111081 Center Console, Ready to Fish",16000,https://sandiego.craigslist.org/nsd/boa/d/oceanside-21ft-boston-outrage-center/7937611302.html
2026-08-03,cl-7937552374,craigslist,1971 Skipjack 24ft flybridge,11000,https://sandiego.craigslist.org/csd/boa/d/san-diego-1971-skipjack-24ft-flybridge/7937552374.html
2026-08-03,cl-7937373033,craigslist,Carolina Skiff Sea Chaser 2400 Offshore - Suzuki 250 HP,17000,https://sandiego.craigslist.org/csd/boa/d/san-diego-carolina-skiff-sea-chaser/7937373033.html
2026-08-03,cl-7932748894,craigslist,25ft Chris craft lancer sport fisher,10000,https://sandiego.craigslist.org/nsd/boa/d/vista-25ft-chris-craft-lancer-sport/7932748894.html
2026-08-03,cl-7937109931,craigslist,1999 Bayliner Trophy 22' Fishing Boat,13950,https://sandiego.craigslist.org/nsd/boa/d/fallbrook-1999-bayliner-trophy-22/7937109931.html
2026-08-03,cl-7936951732,craigslist,2002 Stamas 250 Tarpon Runabout Sportfishing Boat,40000,https://sandiego.craigslist.org/ssd/boa/d/rialto-2002-stamas-250-tarpon-runabout/7936951732.html
2026-08-03,cl-7936827503,craigslist,"2005 Edgewater 245cc Center Console - $32,000",32000,https://sandiego.craigslist.org/nsd/boa/d/san-diego-2005-edgewater-245cc-center/7936827503.html
2026-08-03,cl-7936187924,craigslist,2005 Parker 2310 Boat For Sale,27500,https://sandiego.craigslist.org/csd/boa/d/san-diego-2005-parker-2310-boat-for-sale/7936187924.html
2026-08-03,cl-7918140522,craigslist,Thresher 22' Boat 2020 Mercury 200hp 4 Stroke OB,49000,https://sandiego.craigslist.org/ssd/boa/d/el-cajon-thresher-22-boat-2020-mercury/7918140522.html
2026-08-03,cl-7916919568,craigslist,1977 Seacraft Potter built 23',30000,https://sandiego.craigslist.org/nsd/boa/d/vista-1977-seacraft-potter-built-23/7916919568.html
2026-08-03,cl-7932513684,craigslist,2000 21 foot seaswirl striper,23900,https://sandiego.craigslist.org/esd/boa/d/santee-foot-seaswirl-striper/7932513684.html
2026-08-03,cl-7934905888,craigslist,27 Express Sportfisher,49500,https://sandiego.craigslist.org/csd/boa/d/san-diego-27-express-sportfisher/7934905888.html
2026-08-03,cl-7924193406,craigslist,26' Panga,22000,https://sandiego.craigslist.org/nsd/boa/d/valley-center-26-panga/7924193406.html
2026-08-03,cl-7919895761,craigslist,"Sea Cat, Power Catamaran, 25ft, cuddy cabin",44999,https://sandiego.craigslist.org/ssd/boa/d/chula-vista-sea-cat-power-catamaran/7919895761.html
2026-08-03,cl-7938732830,craigslist,Nautic Star Angler 211,32000,https://sandiego.craigslist.org/csd/boa/d/san-diego-nautic-star-angler-211/7938732830.html
2026-08-03,cl-7937496660,craigslist,Skipjack,4500,https://sandiego.craigslist.org/esd/boa/d/alpine-skipjack/7937496660.html
2026-08-03,cl-7939838863,craigslist,29' flybridge & trailer - PROJECT BOAT,6000,https://sandiego.craigslist.org/csd/boa/d/garden-grove-29-flybridge-trailer/7939838863.html
2026-08-03,cl-7938882236,craigslist,29' Wellcraft & trailer - no engines,6000,https://sandiego.craigslist.org/csd/boa/d/garden-grove-29-wellcraft-trailer-no/7938882236.html
2026-08-03,cl-7937641652,craigslist,2252 Cody cabin 96 Bayliner,9000,https://sandiego.craigslist.org/nsd/boa/d/oceanside-2252-cody-cabin-96-bayliner/7937641652.html
2026-08-03,cl-7935450517,craigslist,"2022 Avid 21' Welded Alum. CC Bay Boat, Yamaha 150hp. w/LOW Hours",44900,https://sandiego.craigslist.org/nsd/bod/d/vista-2022-avid-21-welded-alum-cc-bay/7935450517.html
2026-08-03,cl-7917355597,craigslist,Owens Concorde Sportfisher Twin Yanmar Diesel,11500,https://sandiego.craigslist.org/ssd/boa/d/chula-vista-owens-concorde-sportfisher/7917355597.html
2026-08-03,cl-7936651829,craigslist,Offshore Ready: 2011 Trophy Walkaround 111126 4.3L V6,18000,https://sandiego.craigslist.org/ssd/boa/d/chula-vista-offshore-ready-2011-trophy/7936651829.html
2026-08-03,cl-7938813368,craigslist,"Sports fishing, tuna boat with outriggers",30000,https://sandiego.craigslist.org/ssd/boa/d/vancouver-sports-fishing-tuna-boat-with/7938813368.html
2026-08-03,cl-7934194341,craigslist,2005 Chaparral 22' Cuddy Cabin EFI Super Low Hours New Upholstery.,15850,https://sandiego.craigslist.org/csd/boa/d/san-diego-2005-chaparral-22-cuddy-cabin/7934194341.html
2026-08-03,cl-7921246100,craigslist,"2004 Chaparral 22"" Cuddy Cabin",13500,https://sandiego.craigslist.org/csd/boa/d/san-diego-2004-chaparral-22-cuddy-cabin/7921246100.html
2026-08-03,cl-7935106216,craigslist,2001 Century 21 Coronado Hardtop classic boat,29900,https://sandiego.craigslist.org/csd/bod/d/san-diego-2001-century-21-coronado/7935106216.html
2026-08-03,cl-7937288933,craigslist,2004 BAYLINER 2352 HARDTOP WALKAROUND,11000,https://sandiego.craigslist.org/csd/boa/d/oklahoma-city-2004-bayliner-2352/7937288933.html
2026-08-03,cl-7935458497,craigslist,Grady White Flybridge Atlantic 260,21500,https://sandiego.craigslist.org/csd/boa/d/san-diego-grady-white-flybridge/7935458497.html
2026-08-07,cl-7937269874,craigslist,2002 Striper Fishing boat,48000,https://sandiego.craigslist.org/ssd/boa/d/marina-del-rey-2002-striper-fishing-boat/7937269874.html
2026-08-07,cl-7920668174,craigslist,Farallon 27 Whaleback Project,40000,https://sandiego.craigslist.org/csd/boa/d/san-diego-farallon-27-whaleback-project/7920668174.html
2026-08-07,cl-7939722168,craigslist,2009 Pursuit C 250 Center Console w/twin Yamaha F150,54900,https://sandiego.craigslist.org/csd/bod/d/san-diego-2009-pursuit-250-center/7939722168.html
2026-08-07,cl-7939659710,craigslist,1998 bayliner Trophy 26ft,14500,https://sandiego.craigslist.org/csd/boa/d/alpine-1998-bayliner-trophy-26ft/7939659710.html
2026-08-07,cl-7919105569,craigslist,1996 Bayliner Trophy 2352,29950,https://sandiego.craigslist.org/nsd/boa/d/oceanside-1996-bayliner-trophy-2352/7919105569.html
2026-08-07,cl-7938447370,craigslist,2001 Seaswirl Striper 2301,15900,https://sandiego.craigslist.org/esd/boa/d/jamul-2001-seaswirl-striper-2301/7938447370.html
2026-08-07,cl-7913591428,craigslist,Grady White,43500,https://sandiego.craigslist.org/esd/boa/d/jamul-grady-white/7913591428.html
2026-08-07,cl-7939512761,craigslist,1998 21' Boston Whaler Conquest,45000,https://sandiego.craigslist.org/csd/boa/d/san-diego-boston-whaler-conquest/7939512761.html
2026-08-07,cl-7939509504,craigslist,1988 Cabo 216 Fishing Boat,15500,https://sandiego.craigslist.org/esd/boa/d/el-cajon-1988-cabo-216-fishing-boat/7939509504.html
2026-08-07,cl-7939410515,craigslist,2006 Sea Hunt Escape 220 Dual Console,29500,https://sandiego.craigslist.org/nsd/boa/d/vista-2006-sea-hunt-escape-220-dual/7939410515.html
2026-08-07,cl-7939123001,craigslist,2008 Hydra-Sports Evinrude 250HP,26000,https://sandiego.craigslist.org/nsd/boa/d/oceanside-2008-hydra-sports-evinrude/7939123001.html
2026-08-07,cl-7938916074,craigslist,20' Scout 201 Garmin GPS T-Top Inshore Bay,26000,https://sandiego.craigslist.org/ssd/boa/d/chula-vista-20-scout-201-garmin-gps-top/7938916074.html
2026-08-07,cl-7938813368,craigslist,"Sports fishing, tuna boat with outriggers",30000,https://sandiego.craigslist.org/ssd/boa/d/vancouver-sports-fishing-tuna-boat-with/7938813368.html
2026-08-07,cl-7938225004,craigslist,wellcraft 26,20000,https://sandiego.craigslist.org/ssd/boa/d/chula-vista-wellcraft-26/7938225004.html
2026-08-07,cl-7937993268,craigslist,23' Sea Ox Walkaround Cuddy - Honda BF225,17500,https://sandiego.craigslist.org/nsd/boa/d/oceanside-23-sea-ox-walkaround-cuddy/7937993268.html
2026-08-07,cl-7932088532,craigslist,Rare Find! diesel 24' Skipjack Flybridge,17500,https://sandiego.craigslist.org/ssd/boa/d/san-diego-rare-find-diesel-24-skipjack/7932088532.html
2026-08-07,cl-7937611302,craigslist,"21ft Boston Outrage Center Console, Ready to Fish",16000,https://sandiego.craigslist.org/nsd/boa/d/oceanside-21ft-boston-outrage-center/7937611302.html
2026-08-07,cl-7936710536,craigslist,1976 Skipjack 24 Open - Hardtop + Tower,14500,https://sandiego.craigslist.org/csd/boa/d/san-diego-1976-skipjack-24-open-hardtop/7936710536.html
2026-08-07,cl-7937552374,craigslist,1971 Skipjack 24ft flybridge,11000,https://sandiego.craigslist.org/csd/boa/d/san-diego-1971-skipjack-24ft-flybridge/7937552374.html
2026-08-07,cl-7937373033,craigslist,Carolina Skiff Sea Chaser 2400 Offshore - Suzuki 250 HP,17000,https://sandiego.craigslist.org/csd/boa/d/san-diego-carolina-skiff-sea-chaser/7937373033.html
2026-08-07,cl-7937109931,craigslist,1999 Bayliner Trophy 22' Fishing Boat,13950,https://sandiego.craigslist.org/nsd/boa/d/fallbrook-1999-bayliner-trophy-22/7937109931.html
2026-08-07,cl-7937054364,craigslist,"24' Skipjack Open, 1982",13500,https://sandiego.craigslist.org/nsd/boa/d/costa-mesa-24-skipjack-open-1982/7937054364.html
2026-08-07,cl-7936951732,craigslist,2002 Stamas 250 Tarpon Runabout Sportfishing Boat,40000,https://sandiego.craigslist.org/ssd/boa/d/rialto-2002-stamas-250-tarpon-runabout/7936951732.html
2026-08-07,cl-7936827503,craigslist,2005 Edgewater 245cc Center Console,32000,https://sandiego.craigslist.org/nsd/boa/d/san-diego-2005-edgewater-245cc-center/7936827503.html
2026-08-07,cl-7936651829,craigslist,Offshore Ready: 2011 Trophy Walkaround,18000,https://sandiego.craigslist.org/ssd/boa/d/chula-vista-offshore-ready-2011-trophy/7936651829.html
2026-08-07,cl-7919306497,craigslist,Fish /Dive Boat,19800,https://sandiego.craigslist.org/ssd/boa/d/san-pedro-fish-dive-boat/7919306497.html
2026-08-07,cl-7936187924,craigslist,2005 Parker 2310 Boat For Sale,27500,https://sandiego.craigslist.org/csd/boa/d/san-diego-2005-parker-2310-boat-for-sale/7936187924.html
2026-08-07,cl-7924193406,craigslist,26' Panga,22000,https://sandiego.craigslist.org/nsd/boa/d/valley-center-26-panga/7924193406.html
2026-08-07,cl-7934905888,craigslist,27 Express Sportfisher,49500,https://sandiego.craigslist.org/csd/boa/d/san-diego-27-express-sportfisher/7934905888.html
2026-08-07,cl-7933544197,craigslist,2000 Skipjack 262 Flybridge w/Yanmar 315hp diesel & Trailer,59900,https://sandiego.craigslist.org/csd/bod/d/san-diego-2000-skipjack-262-flybridge/7933544197.html
2026-08-07,cl-7917355597,craigslist,Owens Concorde Sportfisher Twin Yanmar Diesel,11500,https://sandiego.craigslist.org/ssd/boa/d/chula-vista-owens-concorde-sportfisher/7917355597.html
2026-08-07,cl-7932748894,craigslist,25ft Chris craft lancer sport fisher,10000,https://sandiego.craigslist.org/nsd/boa/d/vista-25ft-chris-craft-lancer-sport/7932748894.html
2026-08-07,cl-7916919568,craigslist,1977 Seacraft Potter built 23',30000,https://sandiego.craigslist.org/nsd/boa/d/vista-1977-seacraft-potter-built-23/7916919568.html
2026-08-07,cl-7915794915,craigslist,30 ft boat sportfisher no trailer included,5500,https://sandiego.craigslist.org/esd/boa/d/lemon-grove-30-ft-boat-sportfisher-no/7915794915.html
2026-08-07,cl-7918140522,craigslist,Thresher 22' Boat 2020 Mercury 200hp 4 Stroke OB,49000,https://sandiego.craigslist.org/ssd/boa/d/el-cajon-thresher-22-boat-2020-mercury/7918140522.html
2026-08-07,cl-7935450517,craigslist,"2022 Avid 21' Welded Alum. CC Bay Boat, Yamaha 150hp",44900,https://sandiego.craigslist.org/nsd/bod/d/vista-2022-avid-21-welded-alum-cc-bay/7935450517.html
2026-08-07,cl-7938768022,craigslist,2001 Boston Whaler 21 Ventura w/Mercury 200hp Optimax,24900,https://sandiego.craigslist.org/csd/boa/d/san-diego-2001-boston-whaler-21-ventura/7938768022.html
2026-08-07,cl-7938882236,craigslist,29' Wellcraft & trailer - no engines,6000,https://sandiego.craigslist.org/csd/boa/d/garden-grove-29-wellcraft-trailer-no/7938882236.html
2026-08-07,cl-7939838863,craigslist,29' flybridge & trailer - PROJECT BOAT,6000,https://sandiego.craigslist.org/csd/boa/d/garden-grove-29-flybridge-trailer/7939838863.html
2026-08-07,cl-7938732830,craigslist,Nautic Star Angler 211,32000,https://sandiego.craigslist.org/csd/boa/d/san-diego-nautic-star-angler-211/7938732830.html
2026-08-07,cl-7938265506,craigslist,1983 Grady White Sailfish,8000,https://sandiego.craigslist.org/nsd/boa/d/san-diego-1983-grady-white-sailfish/7938265506.html
2026-08-07,cl-7923943547,craigslist,1991 Mako 286 side console Diesels project TRADE,13000,https://sandiego.craigslist.org/ssd/boa/d/newport-beach-1991-mako-286-side/7923943547.html
2026-08-07,cl-7903547262,craigslist,2000 Kencraft Challenger with trailer and 150hp Yamaha,29500,https://sandiego.craigslist.org/csd/boa/d/san-diego-2000-kencraft-challenger-with/7903547262.html
2026-08-07,cl-7938532151,craigslist,2006 Trophy Hardtop Diesel,35000,https://sandiego.craigslist.org/nsd/boa/d/carlsbad-2006-trophy-hardtop-diesel/7938532151.html
2026-08-07,cl-7914244706,craigslist,1979 28 Skipjack,19000,https://sandiego.craigslist.org/esd/boa/d/el-cajon-skipjack/7914244706.html
2026-08-07,cl-7935458497,craigslist,Grady White Flybridge Atlantic 260,21500,https://sandiego.craigslist.org/csd/boa/d/san-diego-grady-white-flybridge/7935458497.html
2026-08-07,cl-7932513684,craigslist,2000 21 foot seaswirl striper,23900,https://sandiego.craigslist.org/esd/boa/d/santee-foot-seaswirl-striper/7932513684.html
2026-08-07,cl-7932293385,craigslist,2005 Seaswirl Striper 2101DC Anniversary edition,18899,https://sandiego.craigslist.org/esd/boa/d/lemon-grove-2005-seaswirl-striper/7932293385.html
2026-08-07,cl-7935040770,craigslist,2005 Seaswirl Striper 2101DC Anniversary edition,18899,https://sandiego.craigslist.org/esd/boa/d/lemon-grove-2005-seaswirl-striper/7935040770.html
2026-08-07,cl-7914162233,craigslist,2005 anniversary edition Seaswirl Striper 2101DC,18899,https://sandiego.craigslist.org/esd/boa/d/lemon-grove-2005-anniversary-edition/7914162233.html
2026-08-07,cl-7939245604,craigslist,2003 Seaswirl Striper 2601,33000,https://sandiego.craigslist.org/nsd/boa/d/carlsbad-2003-seaswirl-striper-2601/7939245604.html
2026-08-07,cl-7917302247,craigslist,Seaswirl striper 2150,6500,https://sandiego.craigslist.org/esd/boa/d/lemon-grove-seaswirl-striper-hrs-on/7917302247.html
2026-08-07,cl-7915796499,craigslist,Seaswirl striper 2150,6500,https://sandiego.craigslist.org/esd/boa/d/lemon-grove-seaswirl-striper-hrs-on/7915796499.html
2026-08-07,cl-7939031512,craigslist,1994 26.5 Bayliner Sunbridge,10000,https://sandiego.craigslist.org/esd/boa/d/jamul-bayliner-sunbridge/7939031512.html
2026-08-07,cl-7939031329,craigslist,1994 26.5 Bayliner Sunbridge,10000,https://sandiego.craigslist.org/esd/boa/d/jamul-bayliner-sunbridge/7939031329.html
2026-08-07,cl-7919895761,craigslist,"Sea Cat, Power Catamaran, 25ft, cuddy cabin",44999,https://sandiego.craigslist.org/ssd/boa/d/chula-vista-sea-cat-power-catamaran/7919895761.html
2026-08-07,cl-7937844636,craigslist,Boston Whaler,5000,https://sandiego.craigslist.org/csd/boa/d/ramona-boston-whaler/7937844636.html
2026-08-07,cl-7939658825,craigslist,BOSTON WHALER RARE COLLECTOR BOAT,24900,https://sandiego.craigslist.org/csd/boa/d/lemon-grove-boston-whaler-for-sale-rare/7939658825.html
2026-08-07,cl-7937496660,craigslist,Skipjack,4500,https://sandiego.craigslist.org/esd/boa/d/alpine-skipjack/7937496660.html
2026-08-07,cl-7937288933,craigslist,2004 Bayliner 2352 Hardtop Walkaround,11000,https://sandiego.craigslist.org/csd/boa/d/oklahoma-city-2004-bayliner-2352/7937288933.html
2026-08-07,bt-10138293,boattrader,2007 Pursuit 235 Denali LS,59500,https://www.boattrader.com/boat/2007-pursuit-235-denali-ls-10138293/
2026-08-07,bt-10097237,boattrader,2002 Sea Fox 210 Center Console,29500,https://www.boattrader.com/boat/2002-sea-fox-210-center-console-10097237/
2026-08-07,bt-10152977,boattrader,2006 Parker 2520 SL Sport Cabin,59995,https://www.boattrader.com/boat/2006-parker-2520-sl-sport-cabin-10152977/
2026-08-07,bt-10135697,boattrader,2006 Robalo R295 Walkaround,55000,https://www.boattrader.com/boat/2006-robalo-r295-walkaround-10135697/
2026-08-07,bt-10217414,boattrader,1998 Pro-Line 2610 Walkaround,33500,https://www.boattrader.com/boat/1998-pro-line-2610-walkaround-10217414/
2026-08-07,bt-9692473,boattrader,2005 Grady-White Tournament 225,29995,https://www.boattrader.com/boat/2005-grady-white-tournament-225-9692473/
2026-08-07,bt-10206201,boattrader,2004 Grady-White Gulfstream 232,49900,https://www.boattrader.com/boat/2004-grady-white-gulfstream-232-10206201/
2026-08-07,bt-9951640,boattrader,1997 Steiger Craft 21 Miami,38500,https://www.boattrader.com/boat/1997-steiger-craft-21-miami-9951640/
2026-08-07,bt-8497531,boattrader,2001 Seaswirl Striper 2600 Sport Cabin I/O,24395,https://www.boattrader.com/boat/2001-seaswirl-striper-2600-sport-cabin-i-o-8497531/
2026-08-07,bt-10243463,boattrader,2002 Striper striper,39500,https://www.boattrader.com/boat/2002-striper-striper-10243463/
2026-08-07,bt-10249331,boattrader,2009 Seaswirl Striper,46000,https://www.boattrader.com/boat/2009-seaswirl-striper-10249331/
2026-08-07,bt-9897221,boattrader,2001 Sea Ray 290 Amberjack,34900,https://www.boattrader.com/boat/2001-sea-ray-290-amberjack-9897221/
2026-08-07,bt-10222977,boattrader,2001 Bayliner Trophy,10000,https://www.boattrader.com/boat/2001-bayliner-trophy-10222977/
2026-08-07,bt-10211419,boattrader,2002 Skipjack 262 Flying Bridge,33000,https://www.boattrader.com/boat/2002-skipjack-262-flying-bridge-10211419/
2026-08-07,bt-10201709,boattrader,2005 Aquasport 275 Explorer,35500,https://www.boattrader.com/boat/2005-aquasport-275-explorer-10201709/
2026-08-07,bt-10275191,boattrader,2005 Sailfish 218 WAC,37750,https://www.boattrader.com/boat/2005-sailfish-218-wac-10275191/
2026-08-07,bt-10238628,boattrader,1991 Donzi 255 LXC,25000,https://www.boattrader.com/boat/1991-donzi-255-lxc-10238628/
2026-08-07,bt-10206433,boattrader,1979 Wellcraft Nova 250,15000,https://www.boattrader.com/boat/1979-wellcraft-nova-250-10206433/
2026-08-07,bt-8178104,boattrader,2006 Ranger 2400 Bay Ranger,53500,https://www.boattrader.com/boat/2006-ranger-2400-bay-ranger-8178104/
2026-08-07,bt-10151518,boattrader,2006 Bayliner 2052 Trophy Walkaround,18000,https://www.boattrader.com/boat/2006-bayliner-2052-trophy-walkaround-10151518/
2026-08-07,cl-7934194341,craigslist,2005 Chaparral 22' Cuddy Cabin EFI,15850,https://sandiego.craigslist.org/csd/boa/d/san-diego-2005-chaparral-22-cuddy-cabin/7934194341.html
2026-08-07,cl-7921246100,craigslist,"2004 Chaparral 22"" Cuddy Cabin",13500,https://sandiego.craigslist.org/csd/boa/d/san-diego-2004-chaparral-22-cuddy-cabin/7921246100.html
2026-08-08,cl-7937269874,craigslist,2002 Striper Fishing boat,48000,https://sandiego.craigslist.org/ssd/boa/d/marina-del-rey-2002-striper-fishing-boat/7937269874.html
2026-08-08,cl-7920668174,craigslist,Farallon 27 Whaleback Project,40000,https://sandiego.craigslist.org/csd/boa/d/san-diego-farallon-27-whaleback-project/7920668174.html
2026-08-08,cl-7939722168,craigslist,2009 Pursuit C 250 Center Console w/twin Yamaha F150,54900,https://sandiego.craigslist.org/csd/bod/d/san-diego-2009-pursuit-250-center/7939722168.html
2026-08-08,cl-7939658825,craigslist,Boston Whaler for sale (rare collector boat),24900,https://sandiego.craigslist.org/csd/boa/d/lemon-grove-boston-whaler-for-sale-rare/7939658825.html
2026-08-08,cl-7939659710,craigslist,1998 bayliner Trophy 26ft,14500,https://sandiego.craigslist.org/csd/boa/d/alpine-1998-bayliner-trophy-26ft/7939659710.html
2026-08-08,cl-7919105569,craigslist,1996 Bayliner Trophy 2352,29950,https://sandiego.craigslist.org/nsd/boa/d/oceanside-1996-bayliner-trophy-2352/7919105569.html
2026-08-08,cl-7938447370,craigslist,2001 Seaswirl Striper 2301,15900,https://sandiego.craigslist.org/esd/boa/d/jamul-2001-seaswirl-striper-2301/7938447370.html
2026-08-08,cl-7913591428,craigslist,Grady White,43500,https://sandiego.craigslist.org/esd/boa/d/jamul-grady-white/7913591428.html
2026-08-08,cl-7939512761,craigslist,1998 21' Boston Whaler Conquest,45000,https://sandiego.craigslist.org/csd/boa/d/san-diego-boston-whaler-conquest/7939512761.html
2026-08-08,cl-7939509504,craigslist,1988 Cabo 216 Fishing Boat,15500,https://sandiego.craigslist.org/esd/boa/d/el-cajon-1988-cabo-216-fishing-boat/7939509504.html
2026-08-08,cl-7938768022,craigslist,2001 Boston Whaler 21 Ventura w/Mercury 200hp,24900,https://sandiego.craigslist.org/csd/boa/d/san-diego-2001-boston-whaler-21-ventura/7938768022.html
2026-08-08,cl-7938882236,craigslist,29' Wellcraft & trailer - no engines,6000,https://sandiego.craigslist.org/csd/boa/d/garden-grove-29-wellcraft-trailer-no/7938882236.html
2026-08-08,cl-7939410515,craigslist,2006 Sea Hunt Escape 220 Dual Console,29500,https://sandiego.craigslist.org/nsd/boa/d/vista-2006-sea-hunt-escape-220-dual/7939410515.html
2026-08-08,cl-7923943547,craigslist,1991 Mako 286 side console Diesels project,13000,https://sandiego.craigslist.org/ssd/boa/d/newport-beach-1991-mako-286-side/7923943547.html
2026-08-08,cl-7939123001,craigslist,2008 Hydra-Sports Evinrude 250HP,26000,https://sandiego.craigslist.org/nsd/boa/d/oceanside-2008-hydra-sports-evinrude/7939123001.html
2026-08-08,cl-7938916074,craigslist,20' Scout 201 Inshore Bay,26000,https://sandiego.craigslist.org/ssd/boa/d/chula-vista-20-scout-201-garmin-gps-top/7938916074.html
2026-08-08,cl-7938732830,craigslist,Nautic Star Angler 211,32000,https://sandiego.craigslist.org/csd/boa/d/san-diego-nautic-star-angler-211/7938732830.html
2026-08-08,cl-7937993268,craigslist,23' Sea Ox Walkaround Cuddy - Honda BF225,17500,https://sandiego.craigslist.org/nsd/boa/d/oceanside-23-sea-ox-walkaround-cuddy/7937993268.html
2026-08-08,cl-7932088532,craigslist,Rare Find! diesel 24' Skipjack Flybridge,17500,https://sandiego.craigslist.org/ssd/boa/d/san-diego-rare-find-diesel-24-skipjack/7932088532.html
2026-08-08,cl-7937611302,craigslist,"21ft Boston Outrage Center Console, Ready to Fish",16000,https://sandiego.craigslist.org/nsd/boa/d/oceanside-21ft-boston-outrage-center/7937611302.html
2026-08-08,cl-7937552374,craigslist,1971 Skipjack 24ft flybridge,11000,https://sandiego.craigslist.org/csd/boa/d/san-diego-1971-skipjack-24ft-flybridge/7937552374.html
2026-08-08,cl-7937373033,craigslist,Carolina Skiff Sea Chaser 2400 Offshore - Suzuki 250HP,17000,https://sandiego.craigslist.org/csd/boa/d/san-diego-carolina-skiff-sea-chaser/7937373033.html
2026-08-08,cl-7937288933,craigslist,2004 Bayliner 2352 Hardtop Walkaround,11000,https://sandiego.craigslist.org/csd/boa/d/oklahoma-city-2004-bayliner-2352/7937288933.html
2026-08-08,cl-7932748894,craigslist,25ft Chris craft lancer sport fisher,10000,https://sandiego.craigslist.org/nsd/boa/d/vista-25ft-chris-craft-lancer-sport/7932748894.html
2026-08-08,cl-7937054364,craigslist,"24' Skipjack Open, 1982",13500,https://sandiego.craigslist.org/nsd/boa/d/costa-mesa-24-skipjack-open-1982/7937054364.html
2026-08-08,cl-7932293385,craigslist,2005 Seaswirl Striper 2101DC Anniversary edition,18899,https://sandiego.craigslist.org/esd/boa/d/lemon-grove-2005-seaswirl-striper/7932293385.html
2026-08-08,cl-7936951732,craigslist,2002 Stamas 250 Tarpon Runabout Sportfishing Boat,40000,https://sandiego.craigslist.org/ssd/boa/d/rialto-2002-stamas-250-tarpon-runabout/7936951732.html
2026-08-08,cl-7935040770,craigslist,2005 Seaswirl Striper 2101DC Anniversary edition,18899,https://sandiego.craigslist.org/esd/boa/d/lemon-grove-2005-seaswirl-striper/7935040770.html
2026-08-08,cl-7936827503,craigslist,2005 Edgewater 245cc Center Console,32000,https://sandiego.craigslist.org/nsd/boa/d/san-diego-2005-edgewater-245cc-center/7936827503.html
2026-08-08,cl-7914162233,craigslist,2005 anniversary edition Seaswirl Striper 2101DC,18899,https://sandiego.craigslist.org/esd/boa/d/lemon-grove-2005-anniversary-edition/7914162233.html
2026-08-08,cl-7914244706,craigslist,1979 28 Skipjack,19000,https://sandiego.craigslist.org/esd/boa/d/el-cajon-skipjack/7914244706.html
2026-08-08,cl-7935458497,craigslist,Grady White Flybridge Atlantic 260,21500,https://sandiego.craigslist.org/csd/boa/d/san-diego-grady-white-flybridge/7935458497.html
2026-08-08,cl-7935450517,craigslist,"2022 Avid 21' Welded Alum. CC Bay Boat, Yamaha 150hp",44900,https://sandiego.craigslist.org/nsd/bod/d/vista-2022-avid-21-welded-alum-cc-bay/7935450517.html
2026-08-08,cl-7919895761,craigslist,"Sea Cat, Power Catamaran, 25ft, cuddy cabin",44999,https://sandiego.craigslist.org/ssd/boa/d/chula-vista-sea-cat-power-catamaran/7919895761.html
2026-08-08,cl-7918140522,craigslist,Thresher 22' Boat 2020 Mercury 200hp 4 Stroke OB,49000,https://sandiego.craigslist.org/ssd/boa/d/el-cajon-thresher-22-boat-2020-mercury/7918140522.html
2026-08-08,cl-7917355597,craigslist,Owens Concorde Sportfisher Twin Yanmar Diesel,11500,https://sandiego.craigslist.org/ssd/boa/d/chula-vista-owens-concorde-sportfisher/7917355597.html
2026-08-08,cl-7937844636,craigslist,Boston Whaler,5000,https://sandiego.craigslist.org/csd/boa/d/ramona-boston-whaler/7937844636.html
2026-08-08,cl-7937496660,craigslist,Skipjack,4500,https://sandiego.craigslist.org/esd/boa/d/alpine-skipjack/7937496660.html
2026-08-08,bt-10270724,boattrader,2001 Grady-White Gulfstream 232,39900,https://www.boattrader.com/boat/2001-grady-white-gulfstream-232-10270724/
2026-08-08,bt-10255400,boattrader,1995 Sea Cat SL5,49999,https://www.boattrader.com/boat/1995-sea-cat-sl5-10255400/
2026-08-08,bt-10097237,boattrader,2002 Sea Fox 210 Center Console,29500,https://www.boattrader.com/boat/2002-sea-fox-210-center-console-10097237/
2026-08-08,bt-10033838,boattrader,1976 Chris-Craft 30 Tournament SF,46000,https://www.boattrader.com/boat/1976-chris-craft-30-tournament-sf-10033838/
2026-08-08,bt-10171880,boattrader,2000 Pursuit 3000 Express,45000,https://www.boattrader.com/boat/2000-pursuit-3000-express-10171880/
2026-08-08,bt-10275191,boattrader,2005 Sailfish 218 WAC,37750,https://www.boattrader.com/boat/2005-sailfish-218-wac-10275191/
2026-08-08,bt-10152977,boattrader,2006 Parker 2520 SL Sport Cabin,59995,https://www.boattrader.com/boat/2006-parker-2520-sl-sport-cabin-10152977/
2026-08-08,bt-10020878,boattrader,2001 Pursuit 3000 Express,45000,https://www.boattrader.com/boat/2001-pursuit-3000-express-10020878/
2026-08-08,bt-10275189,boattrader,2002 Seaswirl Striper 2101 Walkaround OB,19900,https://www.boattrader.com/boat/2002-seaswirl-striper-2101-walkaround-ob-10275189/
2026-08-08,bt-8941848,boattrader,2019 Scout 210 Dorado,28500,https://www.boattrader.com/boat/2019-scout-210-dorado-8941848/
2026-08-08,bt-10206201,boattrader,2004 Grady-White Gulfstream 232,49900,https://www.boattrader.com/boat/2004-grady-white-gulfstream-232-10206201/
2026-08-08,bt-10200387,boattrader,2023 NauticStar 242L Offshore,49987,https://www.boattrader.com/boat/2023-nauticstar-242l-offshore-10200387/
2026-08-08,bt-10146147,boattrader,1991 Bertram 28,40000,https://www.boattrader.com/boat/1991-bertram-28-10146147/
2026-08-08,bt-10135697,boattrader,2006 Robalo R295 Walkaround,55000,https://www.boattrader.com/boat/2006-robalo-r295-walkaround-10135697/
2026-08-08,bt-9976304,boattrader,2000 Boston Whaler 295 Conquest,49500,https://www.boattrader.com/boat/2000-boston-whaler-295-conquest-9976304/
2026-08-08,bt-10273798,boattrader,2022 Bayliner Trophy T22CX,35900,https://www.boattrader.com/boat/2022-bayliner-trophy-t22cx-10273798/
2026-08-08,bt-9692473,boattrader,2005 Grady-White Tournament 225,29995,https://www.boattrader.com/boat/2005-grady-white-tournament-225-9692473/
2026-08-08,bt-10262942,boattrader,2003 Pursuit 2470 Walkaround,54000,https://www.boattrader.com/boat/2003-pursuit-2470-walkaround-10262942/
2026-08-08,bt-10217414,boattrader,1998 Pro-Line 2610 Walkaround,38595,https://www.boattrader.com/boat/1998-pro-line-2610-walkaround-10217414/
2026-08-08,bt-9540459,boattrader,1981 Mako 25 Mako,40000,https://www.boattrader.com/boat/1981-mako-25-mako-9540459/
2026-08-08,bt-9951640,boattrader,1997 Steiger Craft 21 Miami,38500,https://www.boattrader.com/boat/1997-steiger-craft-21-miami-9951640/
2026-08-08,bt-10260872,boattrader,2016 Sea Fox 226 Commander,49900,https://www.boattrader.com/boat/2016-sea-fox-226-commander-10260872/
2026-08-08,bt-10184380,boattrader,2000 Chesapeake Marine Design Glassmaster,9995,https://www.boattrader.com/boat/2000-chesapeake-marine-design-glassmaster-10184380/
2026-08-08,bt-8497531,boattrader,2001 Seaswirl Striper 2600 Sport Cabin I/O,24395,https://www.boattrader.com/boat/2001-seaswirl-striper-2600-sport-cabin-i-o-8497531/
2026-08-08,bt-10015808,boattrader,2001 Skipjack 262 Flybridge,54900,https://www.boattrader.com/boat/2001-skipjack-262-flybridge-10015808/
2026-08-08,bt-10257539,boattrader,2020 Key West 203 DFS,34800,https://www.boattrader.com/boat/2020-key-west-203-dfs-10257539/
2026-08-08,bt-10262708,boattrader,2004 Robalo Walkaround,40000,https://www.boattrader.com/boat/2004-robalo-walkaround-10262708/
2026-08-08,bt-10177994,boattrader,2022 Avid 21 Fusion,38200,https://www.boattrader.com/boat/2022-avid-21-fusion-10177994/
2026-08-08,bt-10099909,boattrader,1992 Farallon Whaleback,40000,https://www.boattrader.com/boat/1992-farallon-whaleback-10099909/
2026-08-08,bt-10243463,boattrader,2002 Striper striper,39500,https://www.boattrader.com/boat/2002-striper-striper-10243463/
2026-08-08,bt-10249331,boattrader,2009 Seaswirl Striper,46000,https://www.boattrader.com/boat/2009-seaswirl-striper-10249331/
2026-08-08,bt-10119321,boattrader,1976 Shamrock Center Console,9995,https://www.boattrader.com/boat/1976-shamrock-center-console-10119321/
2026-08-08,bt-10222977,boattrader,2001 Bayliner Trophy,10000,https://www.boattrader.com/boat/2001-bayliner-trophy-10222977/
2026-08-08,bt-10189265,boattrader,1987 Bertram 28 Sport Fisherman,37000,https://www.boattrader.com/boat/1987-bertram-28-sport-fisherman-10189265/
2026-08-08,bt-10257212,boattrader,2000 World Cat 266 SC,49750,https://www.boattrader.com/boat/2000-world-cat-266-sc-10257212/
2026-08-08,bt-10118918,boattrader,1999 Bayliner 2352 Trophy,29999,https://www.boattrader.com/boat/1999-bayliner-2352-trophy-10118918/
2026-08-08,bt-10211419,boattrader,2002 Skipjack 262 Flying Bridge,33000,https://www.boattrader.com/boat/2002-skipjack-262-flying-bridge-10211419/
2026-08-08,bt-9982485,boattrader,2001 Hysucat 650,32000,https://www.boattrader.com/boat/2001-hysucat-650-9982485/
2026-08-08,bt-10201709,boattrader,2005 Aquasport 275 Explorer,35500,https://www.boattrader.com/boat/2005-aquasport-275-explorer-10201709/
2026-08-08,bt-10226357,boattrader,2006 Robalo R245 Walkaround,50000,https://www.boattrader.com/boat/2006-robalo-r245-walkaround-10226357/
2026-08-08,bt-10273360,boattrader,1996 Shamrock 20' Walkaround,21900,https://www.boattrader.com/boat/1996-shamrock-20-walkaround-10273360/
2026-08-08,bt-10273558,boattrader,1976 Mako 22 Center Console,13500,https://www.boattrader.com/boat/1976-mako-22-center-console-10273558/
2026-08-08,bt-9596183,boattrader,1979 Custom Chaparral Center Console,39000,https://www.boattrader.com/boat/1979-custom-chaparral-center-console-9596183/
2026-08-08,bt-10278345,boattrader,2007 Parker 2120 Sport Cabin,55000,https://www.boattrader.com/boat/2007-parker-2120-sport-cabin-10278345/
2026-08-08,bt-10221866,boattrader,2021 KenCraft Challenger,54900,https://www.boattrader.com/boat/2021-kencraft-challenger-10221866/
2026-08-08,bt-10163180,boattrader,1990 Cortez 22,40000,https://www.boattrader.com/boat/1990-cortez-22-10163180/
2026-08-08,bt-10268095,boattrader,1998 Robalo 2100/2109 Bayhunter,45000,https://www.boattrader.com/boat/1998-robalo-2100-2109-bayhunter-10268095/
2026-08-08,bt-10206433,boattrader,1979 Wellcraft Nova 250,15000,https://www.boattrader.com/boat/1979-wellcraft-nova-250-10206433/
2026-08-08,bt-9725552,boattrader,1981 Phoenix 29 Convertible,35000,https://www.boattrader.com/boat/1981-phoenix-29-convertible-9725552/
2026-08-08,bt-9463481,boattrader,2022 Stingray 206 CC,34000,https://www.boattrader.com/boat/2022-stingray-206-cc-9463481/
2026-08-08,bt-8088296,boattrader,1999 Sport-Craft 272 Sport fisher,51000,https://www.boattrader.com/boat/1999-sport-craft-272-sport-fisher-8088296/
2026-08-08,bt-10160690,boattrader,1991 Mako 286,29000,https://www.boattrader.com/boat/1991-mako-286-10160690/
2026-08-08,bt-9941706,boattrader,2019 Stingray 206 CC,32500,https://www.boattrader.com/boat/2019-stingray-206-cc-9941706/
2026-08-08,bt-10270823,boattrader,2015 Parker 2100 Center Console,55000,https://www.boattrader.com/boat/2015-parker-2100-center-console-10270823/
2026-08-08,bt-8178104,boattrader,2006 Ranger 2400 Bay Ranger,53500,https://www.boattrader.com/boat/2006-ranger-2400-bay-ranger-8178104/
2026-08-08,bt-10239872,boattrader,2005 Wellcraft 200 LT Fisherman,21900,https://www.boattrader.com/boat/2005-wellcraft-200-lt-fisherman-10239872/
2026-08-08,bt-10267072,boattrader,2012 Boston Whaler 230 Dauntless,54500,https://www.boattrader.com/boat/2012-boston-whaler-230-dauntless-10267072/
2026-08-08,bt-10016303,boattrader,2021 G3 Bay 20 DLX,42500,https://www.boattrader.com/boat/2021-g3-bay-20-dlx-10016303/
2026-08-08,bt-10151518,boattrader,2006 Bayliner 2052 Trophy Walkaround,18000,https://www.boattrader.com/boat/2006-bayliner-2052-trophy-walkaround-10151518/
2026-08-08,bm-5040148136,boatmart,1996 Bayliner 2352 Trophy Walkaround,26500,https://www.boatmart.com/listing/1996-Bayliner-2352-Trophy-Walkaround-5040148136
2026-08-08,bm-5038948984,boatmart,1999 Grady-White 272 Sailfish,44500,https://www.boatmart.com/listing/1999-Grady-White-272-Sailfish-5038948984
2026-08-08,bm-5027049302,boatmart,2019 Mako 214,55990,https://www.boatmart.com/listing/2019-Mako-214-5027049302
2026-08-08,bm-5039391659,boatmart,2022 Bayliner T22cc,52997,https://www.boatmart.com/listing/2022-Bayliner-T22cc-5039391659
2026-08-08,bm-5040940969,boatmart,1996 Grady-White 272 Sailfish,14950,https://www.boatmart.com/listing/1996-Grady-White-272-Sailfish-5040940969
2026-08-08,bm-5035655422,boatmart,2015 Sportsman Open 212/CC,33000,https://www.boatmart.com/listing/2015-Sportsman-Open-212/CC-5035655422
2026-08-08,bm-5031869573,boatmart,1996 Sea Cat SL5,49000,https://www.boatmart.com/listing/1996-Sea-Cat-SL5-5031869573
2026-08-08,bm-5030337861,boatmart,1990 Wellcraft 250 Sportsman,16500,https://www.boatmart.com/listing/1990-Wellcraft-250-Sportsman-5030337861
2026-08-08,bm-5033806813,boatmart,2002 Seaswirl Striper 2600,33500,https://www.boatmart.com/listing/2002-Seaswirl-Striper-2600-5033806813
2026-08-08,bm-5033251058,boatmart,1994 Skipjack Flybridge 262,47000,https://www.boatmart.com/listing/1994-Skipjack-Flybridge-262-5033251058
2026-08-09,cl-7937269874,craigslist,2002 Striper Fishing boat,48000,https://sandiego.craigslist.org/ssd/boa/d/marina-del-rey-2002-striper-fishing-boat/7937269874.html
2026-08-09,cl-7920668174,craigslist,Farallon 27 Whaleback Project,40000,https://sandiego.craigslist.org/csd/boa/d/san-diego-farallon-27-whaleback-project/7920668174.html
2026-08-09,cl-7939722168,craigslist,2009 Pursuit C 250 Center Console w/twin Yamaha F150,54900,https://sandiego.craigslist.org/csd/bod/d/san-diego-2009-pursuit-250-center/7939722168.html
2026-08-09,cl-7939658825,craigslist,Boston Whaler - Rare Collector Boat,24900,https://sandiego.craigslist.org/csd/boa/d/lemon-grove-boston-whaler-for-sale-rare/7939658825.html
2026-08-09,cl-7939659710,craigslist,1998 Bayliner Trophy 26ft,14500,https://sandiego.craigslist.org/csd/boa/d/alpine-1998-bayliner-trophy-26ft/7939659710.html
2026-08-09,cl-7919105569,craigslist,1996 Bayliner Trophy 2352,29950,https://sandiego.craigslist.org/nsd/boa/d/oceanside-1996-bayliner-trophy-2352/7919105569.html
2026-08-09,cl-7938447370,craigslist,2001 Seaswirl Striper 2301,15900,https://sandiego.craigslist.org/esd/boa/d/jamul-2001-seaswirl-striper-2301/7938447370.html
2026-08-09,cl-7913591428,craigslist,Grady White,43500,https://sandiego.craigslist.org/esd/boa/d/jamul-grady-white/7913591428.html
2026-08-09,cl-7939512761,craigslist,1998 21' Boston Whaler Conquest,45000,https://sandiego.craigslist.org/csd/boa/d/san-diego-boston-whaler-conquest/7939512761.html
2026-08-09,cl-7939509504,craigslist,1988 Cabo 216 Fishing Boat,15500,https://sandiego.craigslist.org/esd/boa/d/el-cajon-1988-cabo-216-fishing-boat/7939509504.html
2026-08-09,cl-7938768022,craigslist,2001 Boston Whaler 21 Ventura w/Mercury 200hp Optimax & Trailer,24900,https://sandiego.craigslist.org/csd/boa/d/san-diego-2001-boston-whaler-21-ventura/7938768022.html
2026-08-09,cl-7939410515,craigslist,2006 Sea Hunt Escape 220 Dual Console Four Stroke,29500,https://sandiego.craigslist.org/nsd/boa/d/vista-2006-sea-hunt-escape-220-dual/7939410515.html
2026-08-09,cl-7939245604,craigslist,2003 Seaswirl Striper 2601,33000,https://sandiego.craigslist.org/nsd/boa/d/carlsbad-2003-seaswirl-striper-2601/7939245604.html
2026-08-09,cl-7923943547,craigslist,1991 Mako 286 side console Diesels project TRADE,13000,https://sandiego.craigslist.org/ssd/boa/d/newport-beach-1991-mako-286-side/7923943547.html
2026-08-09,cl-7939123001,craigslist,2008 Hydra-Sports Evinrude 250HP (Kevlar-Reinforced),26000,https://sandiego.craigslist.org/nsd/boa/d/oceanside-2008-hydra-sports-evinrude/7939123001.html
2026-08-09,cl-7937993268,craigslist,23' Sea Ox Walkaround Cuddy - Honda BF225 - Simrad,17500,https://sandiego.craigslist.org/nsd/boa/d/oceanside-23-sea-ox-walkaround-cuddy/7937993268.html
2026-08-09,cl-7937611302,craigslist,"21ft Boston Outrage Center Console, Ready to Fish",16000,https://sandiego.craigslist.org/nsd/boa/d/oceanside-21ft-boston-outrage-center/7937611302.html
2026-08-09,cl-7936710536,craigslist,1976 Skipjack 24 Open – Hardtop + Tower – MerCruiser 5.7,14500,https://sandiego.craigslist.org/csd/boa/d/san-diego-1976-skipjack-24-open-hardtop/7936710536.html
2026-08-09,cl-7937552374,craigslist,1971 Skipjack 24ft flybridge,11000,https://sandiego.craigslist.org/csd/boa/d/san-diego-1971-skipjack-24ft-flybridge/7937552374.html
2026-08-09,cl-7937373033,craigslist,Carolina Skiff Sea Chaser 2400 Offshore - Suzuki 250 HP,17000,https://sandiego.craigslist.org/csd/boa/d/san-diego-carolina-skiff-sea-chaser/7937373033.html
2026-08-09,cl-7937288933,craigslist,2004 Bayliner 2352 Hardtop Walkaround,11000,https://sandiego.craigslist.org/csd/boa/d/oklahoma-city-2004-bayliner-2352/7937288933.html
2026-08-09,cl-7937109931,craigslist,1999 Bayliner Trophy 22' Fishing Boat,13950,https://sandiego.craigslist.org/nsd/boa/d/fallbrook-1999-bayliner-trophy-22/7937109931.html
2026-08-09,cl-7937054364,craigslist,"24' Skipjack Open, 1982",13500,https://sandiego.craigslist.org/nsd/boa/d/costa-mesa-24-skipjack-open-1982/7937054364.html
2026-08-09,cl-7932293385,craigslist,2005 Seaswirl Striper 2101DC Anniversary edition,18899,https://sandiego.craigslist.org/esd/boa/d/lemon-grove-2005-seaswirl-striper/7932293385.html
2026-08-09,cl-7935040770,craigslist,2005 Seaswirl Striper 2101DC Anniversary edition,18899,https://sandiego.craigslist.org/esd/boa/d/lemon-grove-2005-seaswirl-striper/7935040770.html
2026-08-09,cl-7914162233,craigslist,2005 Seaswirl Striper 2101DC Anniversary edition,18899,https://sandiego.craigslist.org/esd/boa/d/lemon-grove-2005-anniversary-edition/7914162233.html
2026-08-09,cl-7936951732,craigslist,2002 Stamas 250 Tarpon Runabout Sportfishing Boat,40000,https://sandiego.craigslist.org/ssd/boa/d/rialto-2002-stamas-250-tarpon-runabout/7936951732.html
2026-08-09,cl-7936827503,craigslist,2005 Edgewater 245cc Center Console,32000,https://sandiego.craigslist.org/nsd/boa/d/san-diego-2005-edgewater-245cc-center/7936827503.html
2026-08-09,cl-7936651829,craigslist,Offshore Ready: 2011 Trophy Walkaround,18000,https://sandiego.craigslist.org/ssd/boa/d/chula-vista-offshore-ready-2011-trophy/7936651829.html
2026-08-09,cl-7936187924,craigslist,2005 Parker 2310 Boat For Sale,27500,https://sandiego.craigslist.org/csd/boa/d/san-diego-2005-parker-2310-boat-for-sale/7936187924.html
2026-08-09,cl-7935458497,craigslist,Grady White Flybridge Atlantic 260,21500,https://sandiego.craigslist.org/csd/boa/d/san-diego-grady-white-flybridge/7935458497.html
2026-08-09,cl-7935450517,craigslist,"2022 Avid 21' Welded Alum. CC Bay Boat, Yamaha 150hp",44900,https://sandiego.craigslist.org/nsd/bod/d/vista-2022-avid-21-welded-alum-cc-bay/7935450517.html
2026-08-09,cl-7919895761,craigslist,"Sea Cat, Power Catamaran, 25ft, cuddy cabin",44999,https://sandiego.craigslist.org/ssd/boa/d/chula-vista-sea-cat-power-catamaran/7919895761.html
2026-08-09,cl-7932513684,craigslist,2000 21 foot Seaswirl Striper,23900,https://sandiego.craigslist.org/esd/boa/d/santee-foot-seaswirl-striper/7932513684.html
2026-08-09,cl-7916919568,craigslist,1977 Seacraft Potter built 23',30000,https://sandiego.craigslist.org/nsd/boa/d/vista-1977-seacraft-potter-built-23/7916919568.html
2026-08-09,cl-7918140522,craigslist,Thresher 22' Boat 2020 Mercury 200hp 4 Stroke OB,49000,https://sandiego.craigslist.org/ssd/boa/d/el-cajon-thresher-22-boat-2020-mercury/7918140522.html
2026-08-09,cl-7934905888,craigslist,27 Express Sportfisher,49500,https://sandiego.craigslist.org/csd/boa/d/san-diego-27-express-sportfisher/7934905888.html
2026-08-09,cl-7924193406,craigslist,26' Panga,22000,https://sandiego.craigslist.org/nsd/boa/d/valley-center-26-panga/7924193406.html
2026-08-09,cl-7933544197,craigslist,2000 Skipjack 262 Flybridge w/Yanmar 315hp diesel & Trailer,59900,https://sandiego.craigslist.org/csd/bod/d/san-diego-2000-skipjack-262-flybridge/7933544197.html
2026-08-09,cl-7915794915,craigslist,30 ft boat sportfisher no trailer included,5500,https://sandiego.craigslist.org/esd/boa/d/lemon-grove-30-ft-boat-sportfisher-no/7915794915.html
2026-08-09,cl-7917355597,craigslist,Owens Concorde Sportfisher Twin Yanmar Diesel,11500,https://sandiego.craigslist.org/ssd/boa/d/chula-vista-owens-concorde-sportfisher/7917355597.html
2026-08-09,cl-7938882236,craigslist,29' Wellcraft & trailer - no engines,6000,https://sandiego.craigslist.org/csd/boa/d/garden-grove-29-wellcraft-trailer-no/7938882236.html
2026-08-09,cl-7938225004,craigslist,Wellcraft 26,20000,https://sandiego.craigslist.org/ssd/boa/d/chula-vista-wellcraft-26/7938225004.html
2026-08-09,cl-7938455505,craigslist,Wellcraft Scarab Sport 302 center w cuddy,49500,https://sandiego.craigslist.org/ssd/boa/d/dana-point-wellcraft-scarab-sport-302/7938455505.html
2026-08-09,cl-7938916074,craigslist,20' Scout 201 | Garmin GPS | T-Top | Inshore Bay,26000,https://sandiego.craigslist.org/ssd/boa/d/chula-vista-20-scout-201-garmin-gps-top/7938916074.html
2026-08-09,cl-7938732830,craigslist,Nautic Star Angler 211,32000,https://sandiego.craigslist.org/csd/boa/d/san-diego-nautic-star-angler-211/7938732830.html
2026-08-09,cl-7932748894,craigslist,25ft Chris Craft Lancer Sport Fisher,10000,https://sandiego.craigslist.org/nsd/boa/d/vista-25ft-chris-craft-lancer-sport/7932748894.html
2026-08-09,cl-7938813368,craigslist,"Sports fishing, tuna boat with outriggers",30000,https://sandiego.craigslist.org/ssd/boa/d/vancouver-sports-fishing-tuna-boat-with/7938813368.html
2026-08-11,cl-7938532151,craigslist,2006 Trophy Diesel Hardtop,38000,https://sandiego.craigslist.org/nsd/boa/d/carlsbad-2006-trophy-hardtop-diesel/7938532151.html
2026-08-11,cl-7919105569,craigslist,1996 Bayliner Trophy 2352,26500,https://sandiego.craigslist.org/nsd/boa/d/oceanside-1996-bayliner-trophy-2352/7919105569.html
2026-08-11,cl-7919306497,craigslist,Fish /Dive Boat,23000,https://sandiego.craigslist.org/ssd/boa/d/san-pedro-fish-dive-boat/7919306497.html
2026-08-11,cl-7923943547,craigslist,1991 Mako 286 side console Diesels project TRADE,13000,https://sandiego.craigslist.org/ssd/boa/d/newport-beach-1991-mako-286-side/7923943547.html
2026-08-11,cl-7938447370,craigslist,2001 Seaswirl Striper 2301,15900,https://sandiego.craigslist.org/esd/boa/d/jamul-2001-seaswirl-striper-2301/7938447370.html
2026-08-11,cl-7913591428,craigslist,Grady White,43500,https://sandiego.craigslist.org/esd/boa/d/jamul-grady-white/7913591428.html
2026-08-11,cl-7920668174,craigslist,Farallon 27 Whaleback Project,40000,https://sandiego.craigslist.org/csd/boa/d/san-diego-farallon-27-whaleback-project/7920668174.html
2026-08-11,cl-7918140522,craigslist,Thresher 22' Boat 2020 Mercury 200hp 4 Stroke OB,49000,https://sandiego.craigslist.org/ssd/boa/d/el-cajon-thresher-22-boat-2020-mercury/7918140522.html
2026-08-11,cl-7937269874,craigslist,2002 Striper Fishing boat,48000,https://sandiego.craigslist.org/ssd/boa/d/marina-del-rey-2002-striper-fishing-boat/7937269874.html
2026-08-11,cl-7915796499,craigslist,Seaswirl striper 2150 (2 hrs on motor),6500,https://sandiego.craigslist.org/esd/boa/d/lemon-grove-seaswirl-striper-hrs-on/7915796499.html
2026-08-11,cl-7917302247,craigslist,Seaswirl striper 2150,6500,https://sandiego.craigslist.org/esd/boa/d/lemon-grove-seaswirl-striper-hrs-on/7917302247.html
2026-08-11,cl-7915794915,craigslist,30 ft boat sportfisher no trailer included,5500,https://sandiego.craigslist.org/esd/boa/d/lemon-grove-30-ft-boat-sportfisher-no/7915794915.html
2026-08-11,cl-7939512761,craigslist,1998 21' Boston Whaler Conquest,45000,https://sandiego.craigslist.org/csd/boa/d/san-diego-boston-whaler-conquest/7939512761.html
2026-08-11,cl-7937496660,craigslist,Skipjack,4500,https://sandiego.craigslist.org/esd/boa/d/alpine-skipjack/7937496660.html
2026-08-11,cl-7940649484,craigslist,1985 BLACKMAN BILLFISHER VOLVO DIESEL FISHING BOAT LOW HOURS,59000,https://sandiego.craigslist.org/nsd/boa/d/oceanside-1985-blackman-billfisher/7940649484.html
2026-08-11,cl-7917355597,craigslist,Owens Concorde Sportfisher Twin Yanmar Diesel,11500,https://sandiego.craigslist.org/ssd/boa/d/chula-vista-owens-concorde-sportfisher/7917355597.html
2026-08-11,cl-7903547262,craigslist,2000 Kencraft Challenger with trailer and 150hp Yamaha,23600,https://sandiego.craigslist.org/csd/boa/d/san-diego-2000-kencraft-challenger-with/7903547262.html
2026-08-11,cl-7921246100,craigslist,"2004 Chaparral 22"" Cuddy Cabin",12999,https://sandiego.craigslist.org/csd/boa/d/san-diego-2004-chaparral-22-cuddy-cabin/7921246100.html
2026-08-11,cl-7937641652,craigslist,2252 Cody cabin 96 Bayliner,9000,https://sandiego.craigslist.org/nsd/boa/d/oceanside-2252-cody-cabin-96-bayliner/7937641652.html
2026-08-11,cl-7936952521,craigslist,"1991 Cruisers 2870 Rogue - Twin I/O, Low Hrs, Drives Rebuilt 2023",13955,https://sandiego.craigslist.org/csd/boa/d/el-cajon-1991-cruisers-2870-rogue-twin/7936952521.html
2026-08-11,cl-7935450517,craigslist,"2022 Avid 21' Welded Alum. CC Bay Boat, Yamaha 150hp",44900,https://sandiego.craigslist.org/nsd/bod/d/vista-2022-avid-21-welded-alum-cc-bay/7935450517.html
2026-08-11,cl-7936951732,craigslist,2002 Stamas 250 Tarpon Runabout Sportfishing Boat,36000,https://sandiego.craigslist.org/ssd/boa/d/rialto-2002-stamas-250-tarpon-runabout/7936951732.html
2026-08-11,cl-7919895761,craigslist,"Sea Cat, Power Catamaran, 25ft, cuddy cabin",49999,https://sandiego.craigslist.org/ssd/boa/d/chula-vista-sea-cat-power-catamaran/7919895761.html
2026-08-11,cl-7935458497,craigslist,Grady White Flybridge Atlantic 260,21500,https://sandiego.craigslist.org/csd/boa/d/san-diego-grady-white-flybridge/7935458497.html
2026-08-11,cl-7939245604,craigslist,2003 Seaswirl Striper 2601,33000,https://sandiego.craigslist.org/nsd/boa/d/carlsbad-2003-seaswirl-striper-2601/7939245604.html
2026-08-11,cl-7933544197,craigslist,2000 Skipjack 262 Flybridge w/Yanmar 315hp diesel & Trailer,59900,https://sandiego.craigslist.org/csd/bod/d/san-diego-2000-skipjack-262-flybridge/7933544197.html
2026-08-11,cl-7941783968,craigslist,"23' Cobia walkaround with 200hp Yamaha, Aluminim trailer, Garmin",24500,https://sandiego.craigslist.org/csd/boa/d/san-diego-23-cobia-walkaround-with/7941783968.html
2026-08-11,cl-7952671721,craigslist,"1979 Mako 21B, Center Console Fishing Boat",13500,https://sandiego.craigslist.org/esd/boa/d/spring-valley-1979-mako-21b-center/7952671721.html
2026-08-11,cl-7938446836,craigslist,2001 Seaswirl Striper 2301,15900,https://sandiego.craigslist.org/esd/boa/d/jamul-2001-seaswirl-striper-2301/7938446836.html
2026-08-11,cl-7941390694,craigslist,2021 KenCraft Center Console,54900,https://sandiego.craigslist.org/csd/boa/d/corona-2021-kencraft-center-console/7941390694.html
2026-08-11,cl-7945599892,craigslist,"2002 Center Console,EXCELLENT COND.turn Key",17000,https://sandiego.craigslist.org/nsd/boa/d/vista-2002-center-consoleexcellent/7945599892.html
2026-08-11,cl-7950348672,craigslist,2001 Grady White 23' Walkaround w/Twin Yamaha 4-Strokes,39900,https://sandiego.craigslist.org/nsd/bod/d/vista-2001-grady-white-23-walkaround/7950348672.html
2026-08-11,cl-7941519770,craigslist,Proline 2610 WA,32000,https://sandiego.craigslist.org/csd/boa/d/san-diego-proline-2610-wa/7941519770.html
2026-08-11,cl-7949930173,craigslist,22ft Searay cabin power boat,6500,https://sandiego.craigslist.org/nsd/boa/d/huntington-beach-22ft-searay-cabin/7949930173.html
2026-08-11,cl-7948587277,craigslist,26' Shamrock diesel - full inboard,35000,https://sandiego.craigslist.org/csd/boa/d/san-diego-26-shamrock-diesel-full/7948587277.html
2026-08-11,cl-7945732087,craigslist,23' Monterey cuddy cabin,9500,https://sandiego.craigslist.org/csd/boa/d/san-diego-23-monterey-cuddy-cabin/7945732087.html
2026-08-11,cl-7948039474,craigslist,2004 Bayliner 210 Cuddy with 5.0 Mercruiser V8,6900,https://sandiego.craigslist.org/ssd/bod/d/san-diego-2004-bayliner-210-cuddy-with/7948039474.html
2026-08-11,cl-7946784568,craigslist,Grady White Flybridge Atlantic 260,22500,https://sandiego.craigslist.org/csd/boa/d/san-diego-grady-white-flybridge/7946784568.html
2026-08-11,cl-7947992571,craigslist,*****2052 trophy ****,20000,https://sandiego.craigslist.org/nsd/boa/d/san-marcos-2052-trophy/7947992571.html
2026-08-11,cl-7939659710,craigslist,1998 Bayliner Trophy 26ft,12500,https://sandiego.craigslist.org/csd/boa/d/alpine-1998-bayliner-trophy-26ft/7939659710.html
2026-08-11,cl-7938882236,craigslist,29' Wellcraft & trailer - no engines,6500,https://sandiego.craigslist.org/csd/boa/d/garden-grove-29-wellcraft-trailer-no/7938882236.html
2026-08-11,cl-7951934271,craigslist,1993 Grady-White 300 Marlin w/ Full Tower,35000,https://sandiego.craigslist.org/ssd/boa/d/san-diego-1993-grady-white-300-marlin/7951934271.html
2026-08-11,bt-10198955,boattrader,2013 Carolina Skiff Sea Chaser 1950 RG,19500,https://www.boattrader.com/boat/2013-carolina-skiff-sea-chaser-1950-rg-10198955/
2026-08-11,bt-10217414,boattrader,1998 Pro-Line 2610 Walkaround,38595,https://www.boattrader.com/boat/1998-pro-line-2610-walkaround-10217414/
2026-08-11,bt-8497531,boattrader,2001 Seaswirl Striper 2600 Sport Cabin I/O,24395,https://www.boattrader.com/boat/2001-seaswirl-striper-2600-sport-cabin-i-o-8497531/
2026-08-11,bt-10224599,boattrader,1999 Albemarle 305 Express Fisherman,42500,https://www.boattrader.com/boat/1999-albemarle-305-express-fisherman-10224599/
2026-08-11,bt-10097237,boattrader,2002 Sea Fox 210 Center Console,29500,https://www.boattrader.com/boat/2002-sea-fox-210-center-console-10097237/
2026-08-11,bt-10275191,boattrader,2005 Sailfish 218 WAC,37750,https://www.boattrader.com/boat/2005-sailfish-218-wac-10275191/
2026-08-11,bt-10020878,boattrader,2001 Pursuit 3000 Express,45000,https://www.boattrader.com/boat/2001-pursuit-3000-express-10020878/
2026-08-11,bt-10249331,boattrader,2009 Seaswirl Striper,46000,https://www.boattrader.com/boat/2009-seaswirl-striper-10249331/
2026-08-11,bt-10222977,boattrader,2001 Bayliner Trophy,10000,https://www.boattrader.com/boat/2001-bayliner-trophy-10222977/
2026-08-11,bt-10206201,boattrader,2004 Grady-White Gulfstream 232,49900,https://www.boattrader.com/boat/2004-grady-white-gulfstream-232-10206201/
2026-08-11,bt-8941848,boattrader,2019 Scout 210 Dorado,28500,https://www.boattrader.com/boat/2019-scout-210-dorado-8941848/
2026-08-11,bt-9692473,boattrader,2005 Grady-White Tournament 225,29995,https://www.boattrader.com/boat/2005-grady-white-tournament-225-9692473/
2026-08-11,bt-9951640,boattrader,1997 Steiger Craft 21 Miami,38500,https://www.boattrader.com/boat/1997-steiger-craft-21-miami-9951640/
2026-08-11,bt-10243463,boattrader,2002 Striper striper,39500,https://www.boattrader.com/boat/2002-striper-striper-10243463/
2026-08-11,bt-10211419,boattrader,2002 Skipjack 262 Flying Bridge,39500,https://www.boattrader.com/boat/2002-skipjack-262-flying-bridge-10211419/
2026-08-11,bt-10135697,boattrader,2006 Robalo R295 Walkaround,55000,https://www.boattrader.com/boat/2006-robalo-r295-walkaround-10135697/
2026-08-11,bt-10206433,boattrader,1979 Wellcraft Nova 250,15000,https://www.boattrader.com/boat/1979-wellcraft-nova-250-10206433/
2026-08-11,bt-10152977,boattrader,2006 Parker 2520 SL Sport Cabin,59995,https://www.boattrader.com/boat/2006-parker-2520-sl-sport-cabin-10152977/
2026-08-11,bt-10270724,boattrader,2001 Grady-White Gulfstream 232,39900,https://www.boattrader.com/boat/2001-grady-white-gulfstream-232-10270724/
2026-08-11,bt-10278345,boattrader,2007 Parker 2120 Sport Cabin,55000,https://www.boattrader.com/boat/2007-parker-2120-sport-cabin-10278345/
2026-08-11,bt-10201709,boattrader,2005 Aquasport 275 Explorer,35500,https://www.boattrader.com/boat/2005-aquasport-275-explorer-10201709/
2026-08-11,bt-10260872,boattrader,2016 Sea Fox 226 Commander,49900,https://www.boattrader.com/boat/2016-sea-fox-226-commander-10260872/
2026-08-11,bt-10200387,boattrader,2023 NauticStar 242L Offshore,49987,https://www.boattrader.com/boat/2023-nauticstar-242l-offshore-10200387/
2026-08-11,bt-10151518,boattrader,2006 Bayliner 2052 Trophy Walkaround,18000,https://www.boattrader.com/boat/2006-bayliner-2052-trophy-walkaround-10151518/
2026-08-11,bt-9596183,boattrader,1979 Custom Chaparral Center Console,39000,https://www.boattrader.com/boat/1979-custom-chaparral-center-console-9596183/
2026-08-11,bt-10138293,boattrader,2007 Pursuit 235 Denali LS,59500,https://www.boattrader.com/boat/2007-pursuit-235-denali-ls-10138293/
2026-08-11,bt-9463481,boattrader,2022 Stingray 206 CC,34000,https://www.boattrader.com/boat/2022-stingray-206-cc-9463481/
2026-08-11,bt-9941706,boattrader,2019 Stingray 206 CC,32500,https://www.boattrader.com/boat/2019-stingray-206-cc-9941706/
2026-08-11,bt-10216878,boattrader,1995 Tiara Yachts 2900 Open,59995,https://www.boattrader.com/boat/1995-tiara-yachts-2900-open-10216878/
2026-08-11,bm-5027049302,boatmart,2019 Mako 214,55990,https://www.boatmart.com/listing/2019-Mako-214-5027049302
2026-08-11,bm-5039391659,boatmart,2022 Bayliner T22cc,52997,https://www.boatmart.com/listing/2022-Bayliner-T22cc-5039391659
2026-08-11,bm-5040940969,boatmart,1996 Grady-White 272 Sailfish,14950,https://www.boatmart.com/listing/1996-Grady-White-272-Sailfish-5040940969
2026-08-11,bm-5040834168,boatmart,2002 Fish Hawk Walk Around,33900,https://www.boatmart.com/listing/2002-Fish+Hawk-Walk+Around-5040834168
2026-08-11,bm-5035655422,boatmart,2015 Sportsman Open 212/CC,33000,https://www.boatmart.com/listing/2015-Sportsman-Open-212/CC-5035655422
2026-08-11,bm-5031869573,boatmart,1996 Sea Cat SL5,49000,https://www.boatmart.com/listing/1996-Sea-Cat-SL5-5031869573
2026-08-11,bm-5030337861,boatmart,1990 Wellcraft 250 Sportsman,16500,https://www.boatmart.com/listing/1990-Wellcraft-250-Sportsman-5030337861
2026-08-11,bm-5040148136,boatmart,1996 Bayliner 2352 Trophy Walkaround,26500,https://www.boatmart.com/listing/1996-Bayliner-2352-Trophy-Walkaround-5040148136
2026-08-11,bm-5038948984,boatmart,1999 Grady-White 272 Sailfish,44500,https://www.boatmart.com/listing/1999-Grady-White-272-Sailfish-5038948984
2026-08-11,bm-5041660291,boatmart,1999 Cobia 220 Walk Around -23,24500,https://www.boatmart.com/listing/1999-Cobia-220+WALK+AROUND+-23-5041660291
2026-08-12,cl-7935458497,craigslist,Grady White Flybridge Atlantic 260,21500,https://sandiego.craigslist.org/csd/boa/d/san-diego-grady-white-flybridge/7935458497.html
2026-08-12,cl-7939659710,craigslist,1998 Bayliner Trophy 26ft,12500,https://sandiego.craigslist.org/csd/boa/d/alpine-1998-bayliner-trophy-26ft/7939659710.html
2026-08-12,cl-7938532151,craigslist,2006 Trophy Diesel Hardtop,38000,https://sandiego.craigslist.org/nsd/boa/d/carlsbad-2006-trophy-hardtop-diesel/7938532151.html
2026-08-12,cl-7941783968,craigslist,"23' Cobia walkaround with 200hp Yamaha, Aluminim trailer, Garmin",24500,https://sandiego.craigslist.org/csd/boa/d/san-diego-23-cobia-walkaround-with/7941783968.html
2026-08-12,cl-7913591428,craigslist,Grady White,43500,https://sandiego.craigslist.org/esd/boa/d/jamul-grady-white/7913591428.html
2026-08-12,cl-7920668174,craigslist,Farallon 27 Whaleback Project,40000,https://sandiego.craigslist.org/csd/boa/d/san-diego-farallon-27-whaleback-project/7920668174.html
2026-08-12,cl-7919105569,craigslist,1996 Bayliner Trophy 2352,26500,https://sandiego.craigslist.org/nsd/boa/d/oceanside-1996-bayliner-trophy-2352/7919105569.html
2026-08-12,cl-7952671721,craigslist,"1979 Mako 21B, Center Console Fishing Boat",13500,https://sandiego.craigslist.org/esd/boa/d/spring-valley-1979-mako-21b-center/7952671721.html
2026-08-12,cl-7941390694,craigslist,2021 KenCraft Center Console,54900,https://sandiego.craigslist.org/csd/boa/d/corona-2021-kencraft-center-console/7941390694.html
2026-08-12,cl-7923943547,craigslist,1991 Mako 286 side console Diesels project TRADE,13000,https://sandiego.craigslist.org/ssd/boa/d/newport-beach-1991-mako-286-side/7923943547.html
2026-08-12,cl-7938447370,craigslist,2001 Seaswirl Striper 2301,15900,https://sandiego.craigslist.org/esd/boa/d/jamul-2001-seaswirl-striper-2301/7938447370.html
2026-08-12,cl-7938446836,craigslist,2001 Seaswirl Striper 2301,15900,https://sandiego.craigslist.org/esd/boa/d/jamul-2001-seaswirl-striper-2301/7938446836.html
2026-08-12,cl-7915796499,craigslist,Seaswirl striper 2150 (2 hrs on motor),6500,https://sandiego.craigslist.org/esd/boa/d/lemon-grove-seaswirl-striper-hrs-on/7915796499.html
2026-08-12,cl-7917302247,craigslist,Seaswirl striper 2150,6500,https://sandiego.craigslist.org/esd/boa/d/lemon-grove-seaswirl-striper-hrs-on/7917302247.html
2026-08-12,cl-7915794915,craigslist,30 ft boat sportfisher no trailer included,5500,https://sandiego.craigslist.org/esd/boa/d/lemon-grove-30-ft-boat-sportfisher-no/7915794915.html
2026-08-12,cl-7939512761,craigslist,1998 21' Boston Whaler Conquest,45000,https://sandiego.craigslist.org/csd/boa/d/san-diego-boston-whaler-conquest/7939512761.html
2026-08-12,cl-7945599892,craigslist,"2002 Center Console,EXCELLENT COND.turn Key",17000,https://sandiego.craigslist.org/nsd/boa/d/vista-2002-center-consoleexcellent/7945599892.html
2026-08-12,cl-7950348672,craigslist,2001 Grady White 23' Walkaround w/Twin Yamaha 4-Strokes,39900,https://sandiego.craigslist.org/nsd/bod/d/vista-2001-grady-white-23-walkaround/7950348672.html
2026-08-12,cl-7941519770,craigslist,Proline 2610 WA,32000,https://sandiego.craigslist.org/csd/boa/d/san-diego-proline-2610-wa/7941519770.html
2026-08-12,cl-7935450517,craigslist,"2022 Avid 21' Welded Alum. CC Bay Boat, Yamaha 150hp",44900,https://sandiego.craigslist.org/nsd/bod/d/vista-2022-avid-21-welded-alum-cc-bay/7935450517.html
2026-08-12,cl-7936951732,craigslist,2002 Stamas 250 Tarpon Runabout Sportfishing Boat,36000,https://sandiego.craigslist.org/ssd/boa/d/rialto-2002-stamas-250-tarpon-runabout/7936951732.html
2026-08-12,cl-7919895761,craigslist,"Sea Cat, Power Catamaran, 25ft, cuddy cabin",49999,https://sandiego.craigslist.org/ssd/boa/d/chula-vista-sea-cat-power-catamaran/7919895761.html
2026-08-12,cl-7939245604,craigslist,2003 Seaswirl Striper 2601,33000,https://sandiego.craigslist.org/nsd/boa/d/carlsbad-2003-seaswirl-striper-2601/7939245604.html
2026-08-12,cl-7933544197,craigslist,2000 Skipjack 262 Flybridge w/Yanmar 315hp diesel & Trailer,59900,https://sandiego.craigslist.org/csd/bod/d/san-diego-2000-skipjack-262-flybridge/7933544197.html
2026-08-12,cl-7947992571,craigslist,*****2052 trophy ****,20000,https://sandiego.craigslist.org/nsd/boa/d/san-marcos-2052-trophy/7947992571.html
2026-08-12,cl-7917355597,craigslist,Owens Concorde Sportfisher Twin Yanmar Diesel,11500,https://sandiego.craigslist.org/ssd/boa/d/chula-vista-owens-concorde-sportfisher/7917355597.html
2026-08-12,cl-7948587277,craigslist,26' Shamrock diesel - full inboard,35000,https://sandiego.craigslist.org/csd/boa/d/san-diego-26-shamrock-diesel-full/7948587277.html
2026-08-12,cl-7937269874,craigslist,2002 Striper Fishing boat,48000,https://sandiego.craigslist.org/ssd/boa/d/marina-del-rey-2002-striper-fishing-boat/7937269874.html
2026-08-12,cl-7940649484,craigslist,1985 BLACKMAN BILLFISHER VOLVO DIESEL FISHING BOAT LOW HOURS,59000,https://sandiego.craigslist.org/nsd/boa/d/oceanside-1985-blackman-billfisher/7940649484.html
2026-08-12,cl-7903547262,craigslist,2000 Kencraft Challenger with trailer and 150hp Yamaha,23600,https://sandiego.craigslist.org/csd/boa/d/san-diego-2000-kencraft-challenger-with/7903547262.html
2026-08-12,cl-7919306497,craigslist,Fish /Dive Boat,23000,https://sandiego.craigslist.org/ssd/boa/d/san-pedro-fish-dive-boat/7919306497.html
2026-08-12,cl-7938882236,craigslist,29' Wellcraft & trailer - no engines,6500,https://sandiego.craigslist.org/csd/boa/d/garden-grove-29-wellcraft-trailer-no/7938882236.html
2026-08-12,cl-7951934271,craigslist,1993 Grady-White 300 Marlin w/ Full Tower,35000,https://sandiego.craigslist.org/ssd/boa/d/san-diego-1993-grady-white-300-marlin/7951934271.html
2026-08-12,bt-10198955,boattrader,2013 Carolina Skiff Sea Chaser 1950 RG,19500,https://www.boattrader.com/boat/2013-carolina-skiff-sea-chaser-1950-rg-10198955/
2026-08-12,bt-10217414,boattrader,1998 Pro-Line 2610 Walkaround,38595,https://www.boattrader.com/boat/1998-pro-line-2610-walkaround-10217414/
2026-08-12,bt-8497531,boattrader,2001 Seaswirl Striper 2600 Sport Cabin I/O,24395,https://www.boattrader.com/boat/2001-seaswirl-striper-2600-sport-cabin-i-o-8497531/
2026-08-12,bt-10224599,boattrader,1999 Albemarle 305 Express Fisherman,42500,https://www.boattrader.com/boat/1999-albemarle-305-express-fisherman-10224599/
2026-08-12,bt-10097237,boattrader,2002 Sea Fox 210 Center Console,29500,https://www.boattrader.com/boat/2002-sea-fox-210-center-console-10097237/
2026-08-12,bt-10275191,boattrader,2005 Sailfish 218 WAC,37750,https://www.boattrader.com/boat/2005-sailfish-218-wac-10275191/
2026-08-12,bt-10020878,boattrader,2001 Pursuit 3000 Express,45000,https://www.boattrader.com/boat/2001-pursuit-3000-express-10020878/
2026-08-12,bt-10249331,boattrader,2009 Seaswirl Striper,46000,https://www.boattrader.com/boat/2009-seaswirl-striper-10249331/
2026-08-12,bt-10222977,boattrader,2001 Bayliner Trophy,10000,https://www.boattrader.com/boat/2001-bayliner-trophy-10222977/
2026-08-12,bt-10206201,boattrader,2004 Grady-White Gulfstream 232,49900,https://www.boattrader.com/boat/2004-grady-white-gulfstream-232-10206201/
2026-08-12,bt-8941848,boattrader,2019 Scout 210 Dorado,28500,https://www.boattrader.com/boat/2019-scout-210-dorado-8941848/
2026-08-12,bt-9692473,boattrader,2005 Grady-White Tournament 225,29995,https://www.boattrader.com/boat/2005-grady-white-tournament-225-9692473/
2026-08-12,bt-9951640,boattrader,1997 Steiger Craft 21 Miami,38500,https://www.boattrader.com/boat/1997-steiger-craft-21-miami-9951640/
2026-08-12,bt-10243463,boattrader,2002 Striper striper,39500,https://www.boattrader.com/boat/2002-striper-striper-10243463/
2026-08-12,bt-10211419,boattrader,2002 Skipjack 262 Flying Bridge,39500,https://www.boattrader.com/boat/2002-skipjack-262-flying-bridge-10211419/
2026-08-12,bt-10135697,boattrader,2006 Robalo R295 Walkaround,55000,https://www.boattrader.com/boat/2006-robalo-r295-walkaround-10135697/
2026-08-12,bt-10206433,boattrader,1979 Wellcraft Nova 250,15000,https://www.boattrader.com/boat/1979-wellcraft-nova-250-10206433/
2026-08-12,bt-10152977,boattrader,2006 Parker 2520 SL Sport Cabin,59995,https://www.boattrader.com/boat/2006-parker-2520-sl-sport-cabin-10152977/
2026-08-12,bt-10270724,boattrader,2001 Grady-White Gulfstream 232,39900,https://www.boattrader.com/boat/2001-grady-white-gulfstream-232-10270724/
2026-08-12,bt-10278345,boattrader,2007 Parker 2120 Sport Cabin,55000,https://www.boattrader.com/boat/2007-parker-2120-sport-cabin-10278345/
2026-08-12,bt-10201709,boattrader,2005 Aquasport 275 Explorer,35500,https://www.boattrader.com/boat/2005-aquasport-275-explorer-10201709/
2026-08-12,bt-10260872,boattrader,2016 Sea Fox 226 Commander,49900,https://www.boattrader.com/boat/2016-sea-fox-226-commander-10260872/
2026-08-12,bt-10200387,boattrader,2023 NauticStar 242L Offshore,49987,https://www.boattrader.com/boat/2023-nauticstar-242l-offshore-10200387/
2026-08-12,bt-10151518,boattrader,2006 Bayliner 2052 Trophy Walkaround,18000,https://www.boattrader.com/boat/2006-bayliner-2052-trophy-walkaround-10151518/
2026-08-12,bt-9596183,boattrader,1979 Custom Chaparral Center Console,39000,https://www.boattrader.com/boat/1979-custom-chaparral-center-console-9596183/
2026-08-12,bt-10138293,boattrader,2007 Pursuit 235 Denali LS,59500,https://www.boattrader.com/boat/2007-pursuit-235-denali-ls-10138293/
2026-08-12,bt-9463481,boattrader,2022 Stingray 206 CC,34000,https://www.boattrader.com/boat/2022-stingray-206-cc-9463481/
2026-08-12,bt-9941706,boattrader,2019 Stingray 206 CC,32500,https://www.boattrader.com/boat/2019-stingray-206-cc-9941706/
2026-08-12,bt-10216878,boattrader,1995 Tiara Yachts 2900 Open,59995,https://www.boattrader.com/boat/1995-tiara-yachts-2900-open-10216878/
2026-08-12,bm-5027049302,boatmart,2019 Mako 214,55990,https://www.boatmart.com/listing/2019-Mako-214-5027049302
2026-08-12,bm-5039391659,boatmart,2022 Bayliner T22cc,52997,https://www.boatmart.com/listing/2022-Bayliner-T22cc-5039391659
2026-08-12,bm-5040940969,boatmart,1996 Grady-White 272 Sailfish,14950,https://www.boatmart.com/listing/1996-Grady-White-272-Sailfish-5040940969
2026-08-12,bm-5040834168,boatmart,2002 Fish Hawk Walk Around,33900,https://www.boatmart.com/listing/2002-Fish+Hawk-Walk+Around-5040834168
2026-08-12,bm-5035655422,boatmart,2015 Sportsman Open 212/CC,33000,https://www.boatmart.com/listing/2015-Sportsman-Open-212/CC-5035655422
2026-08-12,bm-5031869573,boatmart,1996 Sea Cat SL5,49000,https://www.boatmart.com/listing/1996-Sea-Cat-SL5-5031869573
2026-08-12,bm-5030337861,boatmart,1990 Wellcraft 250 Sportsman,16500,https://www.boatmart.com/listing/1990-Wellcraft-250-Sportsman-5030337861
2026-08-12,bm-5040148136,boatmart,1996 Bayliner 2352 Trophy Walkaround,26500,https://www.boatmart.com/listing/1996-Bayliner-2352-Trophy-Walkaround-5040148136
2026-08-12,bm-5038948984,boatmart,1999 Grady-White 272 Sailfish,44500,https://www.boatmart.com/listing/1999-Grady-White-272-Sailfish-5038948984
2026-08-12,bm-5041660291,boatmart,1999 Cobia 220 Walk Around -23,24500,https://www.boatmart.com/listing/1999-Cobia-220+WALK+AROUND+-23-5041660291
2026-08-15,cl-7937269874,craigslist,2002 Striper Fishing boat,48000,https://sandiego.craigslist.org/ssd/boa/d/marina-del-rey-2002-striper-fishing-boat/7937269874.html
2026-08-15,cl-7939659710,craigslist,1998 Bayliner Trophy 26ft,14500,https://sandiego.craigslist.org/csd/boa/d/alpine-1998-bayliner-trophy-26ft/7939659710.html
2026-08-15,cl-7919105569,craigslist,1996 Bayliner Trophy 2352,29950,https://sandiego.craigslist.org/nsd/boa/d/oceanside-1996-bayliner-trophy-2352/7919105569.html
2026-08-15,cl-7938447370,craigslist,2001 Seaswirl Striper 2301,15900,https://sandiego.craigslist.org/esd/boa/d/jamul-2001-seaswirl-striper-2301/7938447370.html
2026-08-15,cl-7913591428,craigslist,Grady White,43500,https://sandiego.craigslist.org/esd/boa/d/jamul-grady-white/7913591428.html
2026-08-15,cl-7939512761,craigslist,1998 21' Boston Whaler Conquest,45000,https://sandiego.craigslist.org/csd/boa/d/san-diego-boston-whaler-conquest/7939512761.html
2026-08-15,cl-7938768022,craigslist,2001 Boston Whaler 21 Ventura w/Mercury 200hp Optimax & Trailer,24900,https://sandiego.craigslist.org/csd/boa/d/san-diego-2001-boston-whaler-21-ventura/7938768022.html
2026-08-15,cl-7939410515,craigslist,2006 Sea Hunt Escape 220 Dual Console Four Stroke,29500,https://sandiego.craigslist.org/nsd/boa/d/vista-2006-sea-hunt-escape-220-dual/7939410515.html
2026-08-15,cl-7939245604,craigslist,2003 Seaswirl Striper 2601,33000,https://sandiego.craigslist.org/nsd/boa/d/carlsbad-2003-seaswirl-striper-2601/7939245604.html
2026-08-15,cl-7923943547,craigslist,1991 Mako 286 side console Diesels project TRADE,13000,https://sandiego.craigslist.org/ssd/boa/d/newport-beach-1991-mako-286-side/7923943547.html
2026-08-15,cl-7938732830,craigslist,Nautic Star Angler 211,32000,https://sandiego.craigslist.org/csd/boa/d/san-diego-nautic-star-angler-211/7938732830.html
2026-08-15,cl-7938532151,craigslist,2006 Trophy Hardtop Diesel,35000,https://sandiego.craigslist.org/nsd/boa/d/carlsbad-2006-trophy-hardtop-diesel/7938532151.html
2026-08-15,cl-7932088532,craigslist,Rare Find! diesel 24' Skipjack Flybridge,17500,https://sandiego.craigslist.org/ssd/boa/d/san-diego-rare-find-diesel-24-skipjack/7932088532.html
2026-08-15,cl-7917302247,craigslist,Seaswirl striper 2150,6500,https://sandiego.craigslist.org/esd/boa/d/lemon-grove-seaswirl-striper-hrs-on/7917302247.html
2026-08-15,cl-7915796499,craigslist,Seaswirl striper 2150 (2 hrs on motor),6500,https://sandiego.craigslist.org/esd/boa/d/lemon-grove-seaswirl-striper-hrs-on/7915796499.html
2026-08-15,cl-7915794915,craigslist,30 ft boat sportfisher no trailer included,5500,https://sandiego.craigslist.org/esd/boa/d/lemon-grove-30-ft-boat-sportfisher-no/7915794915.html
2026-08-15,cl-7937993268,craigslist,23' Sea Ox Walkaround Cuddy - Honda BF225 - Simrad,17500,https://sandiego.craigslist.org/nsd/boa/d/oceanside-23-sea-ox-walkaround-cuddy/7937993268.html
2026-08-15,cl-7917355597,craigslist,Owens Concorde Sportfisher Twin Yanmar Diesel,11500,https://sandiego.craigslist.org/ssd/boa/d/chula-vista-owens-concorde-sportfisher/7917355597.html
2026-08-15,cl-7937611302,craigslist,"21ft Boston Outrage Center Console, Ready to Fish",16000,https://sandiego.craigslist.org/nsd/boa/d/oceanside-21ft-boston-outrage-center/7937611302.html
2026-08-15,cl-7936710536,craigslist,1976 Skipjack 24 Open – Hardtop + Tower – MerCruiser 5.7,14500,https://sandiego.craigslist.org/csd/boa/d/san-diego-1976-skipjack-24-open-hardtop/7936710536.html
2026-08-15,cl-7937552374,craigslist,1971 Skipjack 24ft flybridge,11000,https://sandiego.craigslist.org/csd/boa/d/san-diego-1971-skipjack-24ft-flybridge/7937552374.html
2026-08-15,cl-7937373033,craigslist,Carolina Skiff Sea Chaser 2400 Offshore - Suzuki 250 HP,17000,https://sandiego.craigslist.org/csd/boa/d/san-diego-carolina-skiff-sea-chaser/7937373033.html
2026-08-15,cl-7937288933,craigslist,2004 Bayliner 2352 Hardtop Walkaround,11000,https://sandiego.craigslist.org/csd/boa/d/oklahoma-city-2004-bayliner-2352/7937288933.html
2026-08-15,cl-7937109931,craigslist,1999 Bayliner Trophy 22' Fishing Boat,13950,https://sandiego.craigslist.org/nsd/boa/d/fallbrook-1999-bayliner-trophy-22/7937109931.html
2026-08-15,cl-7937054364,craigslist,"24' Skipjack Open, 1982",13500,https://sandiego.craigslist.org/nsd/boa/d/costa-mesa-24-skipjack-open-1982/7937054364.html
2026-08-15,cl-7932293385,craigslist,2005 Seaswirl Striper 2101DC Anniversary edition,18899,https://sandiego.craigslist.org/esd/boa/d/lemon-grove-2005-seaswirl-striper/7932293385.html
2026-08-15,cl-7935040770,craigslist,2005 Seaswirl Striper 2101DC Anniversary edition,18899,https://sandiego.craigslist.org/esd/boa/d/lemon-grove-2005-seaswirl-striper/7935040770.html
2026-08-15,cl-7914162233,craigslist,2005 Seaswirl Striper 2101DC Anniversary edition,18899,https://sandiego.craigslist.org/esd/boa/d/lemon-grove-2005-anniversary-edition/7914162233.html
2026-08-15,cl-7936951732,craigslist,2002 Stamas 250 Tarpon Runabout Sportfishing Boat,40000,https://sandiego.craigslist.org/ssd/boa/d/rialto-2002-stamas-250-tarpon-runabout/7936951732.html
2026-08-15,cl-7936827503,craigslist,2005 Edgewater 245cc Center Console,32000,https://sandiego.craigslist.org/nsd/boa/d/san-diego-2005-edgewater-245cc-center/7936827503.html
2026-08-15,cl-7936651829,craigslist,Offshore Ready: 2011 Trophy Walkaround,18000,https://sandiego.craigslist.org/ssd/boa/d/chula-vista-offshore-ready-2011-trophy/7936651829.html
2026-08-15,cl-7936187924,craigslist,2005 Parker 2310 Boat For Sale,27500,https://sandiego.craigslist.org/csd/boa/d/san-diego-2005-parker-2310-boat-for-sale/7936187924.html
2026-08-15,cl-7914244706,craigslist,1979 28 Skipjack,19000,https://sandiego.craigslist.org/esd/boa/d/el-cajon-skipjack/7914244706.html
2026-08-15,cl-7935458497,craigslist,Grady White Flybridge Atlantic 260,21500,https://sandiego.craigslist.org/csd/boa/d/san-diego-grady-white-flybridge/7935458497.html
2026-08-15,cl-7919895761,craigslist,"Sea Cat, Power Catamaran, 25ft, cuddy cabin",49999,https://sandiego.craigslist.org/ssd/boa/d/chula-vista-sea-cat-power-catamaran/7919895761.html
2026-08-15,cl-7932513684,craigslist,2000 21 foot Seaswirl Striper,23900,https://sandiego.craigslist.org/esd/boa/d/santee-foot-seaswirl-striper/7932513684.html
2026-08-15,cl-7916919568,craigslist,1977 Seacraft Potter built 23',30000,https://sandiego.craigslist.org/nsd/boa/d/vista-1977-seacraft-potter-built-23/7916919568.html
2026-08-15,cl-7918140522,craigslist,Thresher 22' Boat 2020 Mercury 200hp 4 Stroke OB,49000,https://sandiego.craigslist.org/ssd/boa/d/el-cajon-thresher-22-boat-2020-mercury/7918140522.html
2026-08-15,cl-7934905888,craigslist,27 Express Sportfisher,49500,https://sandiego.craigslist.org/csd/boa/d/san-diego-27-express-sportfisher/7934905888.html
2026-08-15,cl-7924193406,craigslist,26' Panga,22000,https://sandiego.craigslist.org/nsd/boa/d/valley-center-26-panga/7924193406.html
2026-08-15,cl-7933544197,craigslist,2000 Skipjack 262 Flybridge w/Yanmar 315hp diesel & Trailer,59900,https://sandiego.craigslist.org/csd/bod/d/san-diego-2000-skipjack-262-flybridge/7933544197.html
2026-08-15,cl-7920668174,craigslist,Farallon 27 Whaleback Project,40000,https://sandiego.craigslist.org/csd/boa/d/san-diego-farallon-27-whaleback-project/7920668174.html
2026-08-15,cl-7939722168,craigslist,2009 Pursuit C 250 Center Console w/twin Yamaha F150,54900,https://sandiego.craigslist.org/csd/bod/d/san-diego-2009-pursuit-250-center/7939722168.html
2026-08-15,cl-7939658825,craigslist,Boston Whaler - Rare Collector Boat,24900,https://sandiego.craigslist.org/csd/boa/d/lemon-grove-boston-whaler-for-sale-rare/7939658825.html
2026-08-15,cl-7938916074,craigslist,20' Scout 201 | Garmin GPS | T-Top | Inshore Bay,26000,https://sandiego.craigslist.org/ssd/boa/d/chula-vista-20-scout-201-garmin-gps-top/7938916074.html
2026-08-15,cl-7937496660,craigslist,Skipjack,4500,https://sandiego.craigslist.org/esd/boa/d/alpine-skipjack/7937496660.html
2026-08-15,cl-7903547262,craigslist,2000 Kencraft Challenger with trailer and 150hp Yamaha,29500,https://sandiego.craigslist.org/csd/boa/d/san-diego-2000-kencraft-challenger-with/7903547262.html
2026-08-15,cl-7938455505,craigslist,Wellcraft Scarab Sport 302 center w cuddy,49500,https://sandiego.craigslist.org/ssd/boa/d/dana-point-wellcraft-scarab-sport-302/7938455505.html
2026-08-15,bt-10275191,boattrader,2005 Sailfish 218 WAC,37750,https://www.boattrader.com/boat/2005-sailfish-218-wac-10275191/
2026-08-15,bt-10206201,boattrader,2004 Grady-White Gulfstream 232,49900,https://www.boattrader.com/boat/2004-grady-white-gulfstream-232-10206201/
2026-08-15,bt-10206433,boattrader,1979 Wellcraft Nova 250,15000,https://www.boattrader.com/boat/1979-wellcraft-nova-250-10206433/
2026-08-15,bt-8497531,boattrader,2001 Seaswirl Striper 2600 Sport Cabin I/O,24395,https://www.boattrader.com/boat/2001-seaswirl-striper-2600-sport-cabin-i-o-8497531/
2026-08-15,bt-9692473,boattrader,2005 Grady-White Tournament 225,29995,https://www.boattrader.com/boat/2005-grady-white-tournament-225-9692473/
2026-08-15,bt-10273360,boattrader,1996 Shamrock 20' Walkaround,21900,https://www.boattrader.com/boat/1996-shamrock-20-walkaround-10273360/
2026-08-15,bt-10249331,boattrader,2009 Seaswirl Striper,46000,https://www.boattrader.com/boat/2009-seaswirl-striper-10249331/
2026-08-15,bt-10270724,boattrader,2001 Grady-White Gulfstream 232,39900,https://www.boattrader.com/boat/2001-grady-white-gulfstream-232-10270724/
2026-08-15,bt-9596183,boattrader,1979 Custom Chaparral Center Console,39000,https://www.boattrader.com/boat/1979-custom-chaparral-center-console-9596183/
2026-08-15,bt-10217414,boattrader,1998 Pro-Line 2610 Walkaround,38595,https://www.boattrader.com/boat/1998-pro-line-2610-walkaround-10217414/
2026-08-15,bt-10211419,boattrader,2002 Skipjack 262 Flying Bridge,34000,https://www.boattrader.com/boat/2002-skipjack-262-flying-bridge-10211419/
2026-08-15,bt-10260872,boattrader,2016 Sea Fox 226 Commander,49900,https://www.boattrader.com/boat/2016-sea-fox-226-commander-10260872/
2026-08-15,bt-10033838,boattrader,1976 Chris-Craft 30 Tournament SF,46000,https://www.boattrader.com/boat/1976-chris-craft-30-tournament-sf-10033838/
2026-08-15,bt-10146147,boattrader,1991 Bertram 28,40000,https://www.boattrader.com/boat/1991-bertram-28-10146147/
2026-08-15,bt-8941848,boattrader,2019 Scout 210 Dorado,28500,https://www.boattrader.com/boat/2019-scout-210-dorado-8941848/
2026-08-15,bt-9540459,boattrader,1981 Mako 25 Mako,40000,https://www.boattrader.com/boat/1981-mako-25-mako-9540459/
2026-08-15,bt-10255400,boattrader,1995 Sea Cat SL5,49999,https://www.boattrader.com/boat/1995-sea-cat-sl5-10255400/
2026-08-15,bt-10222977,boattrader,2001 Bayliner Trophy,10000,https://www.boattrader.com/boat/2001-bayliner-trophy-10222977/
2026-08-15,bm-5041660291,boatmart,1999 Cobia 220 Walk Around -23,24500,https://www.boatmart.com/listing/1999-Cobia-220+WALK+AROUND+-23-5041660291
2026-08-15,bm-5040148136,boatmart,1996 Bayliner 2352 Trophy Walkaround,26500,https://www.boatmart.com/listing/1996-Bayliner-2352-Trophy-Walkaround-5040148136
2026-08-15,bm-5038948984,boatmart,1999 Grady-White 272 Sailfish,44500,https://www.boatmart.com/listing/1999-Grady-White-272-Sailfish-5038948984
2026-08-15,bm-5030337861,boatmart,1990 Wellcraft 250 Sportsman,16500,https://www.boatmart.com/listing/1990-Wellcraft-250-Sportsman-5030337861
2026-08-15,bm-5040834168,boatmart,2002 Fish Hawk Walk Around,33900,https://www.boatmart.com/listing/2002-Fish+Hawk-Walk+Around-5040834168
2026-08-15,bm-5030150567,boatmart,2011 Skeeter ZX 22 BAY,32900,https://www.boatmart.com/listing/2011-Skeeter-ZX+22+BAY-5030150567
2026-08-15,bm-5035655422,boatmart,2015 Sportsman Open 212/CC,33000,https://www.boatmart.com/listing/2015-Sportsman-Open-212/CC-5035655422
2026-08-15,bm-5031869573,boatmart,1996 Sea Cat SL5,49000,https://www.boatmart.com/listing/1996-Sea-Cat-SL5-5031869573
2026-08-16,cl-7937269874,craigslist,2002 Striper Fishing boat,48000,https://sandiego.craigslist.org/ssd/boa/d/marina-del-rey-2002-striper-fishing-boat/7937269874.html
2026-08-16,cl-7920668174,craigslist,Farallon 27 Whaleback Project,40000,https://sandiego.craigslist.org/csd/boa/d/san-diego-farallon-27-whaleback-project/7920668174.html
2026-08-16,cl-7939722168,craigslist,2009 Pursuit C 250 Center Console w/twin Yamaha F150,54900,https://sandiego.craigslist.org/csd/bod/d/san-diego-2009-pursuit-250-center/7939722168.html
2026-08-16,cl-7939658825,craigslist,BOSTON WHALER FOR SALE!! RARE COLLECTOR BOAT!!,24900,https://sandiego.craigslist.org/csd/boa/d/lemon-grove-boston-whaler-for-sale-rare/7939658825.html
2026-08-16,cl-7939659710,craigslist,1998 bayliner Trophy 26ft,14500,https://sandiego.craigslist.org/csd/boa/d/alpine-1998-bayliner-trophy-26ft/7939659710.html
2026-08-16,cl-7919105569,craigslist,1996 Bayliner Trophy 2352,29950,https://sandiego.craigslist.org/nsd/boa/d/oceanside-1996-bayliner-trophy-2352/7919105569.html
2026-08-16,cl-7938447370,craigslist,2001 Seaswirl Striper 2301,15900,https://sandiego.craigslist.org/esd/boa/d/jamul-2001-seaswirl-striper-2301/7938447370.html
2026-08-16,cl-7913591428,craigslist,Grady White,43500,https://sandiego.craigslist.org/esd/boa/d/jamul-grady-white/7913591428.html
2026-08-16,cl-7939512761,craigslist,1998 21' Boston Whaler Conquest,45000,https://sandiego.craigslist.org/csd/boa/d/san-diego-boston-whaler-conquest/7939512761.html
2026-08-16,cl-7939509504,craigslist,1988 Cabo 216 Fishing Boat,15500,https://sandiego.craigslist.org/esd/boa/d/el-cajon-1988-cabo-216-fishing-boat/7939509504.html
2026-08-16,cl-7939505651,craigslist,2002 28ft Advantage Party Cat XL,44000,https://sandiego.craigslist.org/esd/boa/d/alpine-ft-advantage-party-cat-xl/7939505651.html
2026-08-16,cl-7938768022,craigslist,2001 Boston Whaler 21 Ventura w/Mercury 200hp Optimax & Trailer,24900,https://sandiego.craigslist.org/csd/boa/d/san-diego-2001-boston-whaler-21-ventura/7938768022.html
2026-08-16,cl-7938882236,craigslist,29' Wellcraft & trailer - no engines,6000,https://sandiego.craigslist.org/csd/boa/d/garden-grove-29-wellcraft-trailer-no/7938882236.html
2026-08-16,cl-7939410515,craigslist,2006 Sea Hunt Escape 220 Dual Console Four Stroke,29500,https://sandiego.craigslist.org/nsd/boa/d/vista-2006-sea-hunt-escape-220-dual/7939410515.html
2026-08-16,cl-7934194341,craigslist,2005 Chaparral 22' Cuddy Cabin EFI Super Low Hours,15850,https://sandiego.craigslist.org/csd/boa/d/san-diego-2005-chaparral-22-cuddy-cabin/7934194341.html
2026-08-16,cl-7939245604,craigslist,2003 Seaswirl Striper 2601,33000,https://sandiego.craigslist.org/nsd/boa/d/carlsbad-2003-seaswirl-striper-2601/7939245604.html
2026-08-16,cl-7923943547,craigslist,1991 Mako 286 side console Diesels project TRADE,13000,https://sandiego.craigslist.org/ssd/boa/d/newport-beach-1991-mako-286-side/7923943547.html
2026-08-16,cl-7939838863,craigslist,29' flybridge & trailer - PROJECT BOAT,6000,https://sandiego.craigslist.org/csd/boa/d/garden-grove-29-flybridge-trailer/7939838863.html
2026-08-16,cl-7937496660,craigslist,Skipjack,4500,https://sandiego.craigslist.org/esd/boa/d/alpine-skipjack/7937496660.html
2026-08-16,cl-7939123001,craigslist,2008 Hydra-Sports Evinrude 250HP (Kevlar-Reinforced),26000,https://sandiego.craigslist.org/nsd/boa/d/oceanside-2008-hydra-sports-evinrude/7939123001.html
2026-08-16,cl-7938916074,craigslist,20' Scout 201 | Garmin GPS | T-Top | Excellent! Inshore Bay,26000,https://sandiego.craigslist.org/ssd/boa/d/chula-vista-20-scout-201-garmin-gps-top/7938916074.html
2026-08-16,cl-7921246100,craigslist,2004 Chaparral 22' Cuddy Cabin,13500,https://sandiego.craigslist.org/csd/boa/d/san-diego-2004-chaparral-22-cuddy-cabin/7921246100.html
2026-08-16,cl-7938813368,craigslist,"Sports fishing, tuna boat with outriggers",30000,https://sandiego.craigslist.org/ssd/boa/d/vancouver-sports-fishing-tuna-boat-with/7938813368.html
2026-08-16,cl-7938732830,craigslist,Nautic Star Angler 211,32000,https://sandiego.craigslist.org/csd/boa/d/san-diego-nautic-star-angler-211/7938732830.html
2026-08-16,cl-7938532151,craigslist,2006 Trophy Hardtop Diesel,35000,https://sandiego.craigslist.org/nsd/boa/d/carlsbad-2006-trophy-hardtop-diesel/7938532151.html
2026-08-16,cl-7932088532,craigslist,Rare Find! diesel 24' Skipjack Flybridge,17500,https://sandiego.craigslist.org/ssd/boa/d/san-diego-rare-find-diesel-24-skipjack/7932088532.html
2026-08-16,cl-7938265506,craigslist,1983 Grady White Sailfish,8000,https://sandiego.craigslist.org/nsd/boa/d/san-diego-1983-grady-white-sailfish/7938265506.html
2026-08-16,cl-7938225004,craigslist,wellcraft 26,20000,https://sandiego.craigslist.org/ssd/boa/d/chula-vista-wellcraft-26/7938225004.html
2026-08-16,cl-7917302247,craigslist,Seaswirl striper 2150,6500,https://sandiego.craigslist.org/esd/boa/d/lemon-grove-seaswirl-striper-hrs-on/7917302247.html
2026-08-16,cl-7915796499,craigslist,Seaswirl striper 2150,6500,https://sandiego.craigslist.org/esd/boa/d/lemon-grove-seaswirl-striper-hrs-on/7915796499.html
2026-08-16,cl-7915794915,craigslist,30 ft boat sportfisher no trailer included,5500,https://sandiego.craigslist.org/esd/boa/d/lemon-grove-30-ft-boat-sportfisher-no/7915794915.html
2026-08-16,cl-7937993268,craigslist,23' Sea Ox Walkaround Cuddy - Honda BF225 - Simrad,17500,https://sandiego.craigslist.org/nsd/boa/d/oceanside-23-sea-ox-walkaround-cuddy/7937993268.html
2026-08-16,cl-7917355597,craigslist,Owens Concorde Sportfisher Twin Yanmar Diesel,11500,https://sandiego.craigslist.org/ssd/boa/d/chula-vista-owens-concorde-sportfisher/7917355597.html
2026-08-16,cl-7937611302,craigslist,"21ft Boston Outrage Center Console, Ready to Fish",16000,https://sandiego.craigslist.org/nsd/boa/d/oceanside-21ft-boston-outrage-center/7937611302.html
2026-08-16,cl-7936710536,craigslist,1976 Skipjack 24 Open - Hardtop + Tower - MerCruiser 5.7,14500,https://sandiego.craigslist.org/csd/boa/d/san-diego-1976-skipjack-24-open-hardtop/7936710536.html
2026-08-16,cl-7937552374,craigslist,1971 Skipjack 24ft flybridge,11000,https://sandiego.craigslist.org/csd/boa/d/san-diego-1971-skipjack-24ft-flybridge/7937552374.html
2026-08-16,cl-7937515468,craigslist,1984 24' Bayliner Command Bridge,10000,https://sandiego.craigslist.org/nsd/boa/d/vista-bayliner-command-bridge/7937515468.html
2026-08-16,cl-7937373033,craigslist,Carolina Skiff Sea Chaser 2400 Offshore - Suzuki 250 HP,17000,https://sandiego.craigslist.org/csd/boa/d/san-diego-carolina-skiff-sea-chaser/7937373033.html
2026-08-16,cl-7937288933,craigslist,2004 Bayliner 2352 Hardtop Walkaround,11000,https://sandiego.craigslist.org/csd/boa/d/oklahoma-city-2004-bayliner-2352/7937288933.html
2026-08-16,cl-7937109931,craigslist,1999 Bayliner Trophy 22' Fishing Boat,13950,https://sandiego.craigslist.org/nsd/boa/d/fallbrook-1999-bayliner-trophy-22/7937109931.html
2026-08-16,cl-7937054364,craigslist,"24' Skipjack Open, 1982",13500,https://sandiego.craigslist.org/nsd/boa/d/costa-mesa-24-skipjack-open-1982/7937054364.html
2026-08-16,cl-7936951732,craigslist,2002 Stamas 250 Tarpon Runabout Sportfishing Boat,40000,https://sandiego.craigslist.org/ssd/boa/d/rialto-2002-stamas-250-tarpon-runabout/7936951732.html
2026-08-16,cl-7936827503,craigslist,2005 Edgewater 245cc Center Console,32000,https://sandiego.craigslist.org/nsd/boa/d/san-diego-2005-edgewater-245cc-center/7936827503.html
2026-08-16,cl-7919306497,craigslist,Fish /Dive Boat,19800,https://sandiego.craigslist.org/ssd/boa/d/san-pedro-fish-dive-boat/7919306497.html
2026-08-16,cl-7936651829,craigslist,Offshore Ready: 2011 Trophy Walkaround 4.3L V6,18000,https://sandiego.craigslist.org/ssd/boa/d/chula-vista-offshore-ready-2011-trophy/7936651829.html
2026-08-16,cl-7936187924,craigslist,2005 Parker 2310 Boat For Sale,27500,https://sandiego.craigslist.org/csd/boa/d/san-diego-2005-parker-2310-boat-for-sale/7936187924.html
2026-08-16,cl-7914244706,craigslist,1979 28 Skipjack,19000,https://sandiego.craigslist.org/esd/boa/d/el-cajon-skipjack/7914244706.html
2026-08-16,cl-7935458497,craigslist,Grady White Flybridge Atlantic 260,21500,https://sandiego.craigslist.org/csd/boa/d/san-diego-grady-white-flybridge/7935458497.html
2026-08-16,cl-7935450517,craigslist,"2022 Avid 21' Welded Alum. CC Bay Boat, Yamaha 150hp",44900,https://sandiego.craigslist.org/nsd/bod/d/vista-2022-avid-21-welded-alum-cc-bay/7935450517.html
2026-08-16,cl-7919895761,craigslist,"Sea Cat, Power Catamaran, 25ft, cuddy cabin",44999,https://sandiego.craigslist.org/ssd/boa/d/chula-vista-sea-cat-power-catamaran/7919895761.html
2026-08-16,cl-7932513684,craigslist,2000 21 foot seaswirl striper,23900,https://sandiego.craigslist.org/esd/boa/d/santee-foot-seaswirl-striper/7932513684.html
2026-08-16,cl-7916919568,craigslist,1977 Seacraft Potter built 23',30000,https://sandiego.craigslist.org/nsd/boa/d/vista-1977-seacraft-potter-built-23/7916919568.html
2026-08-16,cl-7918140522,craigslist,Thresher 22' Boat 2020 Mercury 200hp 4 Stroke OB,49000,https://sandiego.craigslist.org/ssd/boa/d/el-cajon-thresher-22-boat-2020-mercury/7918140522.html
2026-08-16,cl-7934905888,craigslist,27 Express Sportfisher,49500,https://sandiego.craigslist.org/csd/boa/d/san-diego-27-express-sportfisher/7934905888.html
2026-08-16,cl-7924193406,craigslist,26' Panga,22000,https://sandiego.craigslist.org/nsd/boa/d/valley-center-26-panga/7924193406.html
2026-08-16,cl-7933544197,craigslist,2000 Skipjack 262 Flybridge w/Yanmar 315hp diesel,59900,https://sandiego.craigslist.org/csd/bod/d/san-diego-2000-skipjack-262-flybridge/7933544197.html
2026-08-16,cl-7936076258,craigslist,2008 Ranger Tug R-21 - transferrable slip,36000,https://sandiego.craigslist.org/nsd/boa/d/oceanside-boat-for-sale-ranger-tug-21/7936076258.html
2026-08-16,cl-7936014766,craigslist,2004 Crownline 250CR,39500,https://sandiego.craigslist.org/csd/bod/d/san-diego-2004-crownline-250cr/7936014766.html
2026-08-16,cl-7932748894,craigslist,25ft Chris craft lancer sport fisher,10000,https://sandiego.craigslist.org/nsd/boa/d/vista-25ft-chris-craft-lancer-sport/7932748894.html
2026-08-16,cl-7937641652,craigslist,2252 Cuddy Cabin 96 Bayliner,9000,https://sandiego.craigslist.org/nsd/boa/d/oceanside-2252-cody-cabin-96-bayliner/7937641652.html
2026-08-16,cl-7932293385,craigslist,2005 Seaswirl Striper 2101DC Anniversary edition,18899,https://sandiego.craigslist.org/esd/boa/d/lemon-grove-2005-seaswirl-striper/7932293385.html
2026-08-16,cl-7935040770,craigslist,2005 Seaswirl Striper 2101DC Anniversary edition,18899,https://sandiego.craigslist.org/esd/boa/d/lemon-grove-2005-seaswirl-striper/7935040770.html
2026-08-16,cl-7914162233,craigslist,2005 Seaswirl Striper 2101DC Anniversary edition,18899,https://sandiego.craigslist.org/esd/boa/d/lemon-grove-2005-anniversary-edition/7914162233.html
2026-08-16,cl-7937844636,craigslist,Boston Whaler,5000,https://sandiego.craigslist.org/csd/boa/d/ramona-boston-whaler/7937844636.html
2026-08-17,cl-7919105569,craigslist,1996 Bayliner Trophy 2352 Ready for El Nino Exotics This Year,26500,https://sandiego.craigslist.org/nsd/boa/d/oceanside-1996-bayliner-trophy-2352/7919105569.html
2026-08-17,cl-7939658825,craigslist,BOSTON WHALER FOR SALE!! RARE COLLECTOR BOAT!! MUST SEE!!,14900,https://sandiego.craigslist.org/csd/boa/d/lemon-grove-boston-whaler-for-sale-rare/7939658825.html
2026-08-17,cl-7916177697,craigslist,Boston Whaler 13' - 1980,5900,https://sandiego.craigslist.org/csd/boa/d/imperial-beach-boston-whaler/7916177697.html
2026-08-17,cl-7937496660,craigslist,Skipjack,4500,https://sandiego.craigslist.org/esd/boa/d/alpine-skipjack/7937496660.html
2026-08-17,cl-7918140522,craigslist,Thresher 22' Boat 2020 Mercury 200hp 4 Stroke OB,49000,https://sandiego.craigslist.org/ssd/boa/d/el-cajon-thresher-22-boat-2020-mercury/7918140522.html
2026-08-17,cl-7939031329,craigslist,1994 26.5 Bayliner Sunbridge,7000,https://sandiego.craigslist.org/esd/boa/d/jamul-bayliner-sunbridge/7939031329.html
2026-08-17,cl-7941783968,craigslist,"23' Cobia walkaround with 200hp Yamaha, Aluminim trailer, Garmin",24500,https://sandiego.craigslist.org/csd/boa/d/san-diego-23-cobia-walkaround-with/7941783968.html
2026-08-17,cl-7923943547,craigslist,1991 Mako 286 side console Diesels project TRADE,13000,https://sandiego.craigslist.org/ssd/boa/d/newport-beach-1991-mako-286-side/7923943547.html
2026-08-17,cl-7952671721,craigslist,"1979 Mako 21B, Center Console Fishing Boat",13500,https://sandiego.craigslist.org/esd/boa/d/spring-valley-1979-mako-21b-center/7952671721.html
2026-08-17,cl-7913591428,craigslist,Grady White,43500,https://sandiego.craigslist.org/esd/boa/d/jamul-grady-white/7913591428.html
2026-08-17,cl-7938446836,craigslist,2001 Seaswirl Striper 2301,15900,https://sandiego.craigslist.org/esd/boa/d/jamul-2001-seaswirl-striper-2301/7938446836.html
2026-08-17,cl-7947992571,craigslist,*****2052 trophy ****,20000,https://sandiego.craigslist.org/nsd/boa/d/san-marcos-2052-trophy/7947992571.html
2026-08-17,cl-7937269874,craigslist,2002 Striper Fishing boat,48000,https://sandiego.craigslist.org/ssd/boa/d/marina-del-rey-2002-striper-fishing-boat/7937269874.html
2026-08-17,cl-7917305508,craigslist,Chris craft craft sea hawk 22 ft,7500,https://sandiego.craigslist.org/esd/boa/d/lemon-grove-chris-craft-craft-sea-hawk/7917305508.html
2026-08-17,cl-7915796499,craigslist,Seaswirl striper 2150 2 hrs on motor read complete ad first,6500,https://sandiego.craigslist.org/esd/boa/d/lemon-grove-seaswirl-striper-hrs-on/7915796499.html
2026-08-17,cl-7936955942,craigslist,1988 18' Edgewater Marlin Cuddy Fishing Boat 3.7L,6000,https://sandiego.craigslist.org/esd/boa/d/jamul-edgewater-marlin-cuddy-fishing/7936955942.html
2026-08-17,cl-7933544197,craigslist,2000 Skipjack 262 Flybridge w/Yanmar 315hp diesel & Trailer,59900,https://sandiego.craigslist.org/csd/bod/d/san-diego-2000-skipjack-262-flybridge/7933544197.html
2026-08-17,cl-7920668174,craigslist,Farallon 27 Whaleback Project -,40000,https://sandiego.craigslist.org/csd/boa/d/san-diego-farallon-27-whaleback-project/7920668174.html
2026-08-17,cl-7936951732,craigslist,2002 Stamas 250 Tarpon Runabout Sportfishing Boat,36000,https://sandiego.craigslist.org/ssd/boa/d/rialto-2002-stamas-250-tarpon-runabout/7936951732.html
2026-08-17,cl-7949930173,craigslist,22ft Searay cabin power boat,6500,https://sandiego.craigslist.org/nsd/boa/d/huntington-beach-22ft-searay-cabin/7949930173.html
2026-08-17,cl-7946784568,craigslist,Grady White Flybridge Atlantic 260,21500,https://sandiego.craigslist.org/csd/boa/d/san-diego-grady-white-flybridge/7946784568.html
2026-08-17,cl-7919306497,craigslist,Fish /Dive Boat,23000,https://sandiego.craigslist.org/ssd/boa/d/san-pedro-fish-dive-boat/7919306497.html
2026-08-17,cl-7941390694,craigslist,2021 KenCraft Center Console,54900,https://sandiego.craigslist.org/csd/boa/d/corona-2021-kencraft-center-console/7941390694.html
2026-08-17,cl-7951934271,craigslist,1993 Grady-White 300 Marlin w/ Full Tower,35000,https://sandiego.craigslist.org/ssd/boa/d/san-diego-1993-grady-white-300-marlin/7951934271.html
2026-08-17,cl-7939512761,craigslist,1998 21' Boston Whaler Conquest,45000,https://sandiego.craigslist.org/csd/boa/d/san-diego-boston-whaler-conquest/7939512761.html
2026-08-17,cl-7940649484,craigslist,1985 BLACKMAN BILLFISHER VOLVO DIELEL FISHING BOAT LOW HOURS!!,59000,https://sandiego.craigslist.org/nsd/boa/d/oceanside-1985-blackman-billfisher/7940649484.html
2026-08-17,cl-7945599892,craigslist,"2002 Center Console,EXCELLENT COND.turn Key",17000,https://sandiego.craigslist.org/nsd/boa/d/vista-2002-center-consoleexcellent/7945599892.html
2026-08-17,cl-7950348672,craigslist,2001 Grady White 23' Walkaround w/Twin Yamaha 4-Strokes,39900,https://sandiego.craigslist.org/nsd/bod/d/vista-2001-grady-white-23-walkaround/7950348672.html
2026-08-17,cl-7917355597,craigslist,Owens Concorde Sportfisher Twin Yanmar Diesel,11500,https://sandiego.craigslist.org/ssd/boa/d/chula-vista-owens-concorde-sportfisher/7917355597.html
2026-08-17,cl-7903547262,craigslist,2000 Kencraft Challenger with trailer and 150hp Yamaha ourboard engine,23600,https://sandiego.craigslist.org/csd/boa/d/san-diego-2000-kencraft-challenger-with/7903547262.html
2026-08-17,cl-7941519770,craigslist,Proline 2610 WA,32000,https://sandiego.craigslist.org/csd/boa/d/san-diego-proline-2610-wa/7941519770.html
2026-08-17,cl-7937641652,craigslist,2252 Cody cabin 96 Bayliner,9000,https://sandiego.craigslist.org/nsd/boa/d/oceanside-2252-cody-cabin-96-bayliner/7937641652.html
2026-08-17,cl-7935406839,craigslist,30' Kettenburg Picnic/Express Restored Diesel Classic Picnic Express,50000,https://sandiego.craigslist.org/csd/bod/d/san-diego-30-kettenburg-picnic-express/7935406839.html
2026-08-17,cl-7934311772,craigslist,1979 Skipjack 24ft.,8000,https://sandiego.craigslist.org/csd/boa/d/felton-1979-skipjack-24ft/7934311772.html
2026-08-17,cl-7935106216,craigslist,2001 Century 21 Coronado Hardtop classic boat,29900,https://sandiego.craigslist.org/csd/bod/d/san-diego-2001-century-21-coronado/7935106216.html
2026-08-17,cl-7921246100,craigslist,2004 Chaparral 22” Cuddy Cabin,12999,https://sandiego.craigslist.org/csd/boa/d/san-diego-2004-chaparral-22-cuddy-cabin/7921246100.html
2026-08-17,cl-7948587277,craigslist,26’ Shamrock diesel - full inboard,35000,https://sandiego.craigslist.org/csd/boa/d/san-diego-26-shamrock-diesel-full/7948587277.html
2026-08-17,cl-7936952521,craigslist,"1991 Cruisers 2870 Rogue - Twin I/O, Low Hrs, Drives Rebuilt 2023",13955,https://sandiego.craigslist.org/csd/boa/d/el-cajon-1991-cruisers-2870-rogue-twin/7936952521.html
2026-08-17,cl-7945732087,craigslist,23' Monterey cuddy cabin,9500,https://sandiego.craigslist.org/csd/boa/d/san-diego-23-monterey-cuddy-cabin/7945732087.html
2026-08-17,cl-7948039474,craigslist,2004 Bayliner 210 Cuddy with 5.0 Mercruiser V8,6900,https://sandiego.craigslist.org/ssd/bod/d/san-diego-2004-bayliner-210-cuddy-with/7948039474.html
2026-08-17,cl-7954190808,craigslist,Sea hunt br20bx,25000,https://sandiego.craigslist.org/csd/boa/d/san-diego-sea-hunt-br20bx/7954190808.html
2026-08-17,cl-7953844245,craigslist,1976 28' Bertram Flybridge,3900,https://sandiego.craigslist.org/csd/boa/d/san-diego-bertram-flybridge/7953844245.html
2026-08-17,cl-7953713590,craigslist,Parker 2120,45000,https://sandiego.craigslist.org/csd/boa/d/san-diego-parker-2120/7953713590.html
2026-08-17,cl-7950383400,craigslist,2006 Trophy Diesel Hardtop,38000,https://sandiego.craigslist.org/nsd/boa/d/carlsbad-2006-trophy-diesel-hardtop/7950383400.html
2026-08-17,cl-7948004411,craigslist,"REDUCED: 2022 Avid 21' Welded Alum. CC Bay Boat, Yamaha 150hp.",44900,https://sandiego.craigslist.org/nsd/bod/d/vista-reduced-2022-avid-21-welded-alum/7948004411.html
2026-08-18,cl-7937269874,craigslist,2002 Striper Fishing boat,48000,https://sandiego.craigslist.org/ssd/boa/d/marina-del-rey-2002-striper-fishing-boat/7937269874.html
2026-08-18,cl-7920668174,craigslist,Farallon 27 Whaleback Project -,40000,https://sandiego.craigslist.org/csd/boa/d/san-diego-farallon-27-whaleback-project/7920668174.html
2026-08-18,cl-7939722168,craigslist,2009 Pursuit C 250 Center Console w/twin Yamaha F150,54900,https://sandiego.craigslist.org/csd/bod/d/san-diego-2009-pursuit-250-center/7939722168.html
2026-08-18,cl-7939658825,craigslist,BOSTON WHALER FOR SALE!! RARE COLLECTOR BOAT!! MUST SEE!!,24900,https://sandiego.craigslist.org/csd/boa/d/lemon-grove-boston-whaler-for-sale-rare/7939658825.html
2026-08-18,cl-7939659710,craigslist,1998 bayliner Trophy 26ft,14500,https://sandiego.craigslist.org/csd/boa/d/alpine-1998-bayliner-trophy-26ft/7939659710.html
2026-08-18,cl-7919105569,craigslist,1996 Bayliner Trophy 2352 Ready for El Nino Exotics This Year,29950,https://sandiego.craigslist.org/nsd/boa/d/oceanside-1996-bayliner-trophy-2352/7919105569.html
2026-08-18,cl-7938447370,craigslist,2001 Seaswirl Striper 2301,15900,https://sandiego.craigslist.org/esd/boa/d/jamul-2001-seaswirl-striper-2301/7938447370.html
2026-08-18,cl-7913591428,craigslist,Grady White,43500,https://sandiego.craigslist.org/esd/boa/d/jamul-grady-white/7913591428.html
2026-08-18,cl-7939512761,craigslist,1998 21' Boston Whaler Conquest,45000,https://sandiego.craigslist.org/csd/boa/d/san-diego-boston-whaler-conquest/7939512761.html
2026-08-18,cl-7939509504,craigslist,1988 Cabo 216 Fishing Boat,15500,https://sandiego.craigslist.org/esd/boa/d/el-cajon-1988-cabo-216-fishing-boat/7939509504.html
2026-08-18,cl-7939505651,craigslist,2002 28ft Advantage Party Cat XL,44000,https://sandiego.craigslist.org/esd/boa/d/alpine-ft-advantage-party-cat-xl/7939505651.html
2026-08-18,cl-7938768022,craigslist,2001 Boston Whaler 21 Ventura w/Mercury 200hp Optimax & Trailer,24900,https://sandiego.craigslist.org/csd/boa/d/san-diego-2001-boston-whaler-21-ventura/7938768022.html
2026-08-18,cl-7939410515,craigslist,2006 Sea Hunt Escape 220 Dual Console Four Stroke Fresh Water,29500,https://sandiego.craigslist.org/nsd/boa/d/vista-2006-sea-hunt-escape-220-dual/7939410515.html
2026-08-18,cl-7939245604,craigslist,2003 Seaswirl Striper 2601,33000,https://sandiego.craigslist.org/nsd/boa/d/carlsbad-2003-seaswirl-striper-2601/7939245604.html
2026-08-18,cl-7923943547,craigslist,1991 Mako 286 side console Diesels project TRADE,13000,https://sandiego.craigslist.org/ssd/boa/d/newport-beach-1991-mako-286-side/7923943547.html
2026-08-18,cl-7939123001,craigslist,2008 Hydra-Sports 587712– Evinrude 250HP (Kevlar-Reinforced),26000,https://sandiego.craigslist.org/nsd/boa/d/oceanside-2008-hydra-sports-evinrude/7939123001.html
2026-08-18,cl-7938916074,craigslist,20' Scout 201 | Garmin GPS | T-Top | Excellent! Inshore Bay 637712,26000,https://sandiego.craigslist.org/ssd/boa/d/chula-vista-20-scout-201-garmin-gps-top/7938916074.html
2026-08-18,cl-7938732830,craigslist,Nautic Star Angler 211,32000,https://sandiego.craigslist.org/csd/boa/d/san-diego-nautic-star-angler-211/7938732830.html
2026-08-18,cl-7937993268,craigslist,23' Sea Ox Walkaround Cuddy - Honda BF225 - Simrad - Price Reduced,17500,https://sandiego.craigslist.org/nsd/boa/d/oceanside-23-sea-ox-walkaround-cuddy/7937993268.html
2026-08-18,cl-7937611302,craigslist,"21ft Boston Outrage 111081 Center Console, Ready to Fish",16000,https://sandiego.craigslist.org/nsd/boa/d/oceanside-21ft-boston-outrage-center/7937611302.html
2026-08-18,cl-7936710536,craigslist,1976 Skipjack 24 Open – Hardtop + Tower – MerCruiser 5.7 – Trailer,14500,https://sandiego.craigslist.org/csd/boa/d/san-diego-1976-skipjack-24-open-hardtop/7936710536.html
2026-08-18,cl-7937552374,craigslist,1971 Skipjack 24ft flybridge,11000,https://sandiego.craigslist.org/csd/boa/d/san-diego-1971-skipjack-24ft-flybridge/7937552374.html
2026-08-18,cl-7937373033,craigslist,Carolina Skiff Sea Chaser 2400 Offshore - Suzuki 250 HP,17000,https://sandiego.craigslist.org/csd/boa/d/san-diego-carolina-skiff-sea-chaser/7937373033.html
2026-08-18,cl-7937288933,craigslist,2004 BAYLINER 2352 HARDTOP WALKAROUND,11000,https://sandiego.craigslist.org/csd/boa/d/oklahoma-city-2004-bayliner-2352/7937288933.html
2026-08-18,cl-7936187924,craigslist,2005 Parker 2310 Boat For Sale,27500,https://sandiego.craigslist.org/csd/boa/d/san-diego-2005-parker-2310-boat-for-sale/7936187924.html
2026-08-18,cl-7936951732,craigslist,2002 Stamas 250 Tarpon Runabout Sportfishing Boat,40000,https://sandiego.craigslist.org/ssd/boa/d/rialto-2002-stamas-250-tarpon-runabout/7936951732.html
2026-08-18,cl-7936827503,craigslist,2005 Edgewater 245cc Center Console -,32000,https://sandiego.craigslist.org/nsd/boa/d/san-diego-2005-edgewater-245cc-center/7936827503.html
2026-08-18,cl-7936651829,craigslist,Offshore Ready: 2011 Trophy Walkaround 111126 4.3L V6,18000,https://sandiego.craigslist.org/ssd/boa/d/chula-vista-offshore-ready-2011-trophy/7936651829.html
2026-08-18,cl-7914244706,craigslist,1979 28 Skipjack,19000,https://sandiego.craigslist.org/esd/boa/d/el-cajon-skipjack/7914244706.html
2026-08-18,cl-7932513684,craigslist,2000 21 foot seaswirl striper,23900,https://sandiego.craigslist.org/esd/boa/d/santee-foot-seaswirl-striper/7932513684.html
2026-08-18,cl-7916919568,craigslist,1977 Seacraft Potter built 23',30000,https://sandiego.craigslist.org/nsd/boa/d/vista-1977-seacraft-potter-built-23/7916919568.html
2026-08-18,cl-7918140522,craigslist,Thresher 22' Boat 2020 Mercury 200hp 4 Stroke OB,49000,https://sandiego.craigslist.org/ssd/boa/d/el-cajon-thresher-22-boat-2020-mercury/7918140522.html
2026-08-18,cl-7934905888,craigslist,27 Express Sportfisher,49500,https://sandiego.craigslist.org/csd/boa/d/san-diego-27-express-sportfisher/7934905888.html
2026-08-18,cl-7924193406,craigslist,26' Panga,22000,https://sandiego.craigslist.org/nsd/boa/d/valley-center-26-panga/7924193406.html
2026-08-18,cl-7933544197,craigslist,2000 Skipjack 262 Flybridge w/Yanmar 315hp diesel & Trailer,59900,https://sandiego.craigslist.org/csd/bod/d/san-diego-2000-skipjack-262-flybridge/7933544197.html
2026-08-18,cl-7938455505,craigslist,Wellcraft SCARAB Sport 302 center w cuddy,49500,https://sandiego.craigslist.org/ssd/boa/d/dana-point-wellcraft-scarab-sport-302/7938455505.html
2026-08-18,cl-7938265506,craigslist,1983 Grady White Sailfish,8000,https://sandiego.craigslist.org/nsd/boa/d/san-diego-1983-grady-white-sailfish/7938265506.html
2026-08-18,cl-7938225004,craigslist,wellcraft 26,20000,https://sandiego.craigslist.org/ssd/boa/d/chula-vista-wellcraft-26/7938225004.html
2026-08-18,cl-7932088532,craigslist,Rare Find! diesel 24' Skipjack Flybridge,17500,https://sandiego.craigslist.org/ssd/boa/d/san-diego-rare-find-diesel-24-skipjack/7932088532.html
2026-08-18,cl-7917302247,craigslist,Seaswirl striper 2150 2 hrs on motor read complete ad first,6500,https://sandiego.craigslist.org/esd/boa/d/lemon-grove-seaswirl-striper-hrs-on/7917302247.html
2026-08-18,cl-7915796499,craigslist,Seaswirl striper 2150 2 hrs on motor read complete ad first,6500,https://sandiego.craigslist.org/esd/boa/d/lemon-grove-seaswirl-striper-hrs-on/7915796499.html
2026-08-18,cl-7935040770,craigslist,2005 Seaswirl Striper 2101DC Anniversary edition,18899,https://sandiego.craigslist.org/esd/boa/d/lemon-grove-2005-seaswirl-striper/7935040770.html
2026-08-18,cl-7932293385,craigslist,2005 Seaswirl Striper 2101DC Anniversary edition,18899,https://sandiego.craigslist.org/esd/boa/d/lemon-grove-2005-seaswirl-striper/7932293385.html
2026-08-18,cl-7914162233,craigslist,2005 anniversary edition Seaswirl Striper 2101DC,18899,https://sandiego.craigslist.org/esd/boa/d/lemon-grove-2005-anniversary-edition/7914162233.html
2026-08-18,cl-7938882236,craigslist,29' Wellcraft & trailer - no engines,6000,https://sandiego.craigslist.org/csd/boa/d/garden-grove-29-wellcraft-trailer-no/7938882236.html
2026-08-18,cl-7934194341,craigslist,2005 Chaparral 22' Cuddy Cabin EFI Super Low Hours New Upholstery.,15850,https://sandiego.craigslist.org/csd/boa/d/san-diego-2005-chaparral-22-cuddy-cabin/7934194341.html
2026-08-18,cl-7921246100,craigslist,2004 Chaparral 22” Cuddy Cabin,13500,https://sandiego.craigslist.org/csd/boa/d/san-diego-2004-chaparral-22-cuddy-cabin/7921246100.html
2026-08-18,cl-7935106216,craigslist,2001 Century 21 Coronado Hardtop classic boat,29900,https://sandiego.craigslist.org/csd/bod/d/san-diego-2001-century-21-coronado/7935106216.html
2026-08-18,cl-7935458497,craigslist,Grady White Flybridge Atlantic 260,21500,https://sandiego.craigslist.org/csd/boa/d/san-diego-grady-white-flybridge/7935458497.html
2026-08-18,cl-7935450517,craigslist,"2022 Avid 21' Welded Alum. CC Bay Boat, Yamaha 150hp. w/LOW Hours",44900,https://sandiego.craigslist.org/nsd/bod/d/vista-2022-avid-21-welded-alum-cc-bay/7935450517.html
2026-08-18,cl-7919895761,craigslist,"Sea Cat, Power Catamaran, 25ft, cuddy cabin",44999,https://sandiego.craigslist.org/ssd/boa/d/chula-vista-sea-cat-power-catamaran/7919895761.html
2026-08-18,cl-7917355597,craigslist,Owens Concorde Sportfisher Twin Yanmar Diesel,11500,https://sandiego.craigslist.org/ssd/boa/d/chula-vista-owens-concorde-sportfisher/7917355597.html
2026-08-18,cl-7915794915,craigslist,30 ft boat sportfisher no trailer included,5500,https://sandiego.craigslist.org/esd/boa/d/lemon-grove-30-ft-boat-sportfisher-no/7915794915.html
2026-08-18,cl-7919306497,craigslist,Fish /Dive Boat,19800,https://sandiego.craigslist.org/ssd/boa/d/san-pedro-fish-dive-boat/7919306497.html
2026-08-18,cl-7938813368,craigslist,"Sports fishing, tuna boat with outriggers",30000,https://sandiego.craigslist.org/ssd/boa/d/vancouver-sports-fishing-tuna-boat-with/7938813368.html
2026-08-18,cl-7937496660,craigslist,Skipjack,4500,https://sandiego.craigslist.org/esd/boa/d/alpine-skipjack/7937496660.html
2026-08-18,cl-7938532151,craigslist,2006 Trophy Hardtop Diesel,35000,https://sandiego.craigslist.org/nsd/boa/d/carlsbad-2006-trophy-hardtop-diesel/7938532151.html
2026-08-18,cl-7937109931,craigslist,1999 Bayliner Trophy 22' Fishing Boat,13950,https://sandiego.craigslist.org/nsd/boa/d/fallbrook-1999-bayliner-trophy-22/7937109931.html
2026-08-19,cl-7937269874,craigslist,2002 Striper Fishing boat,48000,https://sandiego.craigslist.org/ssd/boa/d/marina-del-rey-2002-striper-fishing-boat/7937269874.html
2026-08-19,cl-7920668174,craigslist,Farallon 27 Whaleback Project,40000,https://sandiego.craigslist.org/csd/boa/d/san-diego-farallon-27-whaleback-project/7920668174.html
2026-08-19,cl-7939722168,craigslist,2009 Pursuit C 250 Center Console w/twin Yamaha F150,54900,https://sandiego.craigslist.org/csd/bod/d/san-diego-2009-pursuit-250-center/7939722168.html
2026-08-19,cl-7939658825,craigslist,Boston Whaler - Rare Collector Boat,24900,https://sandiego.craigslist.org/csd/boa/d/lemon-grove-boston-whaler-for-sale-rare/7939658825.html
2026-08-19,cl-7939659710,craigslist,1998 Bayliner Trophy 26ft,14500,https://sandiego.craigslist.org/csd/boa/d/alpine-1998-bayliner-trophy-26ft/7939659710.html
2026-08-19,cl-7919105569,craigslist,1996 Bayliner Trophy 2352,29950,https://sandiego.craigslist.org/nsd/boa/d/oceanside-1996-bayliner-trophy-2352/7919105569.html
2026-08-19,cl-7938447370,craigslist,2001 Seaswirl Striper 2301,15900,https://sandiego.craigslist.org/esd/boa/d/jamul-2001-seaswirl-striper-2301/7938447370.html
2026-08-19,cl-7913591428,craigslist,Grady White,43500,https://sandiego.craigslist.org/esd/boa/d/jamul-grady-white/7913591428.html
2026-08-19,cl-7939512761,craigslist,1998 21' Boston Whaler Conquest,45000,https://sandiego.craigslist.org/csd/boa/d/san-diego-boston-whaler-conquest/7939512761.html
2026-08-19,cl-7939509504,craigslist,1988 Cabo 216 Fishing Boat,15500,https://sandiego.craigslist.org/esd/boa/d/el-cajon-1988-cabo-216-fishing-boat/7939509504.html
2026-08-19,cl-7938768022,craigslist,2001 Boston Whaler 21 Ventura w/Mercury 200hp,24900,https://sandiego.craigslist.org/csd/boa/d/san-diego-2001-boston-whaler-21-ventura/7938768022.html
2026-08-19,cl-7939410515,craigslist,2006 Sea Hunt Escape 220 Dual Console,29500,https://sandiego.craigslist.org/nsd/boa/d/vista-2006-sea-hunt-escape-220-dual/7939410515.html
2026-08-19,cl-7934194341,craigslist,2005 Chaparral 22' Cuddy Cabin EFI,15850,https://sandiego.craigslist.org/csd/boa/d/san-diego-2005-chaparral-22-cuddy-cabin/7934194341.html
2026-08-19,cl-7939245604,craigslist,2003 Seaswirl Striper 2601,33000,https://sandiego.craigslist.org/nsd/boa/d/carlsbad-2003-seaswirl-striper-2601/7939245604.html
2026-08-19,cl-7923943547,craigslist,1991 Mako 286 side console Diesels project,13000,https://sandiego.craigslist.org/ssd/boa/d/newport-beach-1991-mako-286-side/7923943547.html
2026-08-19,cl-7939123001,craigslist,2008 Hydra-Sports Evinrude 250HP,26000,https://sandiego.craigslist.org/nsd/boa/d/oceanside-2008-hydra-sports-evinrude/7939123001.html
2026-08-19,cl-7938916074,craigslist,20' Scout 201 Inshore Bay,26000,https://sandiego.craigslist.org/ssd/boa/d/chula-vista-20-scout-201-garmin-gps-top/7938916074.html
2026-08-19,cl-7938732830,craigslist,Nautic Star Angler 211,32000,https://sandiego.craigslist.org/csd/boa/d/san-diego-nautic-star-angler-211/7938732830.html
2026-08-19,cl-7938532151,craigslist,2006 Trophy Hardtop Diesel,35000,https://sandiego.craigslist.org/nsd/boa/d/carlsbad-2006-trophy-hardtop-diesel/7938532151.html
2026-08-19,cl-7932088532,craigslist,Rare Find! Diesel 24' Skipjack Flybridge,17500,https://sandiego.craigslist.org/ssd/boa/d/san-diego-rare-find-diesel-24-skipjack/7932088532.html
2026-08-19,cl-7938265506,craigslist,1983 Grady White Sailfish,8000,https://sandiego.craigslist.org/nsd/boa/d/san-diego-1983-grady-white-sailfish/7938265506.html
2026-08-19,cl-7917302247,craigslist,Seaswirl Striper 2150,6500,https://sandiego.craigslist.org/esd/boa/d/lemon-grove-seaswirl-striper-hrs-on/7917302247.html
2026-08-19,cl-7915796499,craigslist,Seaswirl Striper 2150,6500,https://sandiego.craigslist.org/esd/boa/d/lemon-grove-seaswirl-striper-hrs-on/7915796499.html
2026-08-19,cl-7915794915,craigslist,30 ft Boat Sportfisher,5500,https://sandiego.craigslist.org/esd/boa/d/lemon-grove-30-ft-boat-sportfisher-no/7915794915.html
2026-08-19,cl-7937993268,craigslist,23' Sea Ox Walkaround Cuddy - Honda BF225,17500,https://sandiego.craigslist.org/nsd/boa/d/oceanside-23-sea-ox-walkaround-cuddy/7937993268.html
2026-08-19,cl-7917355597,craigslist,Owens Concorde Sportfisher Twin Yanmar Diesel,11500,https://sandiego.craigslist.org/ssd/boa/d/chula-vista-owens-concorde-sportfisher/7917355597.html
2026-08-19,cl-7937611302,craigslist,21ft Boston Outrage Center Console,16000,https://sandiego.craigslist.org/nsd/boa/d/oceanside-21ft-boston-outrage-center/7937611302.html
2026-08-19,cl-7936710536,craigslist,1976 Skipjack 24 Open - Hardtop + Tower,14500,https://sandiego.craigslist.org/csd/boa/d/san-diego-1976-skipjack-24-open-hardtop/7936710536.html
2026-08-19,cl-7937552374,craigslist,1971 Skipjack 24ft Flybridge,11000,https://sandiego.craigslist.org/csd/boa/d/san-diego-1971-skipjack-24ft-flybridge/7937552374.html
2026-08-19,cl-7937373033,craigslist,Carolina Skiff Sea Chaser 2400 Offshore,17000,https://sandiego.craigslist.org/csd/boa/d/san-diego-carolina-skiff-sea-chaser/7937373033.html
2026-08-19,cl-7932748894,craigslist,25ft Chris Craft Lancer Sport Fisher,10000,https://sandiego.craigslist.org/nsd/boa/d/vista-25ft-chris-craft-lancer-sport/7932748894.html
2026-08-19,cl-7937109931,craigslist,1999 Bayliner Trophy 22' Fishing Boat,13950,https://sandiego.craigslist.org/nsd/boa/d/fallbrook-1999-bayliner-trophy-22/7937109931.html
2026-08-19,cl-7932293385,craigslist,2005 Seaswirl Striper 2101DC Anniversary,18899,https://sandiego.craigslist.org/esd/boa/d/lemon-grove-2005-seaswirl-striper/7932293385.html
2026-08-19,cl-7935040770,craigslist,2005 Seaswirl Striper 2101DC Anniversary,18899,https://sandiego.craigslist.org/esd/boa/d/lemon-grove-2005-seaswirl-striper/7935040770.html
2026-08-19,cl-7914162233,craigslist,2005 Seaswirl Striper 2101DC Anniversary,18899,https://sandiego.craigslist.org/esd/boa/d/lemon-grove-2005-anniversary-edition/7914162233.html
2026-08-19,cl-7936951732,craigslist,2002 Stamas 250 Tarpon Runabout Sportfishing,40000,https://sandiego.craigslist.org/ssd/boa/d/rialto-2002-stamas-250-tarpon-runabout/7936951732.html
2026-08-19,cl-7936827503,craigslist,2005 Edgewater 245cc Center Console,32000,https://sandiego.craigslist.org/nsd/boa/d/san-diego-2005-edgewater-245cc-center/7936827503.html
2026-08-19,cl-7919306497,craigslist,Fish/Dive Boat,19800,https://sandiego.craigslist.org/ssd/boa/d/san-pedro-fish-dive-boat/7919306497.html
2026-08-19,cl-7936651829,craigslist,Offshore Ready: 2011 Trophy Walkaround 4.3L V6,18000,https://sandiego.craigslist.org/ssd/boa/d/chula-vista-offshore-ready-2011-trophy/7936651829.html
2026-08-19,cl-7936187924,craigslist,2005 Parker 2310 Boat For Sale,27500,https://sandiego.craigslist.org/csd/boa/d/san-diego-2005-parker-2310-boat-for-sale/7936187924.html
2026-08-19,cl-7914244706,craigslist,1979 28 Skipjack,19000,https://sandiego.craigslist.org/esd/boa/d/el-cajon-skipjack/7914244706.html
2026-08-19,cl-7935458497,craigslist,Grady White Flybridge Atlantic 260,21500,https://sandiego.craigslist.org/csd/boa/d/san-diego-grady-white-flybridge/7935458497.html
2026-08-19,cl-7935450517,craigslist,2022 Avid 21' Welded Alum. CC Bay Boat,44900,https://sandiego.craigslist.org/nsd/bod/d/vista-2022-avid-21-welded-alum-cc-bay/7935450517.html
2026-08-19,cl-7919895761,craigslist,Sea Cat Power Catamaran 25ft cuddy cabin,44999,https://sandiego.craigslist.org/ssd/boa/d/chula-vista-sea-cat-power-catamaran/7919895761.html
2026-08-19,cl-7932513684,craigslist,2000 21 foot Seaswirl Striper,23900,https://sandiego.craigslist.org/esd/boa/d/santee-foot-seaswirl-striper/7932513684.html
2026-08-19,cl-7916919568,craigslist,1977 Seacraft Potter Built 23',30000,https://sandiego.craigslist.org/nsd/boa/d/vista-1977-seacraft-potter-built-23/7916919568.html
2026-08-19,cl-7918140522,craigslist,Thresher 22' Boat 2020 Mercury 200hp,49000,https://sandiego.craigslist.org/ssd/boa/d/el-cajon-thresher-22-boat-2020-mercury/7918140522.html
2026-08-19,cl-7934905888,craigslist,27 Express Sportfisher,49500,https://sandiego.craigslist.org/csd/boa/d/san-diego-27-express-sportfisher/7934905888.html
2026-08-19,cl-7924193406,craigslist,26' Panga,22000,https://sandiego.craigslist.org/nsd/boa/d/valley-center-26-panga/7924193406.html
2026-08-19,cl-7933544197,craigslist,2000 Skipjack 262 Flybridge w/Yanmar 315hp,59900,https://sandiego.craigslist.org/csd/bod/d/san-diego-2000-skipjack-262-flybridge/7933544197.html
2026-08-19,bm-5041660291,boatmart,1999 Cobia 220 Walk Around,24500,https://www.boatmart.com/listing/1999-Cobia-220+WALK+AROUND+-23-5041660291
2026-08-19,bm-5040148136,boatmart,1996 Bayliner 2352 Trophy Walkaround,26500,https://www.boatmart.com/listing/1996-Bayliner-2352+Trophy+Walkaround-5040148136
2026-08-19,bm-5039391659,boatmart,2022 Bayliner T22cc,52997,https://www.boatmart.com/listing/2022-Bayliner-T22cc-5039391659
2026-08-19,bm-5030337861,boatmart,1990 Wellcraft 250 Sportsman,16500,https://www.boatmart.com/listing/1990-Wellcraft-250+Sportsman-5030337861
2026-08-19,bm-5040940969,boatmart,1996 Grady-White 272 Sailfish,14950,https://www.boatmart.com/listing/1996-Grady-White-272+SAILFISH-5040940969
2026-08-19,bm-5038948984,boatmart,1999 Grady-White 272 Sailfish,44500,https://www.boatmart.com/listing/1999-Grady-White-272+Sailfish-5038948984
2026-08-19,bm-5040834168,boatmart,2002 Fish Hawk Walk Around,33900,https://www.boatmart.com/listing/2002-Fish+Hawk-Walk+Around-5040834168
2026-08-19,bm-5041755108,boatmart,2009 Seaswirl Striper 2601 WA,51200,https://www.boatmart.com/listing/2009-Seaswirl-Striper+2601+WA-5041755108
2026-08-19,bm-5035655422,boatmart,2015 Sportsman OPEN 212/CC,33000,https://www.boatmart.com/listing/2015-Sportsman-OPEN+212/CC-5035655422
2026-08-19,bm-5031869573,boatmart,1996 Sea Cat SL5,49000,https://www.boatmart.com/listing/1996-Sea+Cat-SL5-5031869573
2026-08-19,bm-5040679439,boatmart,2007 Bayliner Discovery 246,33000,https://www.boatmart.com/listing/2007-Bayliner-Discovery+246-5040679439
2026-08-19,bt-10203123,boattrader,1990 Grady-White Explorer,24900,https://www.boattrader.com/boat/1990-grady-white-explorer-10203123
2026-08-19,bt-10270724,boattrader,2001 Grady-White Gulfstream 232,39900,https://www.boattrader.com/boat/2001-grady-white-gulfstream-232-10270724
2026-08-19,bt-10119321,boattrader,1976 Shamrock Center Console,9995,https://www.boattrader.com/boat/1976-shamrock-center-console-10119321
2026-08-19,bt-10033838,boattrader,1976 Chris-Craft 30 Tournament SF,46000,https://www.boattrader.com/boat/1976-chris-craft-30-tournament-sf-10033838
2026-08-19,bt-10273798,boattrader,2022 Bayliner Trophy T22CX,35900,https://www.boattrader.com/boat/2022-bayliner-trophy-t22cx-10273798
2026-08-19,bt-10258917,boattrader,1990 Seaswirl Striper 2100 Walkaround O/B,13500,https://www.boattrader.com/boat/1990-seaswirl-striper-2100-walkaround-o-b-10258917
2026-08-19,bt-10273360,boattrader,1996 Shamrock 20' Walkaround,19500,https://www.boattrader.com/boat/1996-shamrock-20-walkaround-10273360
2026-08-19,bt-10260872,boattrader,2016 Sea Fox 226 Commander,49900,https://www.boattrader.com/boat/2016-sea-fox-226-commander-10260872
2026-08-19,bt-10273558,boattrader,1976 Mako 22 Center Console,13500,https://www.boattrader.com/boat/1976-mako-22-center-console-10273558
2026-08-19,bt-10146147,boattrader,1991 Bertram 28,40000,https://www.boattrader.com/boat/1991-bertram-28-10146147
2026-08-19,bt-9540459,boattrader,1981 Mako 25,40000,https://www.boattrader.com/boat/1981-mako-25-mako-9540459
2026-08-19,bt-10097237,boattrader,2002 Sea Fox 210 Center Console,29500,https://www.boattrader.com/boat/2002-sea-fox-210-center-console-10097237
2026-08-19,bt-10134148,boattrader,2001 Skipjack 262 Flybridge,57000,https://www.boattrader.com/boat/2001-skipjack-262-flybridge-10134148
2026-08-19,bt-9678425,boattrader,1987 Trophy 2160 Cuddy,9880,https://www.boattrader.com/boat/1987-trophy-2160-cuddy-9678425
2026-08-19,bt-9951640,boattrader,1997 Steiger Craft 21 Miami,38500,https://www.boattrader.com/boat/1997-steiger-craft-21-miami-9951640
2026-08-19,bt-10217414,boattrader,1998 Pro-Line 2610 Walkaround,38595,https://www.boattrader.com/boat/1998-pro-line-2610-walkaround-10217414
2026-08-19,bt-10279352,boattrader,2018 Robalo 226 Cayman,42500,https://www.boattrader.com/boat/2018-robalo-226-cayman-10279352
2026-08-19,bt-10152977,boattrader,2006 Parker 2520 SL Sport Cabin,59995,https://www.boattrader.com/boat/2006-parker-2520-sl-sport-cabin-10152977
2026-08-19,bt-9596183,boattrader,1979 Custom Chaparral Center Console,39000,https://www.boattrader.com/boat/1979-custom-chaparral-center-console-9596183
2026-08-19,bt-10135697,boattrader,2006 Robalo R295 Walkaround,55000,https://www.boattrader.com/boat/2006-robalo-r295-walkaround-10135697
2026-08-19,bt-10020878,boattrader,2001 Pursuit 3000 Express,45000,https://www.boattrader.com/boat/2001-pursuit-3000-express-10020878
2026-08-19,bt-10288083,boattrader,1993 Tiara Sport 2900 Open,37900,https://www.boattrader.com/boat/1993-tiara-sport-2900-open-10288083
2026-08-19,bt-10223518,boattrader,2003 Bayliner Walk Around Cuddy Cabin,4000,https://www.boattrader.com/boat/2003-bayliner-walk-around-cuddy-cabin-10223518
2026-08-19,bt-9463481,boattrader,2022 Stingray 206 CC,34000,https://www.boattrader.com/boat/2022-stingray-206-cc-9463481
2026-08-19,bt-10268095,boattrader,1998 Robalo 2100/2109 Bayhunter,39900,https://www.boattrader.com/boat/1998-robalo-2100-2109-bayhunter-1998-10268095
2026-08-19,bt-10249419,boattrader,2026 Bayliner Trophy T20CC,47755,https://www.boattrader.com/boat/2026-bayliner-trophy-t20cc-10249419
2026-08-19,bt-10160690,boattrader,1991 Mako 286,29000,https://www.boattrader.com/boat/1991-mako-286-10160690
2026-08-19,bt-10255400,boattrader,1995 Sea Cat SL5,49999,https://www.boattrader.com/boat/1995-sea-cat-sl5-10255400
2026-08-19,bt-10177994,boattrader,2022 Avid 21 Fusion,38200,https://www.boattrader.com/boat/2022-avid-21-fusion-10177994
2026-08-19,bt-10221866,boattrader,2021 KenCraft Challenger,54900,https://www.boattrader.com/boat/2021-kencraft-challenger-10221866
2026-08-19,bt-10279611,boattrader,2023 Bayliner Trophy T24CC,59900,https://www.boattrader.com/boat/2023-bayliner-trophy-t24cc-10279611
2026-08-19,bt-10270823,boattrader,2015 Parker 2100 Center Console,55000,https://www.boattrader.com/boat/2015-parker-2100-center-console-10270823
2026-08-19,bt-9994360,boattrader,1999 Cobia Walkaround,24500,https://www.boattrader.com/boat/1999-cobia-walkaround-9994360
2026-08-19,bt-9941706,boattrader,2019 Stingray 206 CC,32500,https://www.boattrader.com/boat/2019-stingray-206-cc-9941706
2026-08-19,bt-10284611,boattrader,1969 Glasspar Center Console,1800,https://www.boattrader.com/boat/1969-glasspar-center-console-10284611
2026-08-19,bt-10219208,boattrader,2001 Seaswirl Striper 2301,30000,https://www.boattrader.com/boat/2001-seaswirl-striper-2301-10219208
2026-08-19,bt-10236731,boattrader,1986 Tiara Yachts 2000,20995,https://www.boattrader.com/boat/1986-tiara-yachts-2000-10236731
2026-08-19,bt-10262708,boattrader,2004 Robalo Walkaround,40000,https://www.boattrader.com/boat/2004-robalo-walkaround-10262708
2026-08-19,bt-10119478,boattrader,1995 Excel 23F,15000,https://www.boattrader.com/boat/1995-excel-23f-10119478
2026-08-19,bt-9299500,boattrader,1990 Fairbanks 28ft Sportfisher,45000,https://www.boattrader.com/boat/1990-fairbanks-28ft-sportfisher-9299500
2026-08-19,bt-10157357,boattrader,1984 Invader 20V Cuddy,5500,https://www.boattrader.com/boat/1984-invader-20v-cuddy-10157357
2026-08-19,bt-10016303,boattrader,2021 G3 Bay 20 DLX,42500,https://www.boattrader.com/boat/2021-g3-bay-20-dlx-10016303
2026-08-19,bt-8088296,boattrader,1999 Sport-Craft 272 Sport Fisher,51000,https://www.boattrader.com/boat/1999-sport-craft-272-sport-fisher-8088296
2026-08-19,bt-10257212,boattrader,2000 World Cat 266 SC,48990,https://www.boattrader.com/boat/2000-world-cat-266-sc-10257212
2026-08-19,bt-10253271,boattrader,1987 Grady-White Sailfish,50000,https://www.boattrader.com/boat/1987-grady-white-sailfish-10253271
2026-08-19,bt-9725552,boattrader,1981 Phoenix 29 Convertible,35000,https://www.boattrader.com/boat/1981-phoenix-29-convertible-9725552
2026-08-24,cl-7919105569,craigslist,1996 Bayliner Trophy 2352 Ready for El Nino Exotics This Year,26500,https://www.craigslist.org/view/d/oceanside-1996-bayliner-trophy-2352/waRMcd8dHEdp1WpfhXfyaV
2026-08-24,cl-7955327615,craigslist,"Mako 21B, Center Console Fishing Boat",13500,https://www.craigslist.org/view/d/spring-valley-mako-21b-center-console/ozUboAqmtZ4srV9iCD8z3s
2026-08-24,cl-7937496660,craigslist,Skipjack,4500,https://www.craigslist.org/view/d/alpine-skipjack/qav7YGGNcYuYzN6jxCw7mZ
2026-08-24,cl-7920668174,craigslist,Farallon 27 Whaleback Project,40000,https://www.craigslist.org/view/d/san-diego-farallon-27-whaleback-project/dHkeMstqHKyU1gKZHNu5JS
2026-08-24,cl-7954649972,craigslist,"222 Aquasport Center console, 200Hp Merc and Trailer",6500,https://www.craigslist.org/view/d/bonsall-222-aquasport-center-console/wLRLgw4jfhHLB7oGanwsCS
2026-08-24,cl-7941783968,craigslist,"23' Cobia walkaround with 200hp Yamaha, Aluminim trailer, Garmin",24500,https://www.craigslist.org/view/d/san-diego-23-cobia-walkaround-with/7qceRx2dVNRMNJ6KJ4rCGC
2026-08-24,cl-7913591428,craigslist,Grady White,43500,https://www.craigslist.org/view/d/jamul-grady-white/s4cWwZZ76TSd1wFmtX1bMb
2026-08-24,cl-7938447370,craigslist,2001 Seaswirl Striper 2301,15900,https://www.craigslist.org/view/d/jamul-2001-seaswirl-striper-2301/sGEErf85ChqdjswpFAAXqk
2026-08-24,cl-7938446836,craigslist,2001 Seaswirl Striper 2301,15900,https://www.craigslist.org/view/d/jamul-2001-seaswirl-striper-2301/axjSHSgWSdVJvNWMCSfeDk
2026-08-24,cl-7923943547,craigslist,1991 Mako 286 side console Diesels project TRADE,13000,https://www.craigslist.org/view/d/newport-beach-1991-mako-286-side/vTujdxKiA4twaDcLCB6t42
2026-08-24,cl-7939245604,craigslist,2003 Seaswirl Striper 2601,31000,https://www.craigslist.org/view/d/carlsbad-2003-seaswirl-striper-2601/beYFYuDQHsNYUqsrj6dHka
2026-08-24,cl-7937269874,craigslist,2002 Striper Fishing boat,48000,https://www.craigslist.org/view/d/marina-del-rey-2002-striper-fishing-boat/9AMcD3PSZHApyy9FpDHk8x
2026-08-24,cl-7954571977,craigslist,Shamrock 26' Stalker sale or trade,18000,https://www.craigslist.org/view/d/vista-shamrock-26-stalker-sale-or-trade/rDgnD9mQV82sajv6MrwjnM
2026-08-24,cl-7940649484,craigslist,1985 BLACKMAN BILLFISHER VOLVO DIELEL FISHING BOAT LOW HOURS!!,59000,https://www.craigslist.org/view/d/oceanside-1985-blackman-billfisher/82qR9EZgv5r8PprnkNVpor
2026-08-24,cl-7939512761,craigslist,1998 21' Boston Whaler Conquest,45000,https://www.craigslist.org/view/d/san-diego-boston-whaler-conquest/oe6n9kpbWfepnS3yEKZ1MZ
2026-08-24,cl-7954439737,craigslist,2021 Bayliner Trophy T21 Bay Boat,26990,https://www.craigslist.org/view/d/vista-2021-bayliner-trophy-t21-bay-boat/3YHzvBZyNZpgU9QvHpLPZk
2026-08-24,cl-7918140522,craigslist,Thresher 22' Boat 2020 Mercury 200hp 4 Stroke OB,49000,https://www.craigslist.org/view/d/el-cajon-thresher-22-boat-2020-mercury/iD6BwFUVwzUxpk4Zy9ZQvS
2026-08-24,cl-7953844245,craigslist,1976 28' Bertram Flybridge,3900,https://www.craigslist.org/view/d/san-diego-bertram-flybridge/rh9iwH2PrWUNuYYL5zUcZM
2026-08-24,cl-7953713590,craigslist,Parker 2120,45000,https://www.craigslist.org/view/d/san-diego-parker-2120/2zAQvZyuvdP4XztvABPc4i
2026-08-24,cl-7947992571,craigslist,*****2052 trophy ****,20000,https://www.craigslist.org/view/d/san-marcos-2052-trophy/hjrUE8N5ZQsTrkbzeAnyy8
2026-08-24,cl-7933544197,craigslist,2000 Skipjack 262 Flybridge w/Yanmar 315hp diesel & Trailer,59900,https://www.craigslist.org/view/d/san-diego-2000-skipjack-262-flybridge/npaDdMetMz9pjvNw5hrSdR
2026-08-24,cl-7936951732,craigslist,2002 Stamas 250 Tarpon Runabout Sportfishing Boat,36000,https://www.craigslist.org/view/d/rialto-2002-stamas-250-tarpon-runabout/itwrThSLqKbwYVuXienypi
2026-08-24,cl-7935458497,craigslist,Grady White Flybridge Atlantic 260,21500,https://www.craigslist.org/view/d/san-diego-grady-white-flybridge/ajvMPaLHLeV5kstqcRqGkx
2026-08-24,cl-7950383400,craigslist,2006 Trophy Diesel Hardtop,38000,https://www.craigslist.org/view/d/carlsbad-2006-trophy-diesel-hardtop/oadfVtoj2bhWKeTyoHye8U
2026-08-24,cl-7919306497,craigslist,Fish /Dive Boat,23000,https://www.craigslist.org/view/d/san-pedro-fish-dive-boat/mm7hHGgTPW1BhMdNdcUmcf
2026-08-24,cl-7941390694,craigslist,2021 KenCraft Center Console,54900,https://www.craigslist.org/view/d/corona-2021-kencraft-center-console/re54zmn3Tx4cEMSn8Ekda4
2026-08-24,cl-7951934271,craigslist,1993 Grady-White 300 Marlin w/ Full Tower,35000,https://www.craigslist.org/view/d/san-diego-1993-grady-white-300-marlin/b982ppVU9giYbp3bEGks53
2026-08-24,cl-7945599892,craigslist,"2002 Center Console,EXCELLENT COND.turn Key",17000,https://www.craigslist.org/view/d/vista-2002-center-consoleexcellent/6CWvAGWQdcgnFQDXPGNuEo
2026-08-24,cl-7950348672,craigslist,2001 Grady White 23' Walkaround w/Twin Yamaha 4-Strokes,39900,https://www.craigslist.org/view/d/vista-2001-grady-white-23-walkaround/vnTbk2S41RDbw6HjKHytfP
2026-08-24,cl-7903547262,craigslist,2000 Kencraft Challenger with trailer and 150hp Yamaha ourboard engine,23600,https://www.craigslist.org/view/d/san-diego-2000-kencraft-challenger-with/6SLYSQGTehFdFPTraXpcZP
2026-08-24,cl-7941519770,craigslist,Proline 2610 WA,32000,https://www.craigslist.org/view/d/san-diego-proline-2610-wa/cRwsJGW7VPPAvyWUv1a78p
2026-09-18,cl-7919105569,craigslist,1996 Bayliner Trophy 2352 Ready for El Nino Exotics This Year,26500,https://www.craigslist.org/view/d/oceanside-1996-bayliner-trophy-2352/waRMcd8dHEdp1WpfhXfyaV
2026-09-18,cl-7955327615,craigslist,"Mako 21B, Center Console Fishing Boat",13500,https://www.craigslist.org/view/d/spring-valley-mako-21b-center-console/ozUboAqmtZ4srV9iCD8z3s
2026-09-18,cl-7937496660,craigslist,Skipjack,4500,https://www.craigslist.org/view/d/alpine-skipjack/qav7YGGNcYuYzN6jxCw7mZ
2026-09-18,cl-7920668174,craigslist,Farallon 27 Whaleback Project,40000,https://www.craigslist.org/view/d/san-diego-farallon-27-whaleback-project/dHkeMstqHKyU1gKZHNu5JS
2026-09-18,cl-7954649972,craigslist,"222 Aquasport Center console, 200Hp Merc and Trailer",6500,https://www.craigslist.org/view/d/bonsall-222-aquasport-center-console/wLRLgw4jfhHLB7oGanwsCS
2026-09-18,cl-7941783968,craigslist,"23' Cobia walkaround with 200hp Yamaha, Aluminim trailer, Garmin",24500,https://www.craigslist.org/view/d/san-diego-23-cobia-walkaround-with/7qceRx2dVNRMNJ6KJ4rCGC
2026-09-18,cl-7913591428,craigslist,Grady White,43500,https://www.craigslist.org/view/d/jamul-grady-white/s4cWwZZ76TSd1wFmtX1bMb
2026-09-18,cl-7938447370,craigslist,2001 Seaswirl Striper 2301,15900,https://www.craigslist.org/view/d/jamul-2001-seaswirl-striper-2301/sGEErf85ChqdjswpFAAXqk
2026-09-18,cl-7938446836,craigslist,2001 Seaswirl Striper 2301,15900,https://www.craigslist.org/view/d/jamul-2001-seaswirl-striper-2301/axjSHSgWSdVJvNWMCSfeDk
2026-09-18,cl-7923943547,craigslist,1991 Mako 286 side console Diesels project TRADE,13000,https://www.craigslist.org/view/d/newport-beach-1991-mako-286-side/vTujdxKiA4twaDcLCB6t42
2026-09-18,cl-7939245604,craigslist,2003 Seaswirl Striper 2601,31000,https://www.craigslist.org/view/d/carlsbad-2003-seaswirl-striper-2601/beYFYuDQHsNYUqsrj6dHka
2026-09-18,cl-7937269874,craigslist,2002 Striper Fishing boat,48000,https://www.craigslist.org/view/d/marina-del-rey-2002-striper-fishing-boat/9AMcD3PSZHApyy9FpDHk8x
2026-09-18,cl-7954571977,craigslist,Shamrock 26' Stalker sale or trade,18000,https://www.craigslist.org/view/d/vista-shamrock-26-stalker-sale-or-trade/rDgnD9mQV82sajv6MrwjnM
2026-09-18,cl-7940649484,craigslist,1985 BLACKMAN BILLFISHER VOLVO DIELEL FISHING BOAT LOW HOURS!!,59000,https://www.craigslist.org/view/d/oceanside-1985-blackman-billfisher/82qR9EZgv5r8PprnkNVpor
2026-09-18,cl-7939512761,craigslist,1998 21' Boston Whaler Conquest,45000,https://www.craigslist.org/view/d/san-diego-boston-whaler-conquest/oe6n9kpbWfepnS3yEKZ1MZ
2026-09-18,cl-7954439737,craigslist,2021 Bayliner Trophy T21 Bay Boat,26990,https://www.craigslist.org/view/d/vista-2021-bayliner-trophy-t21-bay-boat/3YHzvBZyNZpgU9QvHpLPZk
2026-09-18,cl-7918140522,craigslist,Thresher 22' Boat 2020 Mercury 200hp 4 Stroke OB,49000,https://www.craigslist.org/view/d/el-cajon-thresher-22-boat-2020-mercury/iD6BwFUVwzUxpk4Zy9ZQvS
2026-09-18,cl-7953844245,craigslist,1976 28' Bertram Flybridge,3900,https://www.craigslist.org/view/d/san-diego-bertram-flybridge/rh9iwH2PrWUNuYYL5zUcZM
2026-09-18,cl-7953713590,craigslist,Parker 2120,45000,https://www.craigslist.org/view/d/san-diego-parker-2120/2zAQvZyuvdP4XztvABPc4i
2026-09-18,cl-7947992571,craigslist,*****2052 trophy ****,20000,https://www.craigslist.org/view/d/san-marcos-2052-trophy/hjrUE8N5ZQsTrkbzeAnyy8
2026-09-18,cl-7933544197,craigslist,2000 Skipjack 262 Flybridge w/Yanmar 315hp diesel & Trailer,59900,https://www.craigslist.org/view/d/san-diego-2000-skipjack-262-flybridge/npaDdMetMz9pjvNw5hrSdR
2026-09-18,cl-7936951732,craigslist,2002 Stamas 250 Tarpon Runabout Sportfishing Boat,36000,https://www.craigslist.org/view/d/rialto-2002-stamas-250-tarpon-runabout/itwrThSLqKbwYVuXienypi
2026-09-18,cl-7935458497,craigslist,Grady White Flybridge Atlantic 260,21500,https://www.craigslist.org/view/d/san-diego-grady-white-flybridge/ajvMPaLHLeV5kstqcRqGkx
2026-09-18,cl-7950383400,craigslist,2006 Trophy Diesel Hardtop,38000,https://www.craigslist.org/view/d/carlsbad-2006-trophy-diesel-hardtop/oadfVtoj2bhWKeTyoHye8U
2026-09-18,cl-7919306497,craigslist,Fish /Dive Boat,23000,https://www.craigslist.org/view/d/san-pedro-fish-dive-boat/mm7hHGgTPW1BhMdNdcUmcf
2026-09-18,cl-7941390694,craigslist,2021 KenCraft Center Console,54900,https://www.craigslist.org/view/d/corona-2021-kencraft-center-console/re54zmn3Tx4cEMSn8Ekda4
2026-09-18,cl-7951934271,craigslist,1993 Grady-White 300 Marlin w/ Full Tower,35000,https://www.craigslist.org/view/d/san-diego-1993-grady-white-300-marlin/b982ppVU9giYbp3bEGks53
2026-09-18,cl-7945599892,craigslist,"2002 Center Console,EXCELLENT COND.turn Key",17000,https://www.craigslist.org/view/d/vista-2002-center-consoleexcellent/6CWvAGWQdcgnFQDXPGNuEo
2026-09-18,cl-7950348672,craigslist,2001 Grady White 23' Walkaround w/Twin Yamaha 4-Strokes,39900,https://www.craigslist.org/view/d/vista-2001-grady-white-23-walkaround/vnTbk2S41RDbw6HjKHytfP
2026-09-18,cl-7903547262,craigslist,2000 Kencraft Challenger with trailer and 150hp Yamaha ourboard engine,23600,https://www.craigslist.org/view/d/san-diego-2000-kencraft-challenger-with/6SLYSQGTehFdFPTraXpcZP
2026-09-18,cl-7941519770,craigslist,Proline 2610 WA,32000,https://www.craigslist.org/view/d/san-diego-proline-2610-wa/cRwsJGW7VPPAvyWUv1a78p
2026-09-18,cl-cRDpENhDaaMKiNA39Qj1LA,craigslist,Chaparral SST 1930,5200,https://www.craigslist.org/view/d/escondido-chaparral-sst-1930/cRDpENhDaaMKiNA39Qj1LA
2026-09-18,cl-dJmTfFqqwyTggwNqU71gcA,craigslist,"1975 Universal 40&#39; Tri-Cabin Trawler - Twin Lehman Diesels, Surveyed",55000,https://www.craigslist.org/view/d/huntington-beach-1975-universal-40-tri/dJmTfFqqwyTggwNqU71gcA
2026-09-18,cl-cgCupgVrXHgcoVy6ayVYgW,craigslist,2003 Stingray 190XL,6795,https://www.craigslist.org/view/d/escondido-2003-stingray-190xl/cgCupgVrXHgcoVy6ayVYgW
2026-09-18,cl-puWGjcELNWSLrBpzbcWB4f,craigslist,2003 Stingray 190LX,6795,https://www.craigslist.org/view/d/escondido-2003-stingray-190lx/puWGjcELNWSLrBpzbcWB4f
2026-09-18,cl-1tyA2ATd9FpXAFtigvxZk1,craigslist,"30’ Hydra-Sports Center Console – Evinrude 150 – Trailer Included – $15,",15000,https://www.craigslist.org/view/d/san-diego-30-hydra-sports-center/1tyA2ATd9FpXAFtigvxZk1
2026-09-18,cl-oQQbo9pR55Tjhua8xoenh1,craigslist,1998 Sea Ray 180 Bow rider,3500,https://www.craigslist.org/view/d/san-diego-1998-sea-ray-180-bow-rider/oQQbo9pR55Tjhua8xoenh1
2026-09-18,cl-2Dx74zCrqipK9TqkA8QP3b,craigslist,2002 Boss Boat Yacht Tender 10.5,5000,https://www.craigslist.org/view/d/el-cajon-2002-boss-boat-yacht-tender-105/2Dx74zCrqipK9TqkA8QP3b
2026-09-18,cl-bxMJCbj46d1T1xohw6tPm6,craigslist,2016 Bennington 16SL Pontoon Boat,10995,https://www.craigslist.org/view/d/escondido-2016-bennington-16sl-pontoon/bxMJCbj46d1T1xohw6tPm6
2026-09-18,cl-6md6qz7qHN2L1hovgwkHEb,craigslist,VALCO BAYRUNER,8250,https://www.craigslist.org/view/d/el-paso-valco-bayruner/6md6qz7qHN2L1hovgwkHEb
2026-09-18,cl-5hNEj7aSWbgrtDmL5z6mbe,craigslist,"2022 Avid 21&#39;  Welded Alum. CC Bay Boat, Yamaha 150hp. w/LOW Hours",37200,https://www.craigslist.org/view/d/vista-2022-avid-21-welded-alum-cc-bay/5hNEj7aSWbgrtDmL5z6mbe
2026-09-18,cl-84xB2PgS4HKZdM9WkUNxTd,craigslist,18ft Fishing boat 85hp Evinrude running great!,4000,https://www.craigslist.org/view/d/campo-18ft-fishing-boat-85hp-evinrude/84xB2PgS4HKZdM9WkUNxTd
2026-09-18,cl-61yChudmAAmKLC5tv2dYXj,craigslist,1996 Bayliner Trophy 2352  Ready for El Nino Exotics This Year,24950,https://www.craigslist.org/view/d/oceanside-1996-bayliner-trophy-2352/61yChudmAAmKLC5tv2dYXj
2026-09-18,cl-2gVP8WFFoDuS89EYTC424p,craigslist,1998 stripper 23ft clean,13000,https://www.craigslist.org/view/d/san-diego-1998-stripper-23ft-clean/2gVP8WFFoDuS89EYTC424p
2026-09-18,cl-ncWz8zpuQPsXBaQ7iaYy4z,craigslist,24 ft Pontoon Houseboat + Trailer with honda 130 hp outboard motor,6995,https://www.craigslist.org/view/d/bonsall-24-ft-pontoon-houseboat-trailer/ncWz8zpuQPsXBaQ7iaYy4z
2026-09-18,cl-s4cWwZZ76TSd1wFmtX1bMb,craigslist,Grady White,43500,https://www.craigslist.org/view/d/jamul-grady-white/s4cWwZZ76TSd1wFmtX1bMb
2026-09-18,cl-sGEErf85ChqdjswpFAAXqk,craigslist,2001 Seaswirl Striper 2301,15900,https://www.craigslist.org/view/d/jamul-2001-seaswirl-striper-2301/sGEErf85ChqdjswpFAAXqk
2026-09-18,cl-axjSHSgWSdVJvNWMCSfeDk,craigslist,2001 Seaswirl Striper 2301,15900,https://www.craigslist.org/view/d/jamul-2001-seaswirl-striper-2301/axjSHSgWSdVJvNWMCSfeDk
2026-09-18,cl-1oFPjrM5PkSTeZzThcmpAM,craigslist,25’ Crestliner pontoon Tritoon 2008,6000,https://www.craigslist.org/view/d/san-diego-25-crestliner-pontoon-tritoon/1oFPjrM5PkSTeZzThcmpAM
2026-09-18,cl-dw6gy1rWdJe2GCbpPLrCGE,craigslist,Donzi 3250 Hardtop Fishing Cruiser,18000,https://www.craigslist.org/view/d/fallbrook-donzi-3250-hardtop-fishing/dw6gy1rWdJe2GCbpPLrCGE
2026-09-18,cl-wYpHMbVnTYspuqUQnq2rGc,craigslist,1999 Carver 370 Voyager Flybridge Motor Yacht – Turn-Key Cruiser in Ex,59900,https://www.craigslist.org/view/d/oceanside-1999-carver-370-voyager/wYpHMbVnTYspuqUQnq2rGc
2026-09-18,cl-mo67LeM5SiLaMDM3Bu72ka,craigslist,2018 Vision Volt 18&#39; Harbor Cruiser - 14 person capacity - 60HP,13000,https://www.craigslist.org/view/d/bonsall-2018-vision-volt-18-harbor/mo67LeM5SiLaMDM3Bu72ka
2026-09-18,cl-gmCBUmFDEK2PYmWRfNNPiL,craigslist,"Mako 21B, Center Console Fishing Boat",11900,https://www.craigslist.org/view/d/spring-valley-mako-21b-center-console/gmCBUmFDEK2PYmWRfNNPiL
2026-09-18,cl-h7aLvHcXB4JMTbEhEsFE5A,craigslist,"24&#39; Harris Kayot Deckboat , 2002",16000,https://www.craigslist.org/view/d/san-diego-24-harris-kayot-deckboat-2002/h7aLvHcXB4JMTbEhEsFE5A
2026-09-18,cl-rTWN2PZmnCF4GHtnMeaAJK,craigslist,"2016 24&#39; Searay Sundeck, Mint Condition * Nic Interior~Fully Serviced",34000,https://www.craigslist.org/view/d/san-diego-searay-sundeck-mint-condition/rTWN2PZmnCF4GHtnMeaAJK
2026-09-18,cl-tfPGbG6Pnx6d98eGTXS3u4,craigslist,2016 24&#39; Searay Sundeck w/ 250 hp Bravo One -,34000,https://www.craigslist.org/view/d/san-diego-searay-sundeck-250-hp-bravo/tfPGbG6Pnx6d98eGTXS3u4
2026-09-18,cl-5CKtG5681v3aJthNeXDFM7,craigslist,"2016 24&#39; Searay Sundeck, Mint Condition * New Interior~Fully Serviced",37000,https://www.craigslist.org/view/d/imperial-beach-searay-sundeck-mint/5CKtG5681v3aJthNeXDFM7
2026-09-18,cl-6zkbixQWGxPtoPnockWR59,craigslist,2024 Gospel 7.5 M fishing/diving,54900,https://www.craigslist.org/view/d/tucson-2024-gospel-75-fishing-diving/6zkbixQWGxPtoPnockWR59
2026-09-18,cl-bMhMFkjX5vUnQ1jM7ZKcPR,craigslist,1947 Chris Craft U-22 Sportsman  / Completely Restored,29900,https://www.craigslist.org/view/d/san-diego-1947-chris-craft-22-sportsman/bMhMFkjX5vUnQ1jM7ZKcPR
2026-09-18,cl-oe6n9kpbWfepnS3yEKZ1MZ,craigslist,1998 21&#39; Boston Whaler Conquest,45000,https://www.craigslist.org/view/d/san-diego-boston-whaler-conquest/oe6n9kpbWfepnS3yEKZ1MZ
2026-09-18,cl-7DQDmZ5Y9VRLMc4gf2jads,craigslist,BOSTON WHALER FOR SALE!! RARE COLLECTOR BOAT!! MUST SEE!!,12900,https://www.craigslist.org/view/d/san-diego-boston-whaler-for-sale-rare/7DQDmZ5Y9VRLMc4gf2jads
2026-09-18,cl-82qR9EZgv5r8PprnkNVpor,craigslist,1985 BLACKMAN BILLFISHER VOLVO DIELEL FISHING BOAT LOW HOURS!!,59000,https://www.craigslist.org/view/d/oceanside-1985-blackman-billfisher/82qR9EZgv5r8PprnkNVpor
2026-09-18,cl-cyp3UghFvYPXZDjvVPGg8C,craigslist,MacGregor 26s sailboat,5200,https://www.craigslist.org/view/d/san-diego-macgregor-26s-sailboat/cyp3UghFvYPXZDjvVPGg8C
2026-09-18,cl-sEyJfBzY7PzCjeKWeW1jpL,craigslist,Watermaker  Desalination Unit,3900,https://www.craigslist.org/view/d/san-diego-watermaker-desalination-unit/sEyJfBzY7PzCjeKWeW1jpL
2026-09-18,cl-xyDR8S6UnzJU2y4j2JumMV,craigslist,Ericson 35&#39; MK II sailboat lots of extras,8003,https://www.craigslist.org/view/d/san-diego-ericson-35-mk-ii-sailboat/xyDR8S6UnzJU2y4j2JumMV
2026-09-18,cl-sE4fQMURquHE3fD175h7pe,craigslist,1975 Catalina 30 with Oceanside Harbor slip,18500,https://www.craigslist.org/view/d/oceanside-1975-catalina-30-with/sE4fQMURquHE3fD175h7pe
2026-09-18,cl-gSZdFFHMmqyzbaM1cGYorB,craigslist,22ft Searay cabin power boat,6500,https://www.craigslist.org/view/d/huntington-beach-22ft-searay-cabin/gSZdFFHMmqyzbaM1cGYorB
2026-09-18,cl-mUoFCPL38Yz61yJk9RiWQq,craigslist,Priced to sell!  1977 Ericson 32-2 Fully loaded,9900,https://www.craigslist.org/view/d/san-diego-priced-to-sell-1977-ericson/mUoFCPL38Yz61yJk9RiWQq
2026-09-18,cl-6HzMw2pHp2XEJ4inRQDx4K,craigslist,Freshwater  07 Yamaha AR 210 Boat and Trailer - clean and serviced,17500,https://www.craigslist.org/view/d/san-diego-freshwater-07-yamaha-ar-210/6HzMw2pHp2XEJ4inRQDx4K
2026-09-18,cl-dAVBzuFLuToKRXHBrhfksF,craigslist,2011 Stratos 186 XT,13500,https://www.craigslist.org/view/d/palo-verde-2011-stratos-186-xt/dAVBzuFLuToKRXHBrhfksF
2026-09-18,cl-ubaU9cYPyKSFP4QirCH7GK,craigslist,Kawasaki Ultra LX - 3 seater/TRAILER INCLUDED!!,5400,https://www.craigslist.org/view/d/san-diego-kawasaki-ultra-lx-seater/ubaU9cYPyKSFP4QirCH7GK
2026-09-18,cl-2zAQvZyuvdP4XztvABPc4i,craigslist,Parker 2120,45000,https://www.craigslist.org/view/d/san-diego-parker-2120/2zAQvZyuvdP4XztvABPc4i
2026-09-18,cl-9Eik4pw7HvZd2X6WhHDLXY,craigslist,1999 Monterey Montura 21 foot,4500,https://www.craigslist.org/view/d/del-mar-1999-monterey-montura-21-foot/9Eik4pw7HvZd2X6WhHDLXY
2026-09-18,cl-tpHXf9U6o5S4KU5McRiC6Q,craigslist,.2004 SEA-DOO,4950,https://www.craigslist.org/view/d/spring-valley-2004-sea-doo/tpHXf9U6o5S4KU5McRiC6Q
2026-09-18,cl-44oxYQVMePuKPKE2XSUEih,craigslist,Boston Whaler Montauk garage find,11750,https://www.craigslist.org/view/d/el-cajon-boston-whaler-montauk-garage/44oxYQVMePuKPKE2XSUEih
2026-09-18,cl-fKJCtnSzt8kZLGUpiQT6HB,craigslist,Neptune Sunbird Center Console,6750,https://www.craigslist.org/view/d/el-cajon-neptune-sunbird-center-console/fKJCtnSzt8kZLGUpiQT6HB
2026-09-18,cl-guE6oZjw8DW4EKjVxfvYpq,craigslist,Four Winns 190 Freedom Open Bow,3950,https://www.craigslist.org/view/d/el-cajon-four-winns-190-freedom-open-bow/guE6oZjw8DW4EKjVxfvYpq
2026-09-18,cl-11G4e5FmnEYiy2NhZihyhU,craigslist,DUFFY FOR SALE - 20&#39; Great Condition,9800,https://www.craigslist.org/view/d/san-diego-duffy-for-sale-20-great/11G4e5FmnEYiy2NhZihyhU
2026-09-18,cl-qGjSrUM8Mb2JxEJGXEKnpv,craigslist,1989 20&#39; Duffy Electric Boat - San Diego,9800,https://www.craigslist.org/view/d/san-diego-duffy-electric-boat-san-diego/qGjSrUM8Mb2JxEJGXEKnpv
2026-09-18,cl-toEfrn5Xwjjm44jm2k9Dsv,craigslist,20’ DUFFY FOR SALE – CLEAN AND WELL MAINTAINED – GREAT PRICE!! !!!!,9800,https://www.craigslist.org/view/d/san-diego-20-duffy-for-sale-clean-and/toEfrn5Xwjjm44jm2k9Dsv
2026-09-18,cl-b3GE5ucQyuTe1PiLhLV2Xc,craigslist,Moore 30 racing boat,14000,https://www.craigslist.org/view/d/dana-point-moore-30-racing-boat/b3GE5ucQyuTe1PiLhLV2Xc
2026-09-18,cl-851xXodYcEfnNkDU6qzv5K,craigslist,1987 Silverton convertible flybridge sportfisher,35000,https://www.craigslist.org/view/d/oceanside-1987-silverton-convertible/851xXodYcEfnNkDU6qzv5K
2026-09-18,cl-du23Fhq7SNvNMLpy4kUVZ3,craigslist,"Clean, serviced 2007 Yamaha AR 210 Boat and Trailer - Low 65 Hours**",18500,https://www.craigslist.org/view/d/san-diego-clean-serviced-2007-yamaha-ar/du23Fhq7SNvNMLpy4kUVZ3
2026-09-18,cl-hNcskyQgCDeWCkAVNnYKoY,craigslist,Nice and fun 2004 Yamaha FX waverunner / ski with trailer,3700,https://www.craigslist.org/view/d/san-diego-nice-and-fun-2004-yamaha-fx/hNcskyQgCDeWCkAVNnYKoY
2026-09-18,cl-2qqsxCY5jSBuAk7BsHe89r,craigslist,Very clean low hours and serviced 2016 Yamaha SVHO / fast,8000,https://www.craigslist.org/view/d/san-diego-very-clean-low-hours-and/2qqsxCY5jSBuAk7BsHe89r
2026-09-18,cl-vZC2U6RmVztLZSrMCZLXyS,craigslist,2016 Yamaha SVHO and a 2003 FX waverunners - Two freshwater jet skis /,12000,https://www.craigslist.org/view/d/san-diego-2016-yamaha-svho-and-2003-fx/vZC2U6RmVztLZSrMCZLXyS
2026-09-18,cl-6x34V6PoBg4Y9qQSZyKFbW,craigslist,Navy hull Uniflite diesel boat 1979 Detroit 33ft Mark3 mk3,14000,https://www.craigslist.org/view/d/san-diego-navy-hull-uniflite-diesel/6x34V6PoBg4Y9qQSZyKFbW
2026-09-18,cl-rDgnD9mQV82sajv6MrwjnM,craigslist,Shamrock 26’ Stalker sale or trade,18000,https://www.craigslist.org/view/d/vista-shamrock-26-stalker-sale-or-trade/rDgnD9mQV82sajv6MrwjnM
2026-09-18,cl-rmoKfR5eU68uUbS8UnxELS,craigslist,sailboat,4000,https://www.craigslist.org/view/d/san-diego-sailboat/rmoKfR5eU68uUbS8UnxELS
2026-09-18,cl-atdK8Wp8djW2BBXsFZQJU3,craigslist,1997 SeaRay Sundancer 330,36000,https://www.craigslist.org/view/d/san-diego-1997-searay-sundancer-330/atdK8Wp8djW2BBXsFZQJU3
2026-09-18,cl-dLTq37uh8mQ8aqgfXiqENa,craigslist,Pontoon Boat For Sale,20000,https://www.craigslist.org/view/d/chula-vista-pontoon-boat-for-sale/dLTq37uh8mQ8aqgfXiqENa
2026-09-18,cl-aqDnDVfAm7C3FKbMyZR6yy,craigslist,VICTORY 21 SAILBOAT PLUS CUSTOM TRAILER,10000,https://www.craigslist.org/view/d/oceanside-victory-21-sailboat-plus/aqDnDVfAm7C3FKbMyZR6yy
2026-09-18,cl-a9Ew4num2n5BkghMofbaU6,craigslist,StarCraft Boat,3750,https://www.craigslist.org/view/d/la-mesa-starcraft-boat/a9Ew4num2n5BkghMofbaU6
2026-09-18,cl-iWGHVAcpEvAdXQRvK9jNH2,craigslist,2003 Lowe/Suncruiser Pontoon Boat,9200,https://www.craigslist.org/view/d/san-diego-2003-lowe-suncruiser-pontoon/iWGHVAcpEvAdXQRvK9jNH2
2026-09-18,cl-p9qu5KeAke8oge8kN66QC5,craigslist,2001 Boston Whaler 21 Ventura w/Mercury 200hp Optimax &amp; Trailer,21900,https://www.craigslist.org/view/d/san-diego-2001-boston-whaler-21-ventura/p9qu5KeAke8oge8kN66QC5
2026-09-18,cl-kfAHkP781zwL35G3rHdRQ3,craigslist,1974 Boston Whaler 13 Sport - MINT Time Capsule - One Owner - Mercury 45HP,6000,https://www.craigslist.org/view/d/vista-1974-boston-whaler-13-sport-mint/kfAHkP781zwL35G3rHdRQ3
2026-09-18,cl-c6WLh2sEkyAAm3zEaSfAKB,craigslist,"Cal 34 MK III, 1978",6500,https://www.craigslist.org/view/d/coronado-cal-34-mk-iii-1978/c6WLh2sEkyAAm3zEaSfAKB
2026-09-18,cl-6SLYSQGTehFdFPTraXpcZP,craigslist,2000 Kencraft Challenger with trailer and 150hp Yamaha ourboard engine,23600,https://www.craigslist.org/view/d/san-diego-2000-kencraft-challenger-with/6SLYSQGTehFdFPTraXpcZP
2026-09-18,cl-ahXcbaBHhvkrbGH9vXmfCs,craigslist,Malibu Performance,32000,https://www.craigslist.org/view/d/san-diego-malibu-performance/ahXcbaBHhvkrbGH9vXmfCs
2026-09-18,cl-5SEjPc4YAJBT3G9cfghHpd,craigslist,Hobie Cat Getaway Catamarans,7200,https://www.craigslist.org/view/d/san-diego-hobie-cat-getaway-catamarans/5SEjPc4YAJBT3G9cfghHpd
2026-09-18,cl-9AMcD3PSZHApyy9FpDHk8x,craigslist,2002 Striper Fishing boat,48000,https://www.craigslist.org/view/d/marina-del-rey-2002-striper-fishing-boat/9AMcD3PSZHApyy9FpDHk8x
2026-09-18,cl-23yhTG1mAh2R1nz6Hk84Sn,craigslist,Galvanized power boat trailer for 27 Ft.,5900,https://www.craigslist.org/view/d/marina-del-rey-galvanized-power-boat/23yhTG1mAh2R1nz6Hk84Sn
2026-09-18,cl-qHxVXLszeCiWCwACqoYwUn,craigslist,26 Ft. Searay Fly Bridge in Great Condition,25500,https://www.craigslist.org/view/d/marina-del-rey-26-ft-searay-fly-bridge/qHxVXLszeCiWCwACqoYwUn
2026-09-18,cl-8CSJGQEuysJtBnK7xKKqvX,craigslist,2018 Kawasaki 310 ultra l,11000,https://www.craigslist.org/view/d/del-mar-2018-kawasaki-310-ultra/8CSJGQEuysJtBnK7xKKqvX
2026-09-18,cl-2qo6ztcWWp1cXznTNhrMeL,craigslist,Turnkey 1977 Ericson 32 Sailboat,9900,https://www.craigslist.org/view/d/san-diego-turnkey-1977-ericson-32/2qo6ztcWWp1cXznTNhrMeL
2026-09-18,cl-7yTd2WosjfbZ6PzCANztzS,craigslist,Monterey 322 Express Cruiser Needs nothing - Delivery Available,32000,https://www.craigslist.org/view/d/san-diego-monterey-322-express-cruiser/7yTd2WosjfbZ6PzCANztzS
2026-09-18,cl-2txLnWnSwcry3bkmT3bwav,craigslist,2006 Hunter 170 w/trailer and Elec Motor great Cond,3500,https://www.craigslist.org/view/d/vista-2006-hunter-170-trailer-and-elec/2txLnWnSwcry3bkmT3bwav
2026-09-18,cl-72S2ruqkkpofRCTRooJnca,craigslist,2015 Monterey 264 FS 170 hrs Closed Cooling Bowrider,27900,https://www.craigslist.org/view/d/vista-2015-monterey-264-fs-170-hrs/72S2ruqkkpofRCTRooJnca
2026-09-18,cl-pJzz99QqLRfJWmZqoWS5yg,craigslist,Great Opportunity to own a Kettenburg Sloop,40000,https://www.craigslist.org/view/d/san-diego-great-opportunity-to-own/pJzz99QqLRfJWmZqoWS5yg
2026-09-18,cl-xjUrJhyJzg1mN94VzSH2Dj,craigslist,1993 Hunter Legend 37.5 Sailboat,54900,https://www.craigslist.org/view/d/san-diego-1993-hunter-legend-375/xjUrJhyJzg1mN94VzSH2Dj
2026-09-18,cl-pzvWZdXcdxT58Z8279zrdR,craigslist,Pacific Trailer 26 ft,5500,https://www.craigslist.org/view/d/san-diego-pacific-trailer-26-ft/pzvWZdXcdxT58Z8279zrdR
2026-09-18,cl-2XKTtdbT2Rt1M8omcRjYAD,craigslist,2006 Catalina 28 Mk II,35000,https://www.craigslist.org/view/d/san-diego-2006-catalina-28-mk-ii/2XKTtdbT2Rt1M8omcRjYAD
2026-09-18,cl-12RziL3TPYVg8gm3tJtiLo,craigslist,Elegant Cape Dory Daysailer 25ft,11900,https://www.craigslist.org/view/d/san-diego-elegant-cape-dory-daysailer/12RziL3TPYVg8gm3tJtiLo
2026-09-18,cl-o6dJyD4vNMejDYK2btSsX1,craigslist,Pontoon Boat 2016 Apex Angler 20 ft Fishing Honda 60 hp Outboard,15500,https://www.craigslist.org/view/d/spring-valley-pontoon-boat-2016-apex/o6dJyD4vNMejDYK2btSsX1
2026-09-18,cl-mGnSYYh9ApE3G41fBwYbDM,craigslist,"Boats, Boats, Boats... From Kayaks to Yachts",5000,https://www.craigslist.org/view/d/san-diego-boats-boats-boats-from-kayaks/mGnSYYh9ApE3G41fBwYbDM
2026-09-18,cl-pSuh7YWQ2QQTrc5zd1QmiH,craigslist,"Boats, Boats, Boats...",5000,https://www.craigslist.org/view/d/san-diego-boats-boats-boats/pSuh7YWQ2QQTrc5zd1QmiH
2026-09-18,cl-vqx9STipmFPGUaq6vFfARa,craigslist,Barco por propietario,5000,https://www.craigslist.org/view/d/oceanside-barco-por-propietario/vqx9STipmFPGUaq6vFfARa
2026-09-18,cl-qaPXtgavmcK3KNmp91gRQN,craigslist,Beautiful Custom Wooden Sailboat w/ trailer,4500,https://www.craigslist.org/view/d/san-diego-beautiful-custom-wooden/qaPXtgavmcK3KNmp91gRQN
2026-09-18,cl-qBVgWSekbqtQURt3NvN8wV,craigslist,26 ft Caribbean day cruiser boat,17000,https://www.craigslist.org/view/d/mesa-26-ft-caribbean-day-cruiser-boat/qBVgWSekbqtQURt3NvN8wV
2026-09-18,cl-9by8ahU6rARyGVL2eMC9yq,craigslist,Donzi 3250 Hardtop Fishing Cruiser,18000,https://www.craigslist.org/view/d/fallbrook-donzi-3250-hardtop-fishing/9by8ahU6rARyGVL2eMC9yq
2026-09-18,cl-jCaqdzWPs5FpzvfbD9pf5D,craigslist,2015 Monterey 264 FS 170 hrs Closed Cooling Bowrider,32900,https://www.craigslist.org/view/d/fallbrook-2015-monterey-264-fs-170-hrs/jCaqdzWPs5FpzvfbD9pf5D
2026-09-18,cl-okp8qLkZu429SyRP99KF6A,craigslist,2026 suzuki df200aTxw5,18995,https://www.craigslist.org/view/d/oceanside-2026-suzuki-df200atxw5/okp8qLkZu429SyRP99KF6A
2026-09-18,cl-6qnshqdVk2YDdnoM5feqBf,craigslist,2026 inmar 360r-ys yacht tender,16495,https://www.craigslist.org/view/d/oceanside-2026-inmar-360r-ys-yacht/6qnshqdVk2YDdnoM5feqBf
2026-09-18,cl-iYxpDyGpfBHY6F98WnD9N1,craigslist,2026 inmar 280r-al 6 hp motor,5595,https://www.craigslist.org/view/d/oceanside-2026-inmar-280r-al-hp-motor/iYxpDyGpfBHY6F98WnD9N1
2026-09-18,cl-hwFTTsLDsrpD7bgpzLsjCm,craigslist,2026 inmar 360r-ys yacht tender,16495,https://www.craigslist.org/view/d/oceanside-2026-inmar-360r-ys-yacht/hwFTTsLDsrpD7bgpzLsjCm
2026-09-18,cl-uF5T9po6CgNkWaotS7h7nt,craigslist,14’ Gregor Welded Aluminum Boat,4500,https://www.craigslist.org/view/d/san-diego-14-gregor-welded-aluminum-boat/uF5T9po6CgNkWaotS7h7nt
2026-09-18,cl-qQEAsQgWjAYHANLCs969R7,craigslist,1996 Spectrum 16’ Dominator Aluminum Boat Mercury 40,5850,https://www.craigslist.org/view/d/san-diego-1996-spectrum-16-dominator/qQEAsQgWjAYHANLCs969R7
2026-09-18,cl-61PYNMt8rNHbqyrQPsJUu3,craigslist,2012 Caribe DL12 Inflatable Boat RIB 25 Yamaha,4350,https://www.craigslist.org/view/d/san-diego-2012-caribe-dl12-inflatable/61PYNMt8rNHbqyrQPsJUu3
2026-09-18,cl-3QQWifn7SdTs6rpbERD2La,craigslist,16 FT BOSTON WHALER SKI BOAT  EXCELLENT CONDITION,7500,https://www.craigslist.org/view/d/huntington-beach-16-ft-boston-whaler/3QQWifn7SdTs6rpbERD2La
2026-09-18,cl-2mh6zvnsCnW7jEQqPxMyWo,craigslist,SeaDoo Sportster Jet Boat,4500,https://www.craigslist.org/view/d/el-cajon-seadoo-sportster-jet-boat/2mh6zvnsCnW7jEQqPxMyWo
2026-09-18,cl-2fJPnLLdpJX5LcFjGdPpaR,craigslist,SeaDoo Sportster Jet Boat With Trailer,4500,https://www.craigslist.org/view/d/el-cajon-seadoo-sportster-jet-boat-with/2fJPnLLdpJX5LcFjGdPpaR
2026-09-18,cl-64WsuXKfsxhFKkGjkmxQ9A,craigslist,SKIPJACK FLYBRIDGE 24,20000,https://www.craigslist.org/view/d/san-diego-skipjack-flybridge-24/64WsuXKfsxhFKkGjkmxQ9A
2026-09-18,cl-wLRLgw4jfhHLB7oGanwsCS,craigslist,"222 Aquasport Center console, 200Hp Merc and Trailer",6500,https://www.craigslist.org/view/d/bonsall-222-aquasport-center-console/wLRLgw4jfhHLB7oGanwsCS
2026-09-18,cl-uQkKfLvdF5ZHAa3dwXBvTu,craigslist,14ft novurania,6500,https://www.craigslist.org/view/d/vista-14ft-novurania/uQkKfLvdF5ZHAa3dwXBvTu
2026-09-18,cl-wZZS57uZQiTnFTVmpzrAJC,craigslist,2000 Sea Ray 290 Sundancer,29500,https://www.craigslist.org/view/d/san-diego-2000-sea-ray-290-sundancer/wZZS57uZQiTnFTVmpzrAJC
2026-09-18,cl-3oENgqWojRAp2VNqasYmRC,craigslist,20 foot boat four winns horizon 200 and tandem trailer,5500,https://www.craigslist.org/view/d/san-marcos-20-foot-boat-four-winns/3oENgqWojRAp2VNqasYmRC
2026-09-18,cl-gSELRbFDUhgwuBM4iSuqnB,craigslist,Warlock,25000,https://www.craigslist.org/view/d/el-cajon-warlock/gSELRbFDUhgwuBM4iSuqnB
2026-09-18,cl-d6RyfM1fdFY2FUnyfvEXfq,craigslist,1974 Ericson 32-2 Sailboat,7800,https://www.craigslist.org/view/d/san-diego-1974-ericson-32-sailboat/d6RyfM1fdFY2FUnyfvEXfq
2026-09-18,cl-3pX1JdUGgVNxHbm6ta8AaZ,craigslist,2001 Catalina 310 | 31ft,49900,https://www.craigslist.org/view/d/san-diego-2001-catalina-ft/3pX1JdUGgVNxHbm6ta8AaZ
2026-09-18,cl-mUkehVdqWkMbrVsmdMh2zf,craigslist,2020 Barletta C22QC. 150Mercury Powered,40000,https://www.craigslist.org/view/d/el-cajon-2020-barletta-c22qc-150mercury/mUkehVdqWkMbrVsmdMh2zf
2026-09-18,cl-vJUXbzWPvuoHEzsMzDjyUR,craigslist,Mercruiser Outdrive Bravo III  New Free Installation,7900,https://www.craigslist.org/view/d/marina-del-rey-mercruiser-outdrive/vJUXbzWPvuoHEzsMzDjyUR
2026-09-18,cl-4HuZJH6vGmc7PmJNjFjGhR,craigslist,26 Ft. Searay Fly Bridge in Great Condition,25500,https://www.craigslist.org/view/d/marina-del-rey-26-ft-searay-fly-bridge/4HuZJH6vGmc7PmJNjFjGhR
2026-09-18,cl-9i4gXKwJa4hNoThmKxJaga,craigslist,2010 SeaDoo With Trailer,5900,https://www.craigslist.org/view/d/marina-del-rey-2010-seadoo-with-trailer/9i4gXKwJa4hNoThmKxJaga
2026-09-18,cl-iKrWdwvv5maMY4Lyd2Yydo,craigslist,1997 Glastron  GS 185 SF,5900,https://www.craigslist.org/view/d/marina-del-rey-1997-glastron-gs-185-sf/iKrWdwvv5maMY4Lyd2Yydo
2026-09-18,cl-i3wscecgyJnCTnTJfw7TXz,craigslist,2000 Boston Whaler 23ft twin engines,17900,https://www.craigslist.org/view/d/san-diego-2000-boston-whaler-23ft-twin/i3wscecgyJnCTnTJfw7TXz
2026-09-18,cl-behhf96aAMXo9G7FhHdKJF,craigslist,23&#39; Air Nautique Wakeboarding Boat,27000,https://www.craigslist.org/view/d/san-diego-23-air-nautique-wakeboarding/behhf96aAMXo9G7FhHdKJF
2026-09-18,cl-hvXGnh3ahyJhGRXZRBxmX3,craigslist,21&#39; Dual Console Pleasure Craft,16888,https://www.craigslist.org/view/d/cardiff-by-the-sea-21-dual-console/hvXGnh3ahyJhGRXZRBxmX3
2026-09-18,cl-iKfKdUaK5PKpgp16DjZ8H5,craigslist,1994 26.5 Bayliner Sunbridge,6000,https://www.craigslist.org/view/d/jamul-bayliner-sunbridge/iKfKdUaK5PKpgp16DjZ8H5
2026-09-18,cl-prRfHaaSC5oqCJQSgsA9ej,craigslist,2006 Triumph 195CC,18250,https://www.craigslist.org/view/d/san-marcos-2006-triumph-195cc/prRfHaaSC5oqCJQSgsA9ej
2026-09-18,cl-6VyzyfCE1uwrRLZtLFFK3p,craigslist,C&amp;C 34 Sailboat,16000,https://www.craigslist.org/view/d/san-diego-cc-34-sailboat/6VyzyfCE1uwrRLZtLFFK3p
2026-09-18,cl-qPVSrkYokbtKXgYTgs9nCe,craigslist,1979 Skipjack 24ft.,8000,https://www.craigslist.org/view/d/felton-1979-skipjack-24ft/qPVSrkYokbtKXgYTgs9nCe
2026-09-18,cl-3VXLpR5qL94V5y1ZHkMJ3f,craigslist,1968 Bertram Bahia Mar 20 ft.,33000,https://www.craigslist.org/view/d/laguna-beach-1968-bertram-bahia-mar-20/3VXLpR5qL94V5y1ZHkMJ3f
2026-09-18,cl-v1rEHEb9RG2LMGJhNs6bik,craigslist,2020 Fluid 21 / 650,49000,https://www.craigslist.org/view/d/san-diego-2020-fluid/v1rEHEb9RG2LMGJhNs6bik
2026-09-18,cl-efTsgvu3KL1fW77smJVQb3,craigslist,2005 maxum 1900 SR,10000,https://www.craigslist.org/view/d/el-cajon-2005-maxum-1900-sr/efTsgvu3KL1fW77smJVQb3
2026-09-18,cl-nF7NNcveE3z4wG4M3PLdK2,craigslist,2005 maxum 1900 SR,10000,https://www.craigslist.org/view/d/el-cajon-2005-maxum-1900-sr/nF7NNcveE3z4wG4M3PLdK2
2026-09-18,cl-gL7z949YxPwHwQ9DE3FJVw,craigslist,2005 maxum 1900 SR,10000,https://www.craigslist.org/view/d/el-cajon-2005-maxum-1900-sr/gL7z949YxPwHwQ9DE3FJVw
2026-09-18,cl-txYDiiVkervT1BDTiHfY1d,craigslist,5 STAR OCEAN HOTEL New Motor !! &amp; Upholstery !!!,22998,https://www.craigslist.org/view/d/alpine-star-ocean-hotel-new-motor/txYDiiVkervT1BDTiHfY1d
2026-09-18,cl-da8SkNxjJuCJFe9R8rhsqU,craigslist,2004 33&#39; Donzi Center Console only 411 hours like new,49000,https://www.craigslist.org/view/d/san-diego-donzi-center-console-only-411/da8SkNxjJuCJFe9R8rhsqU
2026-09-18,cl-mVSxCmpHE1XEY6tH23ovmD,craigslist,SEARAY 330 SUNDANCER  PROJECT,15500,https://www.craigslist.org/view/d/flagstaff-searay-330-sundancer-project/mVSxCmpHE1XEY6tH23ovmD
2026-09-18,cl-6hab8iFmvy3Pfkfa9xubAj,craigslist,Ontario Etchells E22,3000,https://www.craigslist.org/view/d/newport-beach-ontario-etchells-e22/6hab8iFmvy3Pfkfa9xubAj
2026-09-18,cl-vTujdxKiA4twaDcLCB6t42,craigslist,1991 Mako 286 side console Diesels project TRADE,13000,https://www.craigslist.org/view/d/newport-beach-1991-mako-286-side/vTujdxKiA4twaDcLCB6t42
2026-09-18,cl-bYFGevATGY92QBZBZ7sQbh,craigslist,96’ Skeeter 180zx LOADED,16500,https://www.craigslist.org/view/d/santee-96-skeeter-180zx-loaded/bYFGevATGY92QBZBZ7sQbh
2026-09-18,cl-nENgaHAuSkR6xJFuoZXAzr,craigslist,1985 32&#39; Bayliner 3270,17500,https://www.craigslist.org/view/d/san-diego-bayliner-3270/nENgaHAuSkR6xJFuoZXAzr
2026-09-18,cl-nM6MXpet7LiYLrSh1HTC6B,craigslist,2009 NauticStar Tournament 2400 Evinrude ETEC 250hp 143 Hours 598712,24900,https://www.craigslist.org/view/d/chula-vista-2009-nauticstar-tournament/nM6MXpet7LiYLrSh1HTC6B
2026-09-18,cl-g7WM8UGNQjRoYAaet8Hu8s,craigslist,1996 FOUR WINNS HORIZON 220,7500,https://www.craigslist.org/view/d/calipatria-1996-four-winns-horizon-220/g7WM8UGNQjRoYAaet8Hu8s
2026-09-18,cl-pqE2txUckcW39B9MBK3Wi4,craigslist,2019 Yamaha AR240,37800,https://www.craigslist.org/view/d/los-angeles-2019-yamaha-ar240/pqE2txUckcW39B9MBK3Wi4
2026-09-18,cl-vtKQhhza38aDWWJ3n1BnXB,craigslist,"43 foot Chris craft Corinthian, fiberglass, bottom",9000,https://www.craigslist.org/view/d/san-diego-43-foot-chris-craft/vtKQhhza38aDWWJ3n1BnXB
2026-09-18,cl-4NhRkQgjXVpC3qrrku28R8,craigslist,Pair of Hobie Passport kayaks W/new trailer,3000,https://www.craigslist.org/view/d/vista-pair-of-hobie-passport-kayaks-new/4NhRkQgjXVpC3qrrku28R8
2026-09-18,cl-2Pez3KFVGFb76WQFd8uwKk,craigslist,16 FT BOSTON WHALER EXCELLENT CONDITION,7500,https://www.craigslist.org/view/d/huntington-beach-16-ft-boston-whaler/2Pez3KFVGFb76WQFd8uwKk
2026-09-18,cl-s7iN4mvB2U39p47Ug6xv6z,craigslist,16 FT BOSTON WHALER EXCELLENT CONDITION,7500,https://www.craigslist.org/view/d/huntington-beach-16-ft-boston-whaler/s7iN4mvB2U39p47Ug6xv6z
2026-09-18,cl-27j4g3Cmt5tRcYhBT7aoZH,craigslist,"2004 Novurania DL360 11&#39;6&quot; RIB Tender - Holds Air, Intact Steering - $",3000,https://www.craigslist.org/view/d/ramona-2004-novurania-dl-rib-tender/27j4g3Cmt5tRcYhBT7aoZH
2026-09-18,cl-7BgNpka9cKTr3QdcWH9FdB,craigslist,"1988 C&amp;C Landfall 39 “Gabriella” — USCG Documented, Rare Bluewater Cruiser",19000,https://www.craigslist.org/view/d/coronado-1988-cc-landfall-39-gabriella/7BgNpka9cKTr3QdcWH9FdB
2026-09-18,cl-vQGcABpF9bJ4tnBjktdFSR,craigslist,Trawler  Galaxy,59000,https://www.craigslist.org/view/d/national-city-trawler-galaxy/vQGcABpF9bJ4tnBjktdFSR
2026-09-18,cl-dpaSC6tAXa6VA8rvweNcvX,craigslist,2025 &#39;Customized&#39; Novurania DL550 &#39;RHIB&#39; — Yamaha 115 — Trailer Includ,44500,https://www.craigslist.org/view/d/san-diego-2025-customized-novurania/dpaSC6tAXa6VA8rvweNcvX
2026-09-18,cl-hM9gxdXLtbQnoi3uAT4QEE,craigslist,Beautiful Sailboat for Sale! Price reduced for quick sale,8500,https://www.craigslist.org/view/d/chula-vista-beautiful-sailboat-for-sale/hM9gxdXLtbQnoi3uAT4QEE
2026-09-18,cl-8wUGSvY2f4Pbp4LFHXgwa5,craigslist,Reduced! Live-aboard. Yacht SeaRay Express Cruiser 310 liveaboard boat.,47500,https://www.craigslist.org/view/d/san-diego-reduced-live-aboard-yacht/8wUGSvY2f4Pbp4LFHXgwa5
2026-09-18,cl-hjrUE8N5ZQsTrkbzeAnyy8,craigslist,*****2052 trophy ****,20000,https://www.craigslist.org/view/d/san-marcos-2052-trophy/hjrUE8N5ZQsTrkbzeAnyy8
2026-09-18,cl-ghKHY9xsrxeRyvTv2snSaF,craigslist,2003 JC Tritoon 266 – 300 HP MerCruiser – Only 116 Hours,26900,https://www.craigslist.org/view/d/fallbrook-2003-jc-tritoon-hp-mercruiser/ghKHY9xsrxeRyvTv2snSaF
2026-09-18,cl-51BaDtpy29K5b9PD6GyYVX,craigslist,15 Avon Center Console Fishing Boat w/Trailer Incl.,3499,https://www.craigslist.org/view/d/san-diego-15-avon-center-console/51BaDtpy29K5b9PD6GyYVX
2026-09-18,cl-hf2Gp3TaPxMzgwbcxxEVsH,craigslist,26’ Nor’Sea Pilot House Sloop,30000,https://www.craigslist.org/view/d/oxnard-26-norsea-pilot-house-sloop/hf2Gp3TaPxMzgwbcxxEVsH
2026-09-18,cl-95HmNhozqXHsH1y9AkiCKY,craigslist,Crescent Cres-Craft Micro Skiff w/ 6 HP Mercury Outboard – Complete Fi,3800,https://www.craigslist.org/view/d/oceanside-crescent-cres-craft-micro/95HmNhozqXHsH1y9AkiCKY
2026-09-18,cl-3rdKTe5oXnNTAnsZ3gDsXZ,craigslist,"Trismus 38 sailboat -priced to sell, obo",5000,https://www.craigslist.org/view/d/santa-barbara-trismus-38-sailboat/3rdKTe5oXnNTAnsZ3gDsXZ
2026-09-18,cl-mYSguJ1FuaqbqMkw2R5j8j,craigslist,"32&#39; Camper &amp; Nicholson sailboat, located in Mexico",18000,https://www.craigslist.org/view/d/san-diego-32-camper-nicholson-sailboat/mYSguJ1FuaqbqMkw2R5j8j
2026-09-18,cl-i425QFXjMo2HDQwURT4dtw,craigslist,1992 Grady White Seafarer 228,32000,https://www.craigslist.org/view/d/alpine-1992-grady-white-seafarer-228/i425QFXjMo2HDQwURT4dtw
2026-09-18,cl-gRSxpK6asTs7hYQWHbanPK,craigslist,"Farallon 27 Whaleback Project - $40,000",40000,https://www.craigslist.org/view/d/san-diego-farallon-27-whaleback-project/gRSxpK6asTs7hYQWHbanPK
2026-09-18,cl-7qx4wFJFUHc9i9muytVenM,craigslist,"Hobie Mirage Pro Angler 14 Kayak, Turbo Fins, excellent condition",3000,https://www.craigslist.org/view/d/san-diego-hobie-mirage-pro-angler-14/7qx4wFJFUHc9i9muytVenM
2026-09-18,cl-9Mq4X4awhs84nBtsaen1wg,craigslist,2016 17ft Center Console Panga,6600,https://www.craigslist.org/view/d/carlsbad-ft-center-console-panga/9Mq4X4awhs84nBtsaen1wg
2026-09-18,cl-3xQRUmAJqa9Mw6z1HJod7p,craigslist,31’ Scarab,30000,https://www.craigslist.org/view/d/lake-havasu-city-31-scarab/3xQRUmAJqa9Mw6z1HJod7p
2026-09-18,cl-vMWDrb9SMBDkWRjBB7sA3K,craigslist,25 Foot Coronado Sailboat and Trailer,3500,https://www.craigslist.org/view/d/auberry-25-foot-coronado-sailboat-and/vMWDrb9SMBDkWRjBB7sA3K
2026-09-18,cl-4aNonM4H8uPHRJkFnSSrV8,craigslist,17ft Morley Canoe with bow inlays,6500,https://www.craigslist.org/view/d/woodlake-17ft-morley-canoe-with-bow/4aNonM4H8uPHRJkFnSSrV8
2026-09-18,cl-wzRhp5eHLB9zdS9PmoCQGE,craigslist,‘95 Ski Nautique,12900,https://www.craigslist.org/view/d/escondido-95-ski-nautique/wzRhp5eHLB9zdS9PmoCQGE
2026-09-18,cl-4syWE49gxrf5iG6tniwAs2,craigslist,Boston Whaler 13&#39; - 1980,5900,https://www.craigslist.org/view/d/imperial-beach-boston-whaler/4syWE49gxrf5iG6tniwAs2
2026-09-18,cl-6X4zDmJ2QXnKnZi1fGUoyc,craigslist,1990 Cabo Cuddycon 226,34000,https://www.craigslist.org/view/d/san-diego-1990-cabo-cuddycon-226/6X4zDmJ2QXnKnZi1fGUoyc
2026-09-18,cl-72yDZ8PTeN7LCE2JiGM5kC,craigslist,2004 21’ Chapparral boat,12000,https://www.craigslist.org/view/d/san-marcos-chapparral-boat/72yDZ8PTeN7LCE2JiGM5kC
2026-09-18,cl-35mo8TZrq2ZxmcXg6VSxo6,craigslist,2530 Parker fully turn key,45000,https://www.craigslist.org/view/d/san-diego-2530-parker-fully-turn-key/35mo8TZrq2ZxmcXg6VSxo6
2026-09-18,cl-cMcCusk1AoVFqbZMDvw7qi,craigslist,1995 Bayliner 24ft,5600,https://www.craigslist.org/view/d/alpine-1995-bayliner-24ft/cMcCusk1AoVFqbZMDvw7qi
2026-09-18,cl-9EFUZ7Nh6mMesnsCL5x2dX,craigslist,2004 Sea Doo RXP,14995,https://www.craigslist.org/view/d/san-diego-2004-sea-doo-rxp/9EFUZ7Nh6mMesnsCL5x2dX
2026-09-18,cl-2Afvwntf9RVb1QZHiQjRZb,craigslist,Yamaha ex waverunner,4750,https://www.craigslist.org/view/d/san-diego-yamaha-ex-waverunner/2Afvwntf9RVb1QZHiQjRZb
2026-09-18,cl-2vBQjpWuLzNTMZ6EVMYSjN,craigslist,2000 Skipjack 262 Flybridge w/Yanmar 315hp diesel &amp; Trailer,59900,https://www.craigslist.org/view/d/san-diego-2000-skipjack-262-flybridge/2vBQjpWuLzNTMZ6EVMYSjN
2026-09-18,cl-6REqwo9cXhgYYk4bcFpJ8W,craigslist,1998 four winns horizon,8500,https://www.craigslist.org/view/d/yuma-1998-four-winns-horizon/6REqwo9cXhgYYk4bcFpJ8W
2026-09-18,cl-4DVdAxx8oaVzbuh5iuaeAs,craigslist,PANGA,5800,https://www.craigslist.org/view/d/chula-vista-panga/4DVdAxx8oaVzbuh5iuaeAs
2026-09-18,cl-tErbpYS8sa3N3xy542uYLm,craigslist,DONZI MARINE  454 merc Cruiser W/TRLR,19500,https://www.craigslist.org/view/d/campo-donzi-marine-454-merc-cruiser-trlr/tErbpYS8sa3N3xy542uYLm
2026-09-18,cl-7GAiKaAF453YFbVaeE6ig8,craigslist,DONZI MARINE,19500,https://www.craigslist.org/view/d/san-diego-donzi-marine/7GAiKaAF453YFbVaeE6ig8
2026-09-18,cl-e5jgUzE22JEd8kfnNDAEAx,craigslist,Bayliner 2655 w/ Trailer,25000,https://www.craigslist.org/view/d/santee-bayliner-2655-trailer/e5jgUzE22JEd8kfnNDAEAx
2026-09-18,cl-1QrXcbPe75ASPsWwJecnxC,craigslist,1995 PARKER MARINE CUSTOM PILOT HOUSE 25,60000,https://www.craigslist.org/view/d/oceanside-1995-parker-marine-custom/1QrXcbPe75ASPsWwJecnxC
2026-09-18,cl-1QbHuThAon9E6NdGoymgmK,craigslist,40 x 14 Key West #1 hull boat with QSC490hp has new 350 gallons fuel,11000,https://www.craigslist.org/view/d/temecula-40-14-key-west-hull-boat-with/1QbHuThAon9E6NdGoymgmK
2026-09-18,cl-32DQV7avwdEK1cWZhUSXYr,craigslist,Price Reduction on Hunter 54 Sailboat,39500,https://www.craigslist.org/view/d/newport-beach-price-reduction-on-hunter/32DQV7avwdEK1cWZhUSXYr
2026-09-18,cl-s2Kje7hoRvt8Xj9n4yCanA,craigslist,1987 Catalina 30,15000,https://www.craigslist.org/view/d/san-diego-1987-catalina-30/s2Kje7hoRvt8Xj9n4yCanA
2026-09-18,cl-qav7YGGNcYuYzN6jxCw7mZ,craigslist,Skipjack,4500,https://www.craigslist.org/view/d/alpine-skipjack/qav7YGGNcYuYzN6jxCw7mZ
2026-09-18,cl-xzQeZUt4hDrFhnyCxvN8nh,craigslist,Suntracker 2025 Bass Buggy 18DLX for sale,32500,https://www.craigslist.org/view/d/alpine-suntracker-2025-bass-buggy-18dlx/xzQeZUt4hDrFhnyCxvN8nh
2026-09-18,cl-ujqmQSQgTZgzZ8SbKxNcpq,craigslist,2005 Seadoo Challenger 180,10000,https://www.craigslist.org/view/d/san-diego-2005-seadoo-challenger-180/ujqmQSQgTZgzZ8SbKxNcpq
2026-09-18,cl-qjVS9PWZaP8DX5d5oZ7MKi,craigslist,OLD TOWN BIGWATER 132 KAYAK,3300,https://www.craigslist.org/view/d/el-cajon-old-town-bigwater-132-kayak/qjVS9PWZaP8DX5d5oZ7MKi
2026-09-18,cl-jSFVfhroxgjhcp6LpgfL8n,craigslist,27&#39; BOAT**Huge Price Drop**DEAL!,3000,https://www.craigslist.org/view/d/boulevard-27-boathuge-price-dropdeal/jSFVfhroxgjhcp6LpgfL8n
2026-09-18,cl-474aMQ8TYy1wKTEiW5rTyF,craigslist,SAILBOAT TRAILER,4800,https://www.craigslist.org/view/d/chula-vista-sailboat-trailer/474aMQ8TYy1wKTEiW5rTyF
2026-09-18,cl-n48fJ7sV39Ek5czeE5pmLo,craigslist,PANGA,5800,https://www.craigslist.org/view/d/chula-vista-panga/n48fJ7sV39Ek5czeE5pmLo
2026-09-18,cl-1D3swX21CYtNRZqY4tgN2y,craigslist,Maxum 1800 Wakeboard Boat,9888,https://www.craigslist.org/view/d/san-diego-maxum-1800-wakeboard-boat/1D3swX21CYtNRZqY4tgN2y
2026-09-18,cl-iZhvkAvicfhdiX8DLBEXUA,craigslist,1979 jet boat,5500,https://www.craigslist.org/view/d/santee-1979-jet-boat/iZhvkAvicfhdiX8DLBEXUA
2026-09-18,cl-v1CazgEEQQ9pRvjvYTXwZt,craigslist,Wakeboard boat Malibu,12000,https://www.craigslist.org/view/d/san-diego-wakeboard-boat-malibu/v1CazgEEQQ9pRvjvYTXwZt
2026-09-18,cl-v4U122USgFyUuwpMd1HH7B,craigslist,24 ft Pontoon Houseboat + Trailer with honda 130 hp outboard motor,6995,https://www.craigslist.org/view/d/bonsall-24-ft-pontoon-houseboat-trailer/v4U122USgFyUuwpMd1HH7B
2026-09-18,cl-jaFZXZtM3QKJ3VYqToo4pB,craigslist,1997 CRUISERS YATCHS 3570 EXPRESS,48500,https://www.craigslist.org/view/d/san-diego-1997-cruisers-yatchs-3570/jaFZXZtM3QKJ3VYqToo4pB
2026-09-18,cl-uxPvPfAcrZ4uqv9V77Hhun,craigslist,Twin diesel live abord,49000,https://www.craigslist.org/view/d/brisbane-twin-diesel-live-abord/uxPvPfAcrZ4uqv9V77Hhun
2026-09-18,cl-rMHyxzGDE7BTiUNwFuWzvK,craigslist,Baja Bayrunner Valco Klamath 16 foot aluminum fishing  boat,3993,https://www.craigslist.org/view/d/san-diego-baja-bayrunner-valco-klamath/rMHyxzGDE7BTiUNwFuWzvK
2026-09-18,cl-7XP3fKgCTyiwqXSRHcrPSj,craigslist,Ranger 33’ Sailboat,10000,https://www.craigslist.org/view/d/san-diego-ranger-33-sailboat/7XP3fKgCTyiwqXSRHcrPSj
2026-09-18,cl-tBvTb69nMgggrXu5d1QiAH,craigslist,1992 Chaparral,12000,https://www.craigslist.org/view/d/bonsall-1992-chaparral/tBvTb69nMgggrXu5d1QiAH
2026-09-18,cl-iuHLsTrkN6Pze25ENNxi5C,craigslist,Brewer 45 Ketch Crystal Wind,45000,https://www.craigslist.org/view/d/san-diego-brewer-45-ketch-crystal-wind/iuHLsTrkN6Pze25ENNxi5C
2026-09-18,cl-4JchyW3mgrFRgTP6E7UKY2,craigslist,Catalina 27,12000,https://www.craigslist.org/view/d/san-diego-catalina-27/4JchyW3mgrFRgTP6E7UKY2
2026-09-18,cl-4smJaoMPHsbzmvAzU1AKSU,craigslist,"2024 Mako Pro Skiff 13 – Mercury 25HP – 100 HOURS – $16,000",16000,https://www.craigslist.org/view/d/san-diego-2024-mako-pro-skiff-13/4smJaoMPHsbzmvAzU1AKSU
2026-09-18,cl-jGdFC5MrDtxj2ANFMRTgSV,craigslist,Sailboat (share),4000,https://www.craigslist.org/view/d/san-diego-sailboat-share/jGdFC5MrDtxj2ANFMRTgSV
2026-09-18,cl-bK4NLh5HbR4FyAeGha9Byv,craigslist,1993 Godfrey Hurricane 226 FunDeck Deck Boat With 2018 Tohatsu 115,8450,https://www.craigslist.org/view/d/san-diego-1993-godfrey-hurricane-226/bK4NLh5HbR4FyAeGha9Byv
2026-09-18,cl-iBZhRzUPGUMJ8YyGs4f6dF,craigslist,1989 Troller 17’ Center Console w 2014 Mercury 90 EFI Low Hours,8750,https://www.craigslist.org/view/d/san-diego-1989-troller-17-center/iBZhRzUPGUMJ8YyGs4f6dF
2026-09-18,cl-geXBNUVwngpjmCDzX8XHCM,craigslist,1980 28&quot; Oday Sailboat,7000,https://www.craigslist.org/view/d/san-diego-oday-sailboat/geXBNUVwngpjmCDzX8XHCM
2026-09-18,cl-aFkjPuq9LiceHMuQMRZZn8,craigslist,Cash For Your Boat Today!,10000,https://www.craigslist.org/view/d/san-diego-cash-for-your-boat-today/aFkjPuq9LiceHMuQMRZZn8
2026-09-18,cl-jSctNPi3zb4h92CSPZY7cM,craigslist,Baja Bayrunner Valco Klamath aluminum boat,3793,https://www.craigslist.org/view/d/san-diego-baja-bayrunner-valco-klamath/jSctNPi3zb4h92CSPZY7cM
2026-09-18,cl-c17CWNXNiGAARKQ1Sz91CN,craigslist,Glastron GX18 Yamaha F115,7500,https://www.craigslist.org/view/d/escondido-glastron-gx18-yamaha-f115/c17CWNXNiGAARKQ1Sz91CN
2026-09-18,cl-oH3yyTAwZfbBqYEBq71yec,craigslist,2005 Glastron GX18  + Yamaha F115  + Galvanized trailer,7500,https://www.craigslist.org/view/d/escondido-2005-glastron-gx18-yamaha/oH3yyTAwZfbBqYEBq71yec
2026-09-18,cl-uUx7DNPJrEa4NxTUJCJ3Sj,craigslist,One of a kind speed boat,3500,https://www.craigslist.org/view/d/encinitas-one-of-kind-speed-boat/uUx7DNPJrEa4NxTUJCJ3Sj
2026-09-18,cl-s9CmJLHUh7BaeirtTfBe2S,craigslist,26&#39; Anacapri Diesel,12000,https://www.craigslist.org/view/d/escondido-26-anacapri-diesel/s9CmJLHUh7BaeirtTfBe2S
2026-09-18,cl-khHwDgomxLWw8tADSdzqqS,craigslist,2012 skeeter zx 21,35500,https://www.craigslist.org/view/d/riverside-2012-skeeter-zx-21/khHwDgomxLWw8tADSdzqqS
2026-09-18,cl-oiDL3TQYQDFY5KecDtMPWs,craigslist,Boat striper 2150 2hrs on engine,8900,https://www.craigslist.org/view/d/lemon-grove-boat-striper-hrs-on-engine/oiDL3TQYQDFY5KecDtMPWs
2026-09-18,cl-fQkZxfs3c8fED8eQbsSA5f,craigslist,"Smitty ATC Marine- Best prices ($5K off) Suzuki&#39;s - DF200ATX - $16,890",16890,https://www.craigslist.org/view/d/jamul-smitty-atc-marine-best-prices-5k/fQkZxfs3c8fED8eQbsSA5f
2026-09-18,cl-myfPUMYRTkPd7Yc6XGxGCM,craigslist,Ranger 188 VX 2010 Bass Boat Yamaha 150 HP Four Stroke 128 Hours,15250,https://www.craigslist.org/view/d/san-diego-ranger-188-vx-2010-bass-boat/myfPUMYRTkPd7Yc6XGxGCM
2026-09-18,cl-3WQCJkLmVhYpptEuQUSxWL,craigslist,1994 Yamaha Superjet FX-1,4500,https://www.craigslist.org/view/d/el-cajon-1994-yamaha-superjet-fx/3WQCJkLmVhYpptEuQUSxWL
2026-09-18,cl-cSYg8GRvJg4cUwkh8RiLGR,craigslist,Windrider 17 Trimaran,7500,https://www.craigslist.org/view/d/national-city-windrider-17-trimaran/cSYg8GRvJg4cUwkh8RiLGR
2026-09-18,cl-w9rUFN3mdJwHCLjhFdDq2z,craigslist,1982 Kings Legend 41,35000,https://www.craigslist.org/view/d/national-city-1982-kings-legend-41/w9rUFN3mdJwHCLjhFdDq2z
2026-09-18,cl-aEn5cnQ5qfMD1jav6ttyHz,craigslist,Suzuki 115,8500,https://www.craigslist.org/view/d/san-diego-suzuki-115/aEn5cnQ5qfMD1jav6ttyHz
2026-09-18,cl-r23pdLsgnpH5gaqvMcewjR,craigslist,21&#39; Sea Ray Bow Rider,7900,https://www.craigslist.org/view/d/el-cajon-21-sea-ray-bow-rider/r23pdLsgnpH5gaqvMcewjR
2026-09-18,cl-1Uzj9hub7QvAJXBiCQ8BDi,craigslist,2023 Mercury 250 V8 PRO,18500,https://www.craigslist.org/view/d/san-diego-2023-mercury-250-v8-pro/1Uzj9hub7QvAJXBiCQ8BDi
2026-09-18,cl-jitSp4AA2Jx4CBY6h3ALC3,craigslist,Diesel Albin,35000,https://www.craigslist.org/view/d/san-diego-diesel-albin/jitSp4AA2Jx4CBY6h3ALC3
2026-09-18,cl-cRwsJGW7VPPAvyWUv1a78p,craigslist,Proline 2610  WA,32000,https://www.craigslist.org/view/d/san-diego-proline-2610-wa/cRwsJGW7VPPAvyWUv1a78p
2026-09-18,cl-2GpXF5vXApPMtY3gUneq1C,craigslist,Hypalon Roll up,4700,https://www.craigslist.org/view/d/san-diego-hypalon-roll-up/2GpXF5vXApPMtY3gUneq1C
2026-09-18,cl-jDhHPTWom9sW6BvrDrxpVr,craigslist,Foiling Cat RIB  21ft,30995,https://www.craigslist.org/view/d/san-diego-foiling-cat-rib-21ft/jDhHPTWom9sW6BvrDrxpVr
2026-09-18,cl-kFFEm4YXJw6QyiYMhGHF1X,craigslist,"Brand New Jet Ski, never used, 2021 Yamaha WaveRunner EX Sport",7900,https://www.craigslist.org/view/d/el-cajon-brand-new-jet-ski-never-used/kFFEm4YXJw6QyiYMhGHF1X
2026-09-18,cl-6KDbSbJV9YWesqdBnsGFh5,craigslist,hunter 340,42900,https://www.craigslist.org/view/d/san-diego-hunter-340/6KDbSbJV9YWesqdBnsGFh5
2026-09-18,cl-xeLEcwfGS8eRMfzcum4C2M,craigslist,2003 Bayliner 285 with new long block,26900,https://www.craigslist.org/view/d/san-diego-2003-bayliner-285-with-new/xeLEcwfGS8eRMfzcum4C2M
2026-09-18,cl-p61mvrKYvatmEfNLju2pvE,craigslist,1996 Maxum Ski Wake Boat,4500,https://www.craigslist.org/view/d/carlsbad-1996-maxum-ski-wake-boat/p61mvrKYvatmEfNLju2pvE
2026-09-18,cl-7vpXegH9eRtJWgyUropJDN,craigslist,2000 Regal Commodore 2765 – Engines Rebuilt – New Outdrives in 2024,35000,https://www.craigslist.org/view/d/san-diego-2000-regal-commodore-engines/7vpXegH9eRtJWgyUropJDN
2026-09-18,cl-cTd5W9K59AtyNJPbiJF6BL,craigslist,Power Boat by Mariah,6950,https://www.craigslist.org/view/d/san-diego-power-boat-by-mariah/cTd5W9K59AtyNJPbiJF6BL
2026-09-18,cl-1FddqHKb1tcwFmEmjWDHAX,craigslist,1999 Sea Ray 290 Sundancer,10800,https://www.craigslist.org/view/d/san-diego-1999-sea-ray-290-sundancer/1FddqHKb1tcwFmEmjWDHAX
2026-09-18,cl-droSqZ6pE58Tg6AVPyk3v8,craigslist,"1978 Islander Freeport 36 – “Grateful Heart” – Ensenada, MX",29900,https://www.craigslist.org/view/d/san-diego-1978-islander-freeport-36/droSqZ6pE58Tg6AVPyk3v8
2026-09-18,cl-amS51dn74dYXirXfiTb97q,craigslist,America&#39;s Cup Veteran 1984 Newport 30 sailboat,6000,https://www.craigslist.org/view/d/san-diego-americas-cup-veteran-1984/amS51dn74dYXirXfiTb97q
2026-09-18,cl-2ntQkk5KYoPTCyc62x4xcU,craigslist,18&#39; Starcraft (All American Super Sport),4000,https://www.craigslist.org/view/d/el-cajon-18-starcraft-all-american/2ntQkk5KYoPTCyc62x4xcU
2026-09-18,cl-6WCc6ggUwiBoXubjQobAZx,craigslist,26 M MacGregor Motor sailer 2004,21000,https://www.craigslist.org/view/d/menifee-26-macgregor-motor-sailer-2004/6WCc6ggUwiBoXubjQobAZx
2026-09-18,cl-pqcet88C8o4xPya1v1wGCB,craigslist,1990 Centurion Falcon Barefoot,6800,https://www.craigslist.org/view/d/san-diego-1990-centurion-falcon-barefoot/pqcet88C8o4xPya1v1wGCB
2026-09-18,cl-4FBsFdtJUUx3yctZ6CDx5U,craigslist,Exceptionally clean– 2001 REGAL 2960 COMMODORE – TWIN VOLVO 5.0 GXi – TRIP,36800,https://www.craigslist.org/view/d/san-diego-exceptionally-clean-2001/4FBsFdtJUUx3yctZ6CDx5U
2026-09-18,cl-994ucV7P59nAXwxLCv9c21,craigslist,18’ Bayliner,3500,https://www.craigslist.org/view/d/spring-valley-18-bayliner/994ucV7P59nAXwxLCv9c21
2026-09-18,cl-ktRhokeQMUbgqPUD2kDVj5,craigslist,27 FOOT BLACKMAN CLONE WITH 3 AXLE TRAILER,14500,https://www.craigslist.org/view/d/jamul-27-foot-blackman-clone-with-axle/ktRhokeQMUbgqPUD2kDVj5
2026-09-18,cl-rfxXuVKuuRq2uYy1nfNbDv,craigslist,Westsail 43’ sailboat,36000,https://www.craigslist.org/view/d/san-diego-westsail-43-sailboat/rfxXuVKuuRq2uYy1nfNbDv
2026-09-18,cl-eKau7rXgRirduJ8DbHqjNa,craigslist,1998 26’ Monterey 262 Family Cruiser,11900,https://www.craigslist.org/view/d/san-diego-monterey-262-family-cruiser/eKau7rXgRirduJ8DbHqjNa
2026-09-18,cl-pDRURkx56t9XcHq1cdVP7R,craigslist,Sailboat Santana 30,4500,https://www.craigslist.org/view/d/san-diego-sailboat-santana-30/pDRURkx56t9XcHq1cdVP7R
2026-09-18,cl-nvSfQhCX43k8cTpF9Ddz7a,craigslist,38 ft Mediterranean,35000,https://www.craigslist.org/view/d/chula-vista-38-ft-mediterranean/nvSfQhCX43k8cTpF9Ddz7a
2026-09-18,cl-te5zFQndaVkBqireUfwSiV,craigslist,James Bond Dinghy,3500,https://www.craigslist.org/view/d/san-diego-james-bond-dinghy/te5zFQndaVkBqireUfwSiV
2026-09-18,cl-ft1DYfdKSuZ9oqqC74aJYk,craigslist,1985 24ft skipjack flybridge,10500,https://www.craigslist.org/view/d/el-cajon-ft-skipjack-flybridge/ft1DYfdKSuZ9oqqC74aJYk
2026-09-18,cl-qzcGoPo9vKYapMvdK9KNCy,craigslist,Lido 14 Sailboat and trailer,3000,https://www.craigslist.org/view/d/fallbrook-lido-14-sailboat-and-trailer/qzcGoPo9vKYapMvdK9KNCy
2026-09-18,cl-5NxA8CSq7QTYYT3vC8bzcH,craigslist,Macgregor 26s sailboat,5200,https://www.craigslist.org/view/d/san-diego-macgregor-26s-sailboat/5NxA8CSq7QTYYT3vC8bzcH
2026-09-18,cl-dZX8woBMZTdk4sj4tkPWP5,craigslist,2000 Rinker Fiesta Vee 266,60000,https://www.craigslist.org/view/d/phoenix-2000-rinker-fiesta-vee-266/dZX8woBMZTdk4sj4tkPWP5
2026-09-18,cl-gzoTcLC1bjLD4W3Z6JrhZP,craigslist,2005 Sea Ray Sundeck 220 - Ready for Fun on the Water!,15000,https://www.craigslist.org/view/d/san-diego-2005-sea-ray-sundeck-ready/gzoTcLC1bjLD4W3Z6JrhZP
2026-09-18,cl-cqU4QGtPgcxFZwp3Haz846,craigslist,1978 Marine Trader Tradewinds,36000,https://www.craigslist.org/view/d/ventura-1978-marine-trader-tradewinds/cqU4QGtPgcxFZwp3Haz846
2026-09-18,cl-jdbkz2KZLzfBvdqUujfqi6,craigslist,"Boston Whaler — Power, Fish, Sail, Haul! Legendary Whaler Versatil",3000,https://www.craigslist.org/view/d/la-jolla-boston-whaler-power-fish-sail/jdbkz2KZLzfBvdqUujfqi6
2026-09-18,cl-aGhZcTVfFmCrVcvFywrhHU,craigslist,1997 Larson 290 Cabrio,12000,https://www.craigslist.org/view/d/san-diego-1997-larson-290-cabrio/aGhZcTVfFmCrVcvFywrhHU
2026-09-18,cl-gBGagmoPNbJwn4rsucEYo4,craigslist,1985 Californian 35 Motor Yacht Aft Cabin,49900,https://www.craigslist.org/view/d/san-diego-1985-californian-35-motor/gBGagmoPNbJwn4rsucEYo4
2026-09-18,cl-rovrL23JgqsPsndLYrzv4c,craigslist,Spindrift,49000,https://www.craigslist.org/view/d/national-city-spindrift/rovrL23JgqsPsndLYrzv4c
2026-09-18,cl-pBCbjT5zCFqPxPUJFQhR48,craigslist,Sailboat Hunter,6000,https://www.craigslist.org/view/d/national-city-sailboat-hunter/pBCbjT5zCFqPxPUJFQhR48
2026-09-18,cl-pzSrG5cSMLNqWJZJUFbE96,craigslist,Hobie Pro Angler 12 w/trailer,3200,https://www.craigslist.org/view/d/vista-hobie-pro-angler-12-trailer/pzSrG5cSMLNqWJZJUFbE96
2026-09-18,cl-itwrThSLqKbwYVuXienypi,craigslist,2002 Stamas 250 Tarpon Runabout Sportfishing Boat,36000,https://www.craigslist.org/view/d/rialto-2002-stamas-250-tarpon-runabout/itwrThSLqKbwYVuXienypi
2026-09-18,cl-5Kz4AWxqhTemgiuazPyhzV,craigslist,1998 Albemarle 280 Express Fisherman w/twin Yanmar diesel,55000,https://www.craigslist.org/view/d/san-diego-1998-albemarle-280-express/5Kz4AWxqhTemgiuazPyhzV
2026-09-18,cl-23TeCqFTQFCB5i7EGDBZYr,craigslist,Novurania DL 360 w/ Trailer – 11’10” ft. Inflatable Dinghy,16500,https://www.craigslist.org/view/d/san-diego-novurania-dl-360-trailer-ft/23TeCqFTQFCB5i7EGDBZYr
2026-09-18,cl-sPBKJQBsyLBCqjBhyhyuGk,craigslist,2000 19&#39; Bayliner Inboard/Outdrive,7000,https://www.craigslist.org/view/d/poway-bayliner-inboard-outdrive/sPBKJQBsyLBCqjBhyhyuGk
2026-09-18,cl-3QC3fkq2FEjtL96nRHfpgN,craigslist,Cabo Rico 38 Blue Water Sailboat,50000,https://www.craigslist.org/view/d/waldport-cabo-rico-38-blue-water/3QC3fkq2FEjtL96nRHfpgN
2026-09-18,cl-qdDdyfC8HUS5U5nJ6jFDT3,craigslist,2011 Monterey 180 FS,14800,https://www.craigslist.org/view/d/san-diego-2011-monterey-180-fs/qdDdyfC8HUS5U5nJ6jFDT3
2026-09-18,cl-2RCoLtprL2eGD337zea6r8,craigslist,Ericson 25+,4000,https://www.craigslist.org/view/d/san-diego-ericson-25/2RCoLtprL2eGD337zea6r8
2026-09-18,cl-uHRZnBgaXiVCSenWJ66gVn,craigslist,"Waiverunner XL1200, Kawaski STX 12F + Double trailer",6900,https://www.craigslist.org/view/d/el-cajon-waiverunner-xl1200-kawaski-stx/uHRZnBgaXiVCSenWJ66gVn
2026-09-18,cl-pKdX4Y4kRBnh91Ki4Jfc1J,craigslist,2024 Sea-Doo Personal Water Craft with Trailer,18500,https://www.craigslist.org/view/d/el-cajon-2024-sea-doo-personal-water/pKdX4Y4kRBnh91Ki4Jfc1J
2026-09-18,cl-vhMgxqfq4Jc1Qjkenyr59q,craigslist,"2002 fiberglass, pleasure, runabout light new made by california. Cool",7500,https://www.craigslist.org/view/d/el-cajon-2002-fiberglass-pleasure/vhMgxqfq4Jc1Qjkenyr59q
2026-09-18,cl-ojrEY65hBHvaGyRrDZtYHA,craigslist,2012 suntracker 24DLX,14900,https://www.craigslist.org/view/d/escondido-2012-suntracker-24dlx/ojrEY65hBHvaGyRrDZtYHA
2026-09-18,cl-vnFfJc2hr98VppCEbEoLJj,craigslist,Laser 28 in Oceanside Harbor PRICE DROP,19000,https://www.craigslist.org/view/d/oceanside-laser-28-in-oceanside-harbor/vnFfJc2hr98VppCEbEoLJj
2026-09-18,cl-re54zmn3Tx4cEMSn8Ekda4,craigslist,2021 KenCraft Center Console,54900,https://www.craigslist.org/view/d/corona-2021-kencraft-center-console/re54zmn3Tx4cEMSn8Ekda4
2026-09-18,cl-stFD8N9UANyerBvQ24WRJg,craigslist,2005 Gregor Super Seahawk,5800,https://www.craigslist.org/view/d/temecula-2005-gregor-super-seahawk/stFD8N9UANyerBvQ24WRJg
2026-09-18,cl-6WKsSVDyEDwyadVzLRt77g,craigslist,23 foot - Fishing - Boat - Tuna,17500,https://www.craigslist.org/view/d/oceanside-23-foot-fishing-boat-tuna/6WKsSVDyEDwyadVzLRt77g
2026-09-18,cl-5Xd6DwnJRwNJGc3rviLmTC,craigslist,1995 Sea Ray 180 Signature,4500,https://www.craigslist.org/view/d/lemon-grove-1995-sea-ray-180-signature/5Xd6DwnJRwNJGc3rviLmTC
2026-09-18,cl-6CWvAGWQdcgnFQDXPGNuEo,craigslist,CENTER CONSOL BOAT,17000,https://www.craigslist.org/view/d/vista-center-consol-boat/6CWvAGWQdcgnFQDXPGNuEo
2026-09-18,cl-wAWx8t9e4UaRbUJqHu9EHr,craigslist,"REDUCED: 2022 Avid 21&#39;  Welded Alum. CC Bay Boat, Yamaha 150hp.",38200,https://www.craigslist.org/view/d/vista-reduced-2022-avid-21-welded-alum/wAWx8t9e4UaRbUJqHu9EHr
2026-09-18,cl-bwg21ycEvSiv4FrTg9qvcG,craigslist,2008 Bayliner 285 Cruiser w/MerCrusier 350 MAG,37900,https://www.craigslist.org/view/d/san-diego-2008-bayliner-285-cruiser/bwg21ycEvSiv4FrTg9qvcG
2026-09-18,cl-mg8WMkDZibzGc1SEvpndSp,craigslist,BEST DEAL !2002 17ft center console yamaha 4 stroke NICE!,8500,https://www.craigslist.org/view/d/san-diego-best-deal-ft-center-console/mg8WMkDZibzGc1SEvpndSp
2026-09-18,cl-2Fi7YupbFnmBYB845wjMQ6,craigslist,2004 CHAPARRAL 310 SIGNATURE,20000,https://www.craigslist.org/view/d/san-diego-2004-chaparral-310-signature/2Fi7YupbFnmBYB845wjMQ6
2026-09-18,cl-2UXaEjcSdoTvnhV4mfTZYp,craigslist,2001 Chaparral 196SSI in excellent condition with only 100 hours,6900,https://www.craigslist.org/view/d/encinitas-2001-chaparral-196ssi-in/2UXaEjcSdoTvnhV4mfTZYp
2026-09-18,cl-6weL3o9NJNSa7AmvWrZ5rR,craigslist,2014 Custom 38&#39; Catamaran - Fresh Bottom Paint - OBO,34000,https://www.craigslist.org/view/d/chula-vista-2014-custom-38-catamaran/6weL3o9NJNSa7AmvWrZ5rR
2026-09-18,cl-sgYMfoHVtodPvKSXoU9okV,craigslist,2008 Four Winns 310 Horizon twin Mercrusier 350 MAG on a Hydro Hoist,59999,https://www.craigslist.org/view/d/san-diego-2008-four-winns-310-horizon/sgYMfoHVtodPvKSXoU9okV
2026-09-18,cl-beYFYuDQHsNYUqsrj6dHka,craigslist,2003 Seaswirl Striper 2601,31000,https://www.craigslist.org/view/d/carlsbad-2003-seaswirl-striper-2601/beYFYuDQHsNYUqsrj6dHka
2026-09-18,cl-x1JBuDyKS995HRax59wFjm,craigslist,Boat for Sale (19ft Maxum Bowrider) Wakeboarding Speedboar,7100,https://www.craigslist.org/view/d/escondido-boat-for-sale-19ft-maxum/x1JBuDyKS995HRax59wFjm
2026-09-18,cl-wnso3g6frSZmxbr8iR2GGJ,craigslist,1972 Boston whaler sport 13ft,7950,https://www.craigslist.org/view/d/san-diego-1972-boston-whaler-sport-13ft/wnso3g6frSZmxbr8iR2GGJ
2026-09-18,cl-6jQ3cWDVgeQyJtGxWyGu1K,craigslist,2003 Regal Commodore 2465,31500,https://www.craigslist.org/view/d/orange-2003-regal-commodore-2465/6jQ3cWDVgeQyJtGxWyGu1K
2026-09-18,cl-hLf2x4sEv8NoEFeVhjC6uz,craigslist,Novurania 14ft,7000,https://www.craigslist.org/view/d/vista-novurania-14ft/hLf2x4sEv8NoEFeVhjC6uz
2026-09-18,cl-oibMpkXPHCZX3YHikLpzeY,craigslist,1977 Sea Ray 300 sedan bridge,15000,https://www.craigslist.org/view/d/san-diego-1977-sea-ray-300-sedan-bridge/oibMpkXPHCZX3YHikLpzeY
2026-09-18,cl-dpLDMQ6HsLQct1mLeDzLT2,craigslist,CHB 34 sedan trawler,20000,https://www.craigslist.org/view/d/san-diego-chb-34-sedan-trawler/dpLDMQ6HsLQct1mLeDzLT2
2026-09-18,cl-bRBzec7RfxsPEqQYxTRJMX,craigslist,Yamaha 25 Hp 4 stroke 2022,3900,https://www.craigslist.org/view/d/san-diego-yamaha-25-hp-stroke-2022/bRBzec7RfxsPEqQYxTRJMX
2026-09-18,cl-oRA1ybmHEsLLNqngFWSCK2,craigslist,Hunter Vision 36 Sloop,25000,https://www.craigslist.org/view/d/coronado-hunter-vision-36-sloop/oRA1ybmHEsLLNqngFWSCK2
2026-09-18,cl-adnGzjCvEGpDe2evQFmiyD,craigslist,1979 Duffy 21 Electric Boat,16000,https://www.craigslist.org/view/d/national-city-1979-duffy-21-electric/adnGzjCvEGpDe2evQFmiyD
2026-09-18,cl-q5scQzv5bye3K9YwJWp6dh,craigslist,2007 seadoo boat Twin fourstroke engines 310HP,11500,https://www.craigslist.org/view/d/escondido-2007-seadoo-boat-twin/q5scQzv5bye3K9YwJWp6dh
2026-09-18,cl-55N52mfSckNYgJPrqwmB7k,craigslist,2001 monterey 242 cruiser,12000,https://www.craigslist.org/view/d/escondido-2001-monterey-242-cruiser/55N52mfSckNYgJPrqwmB7k
2026-09-18,cl-mPFciQJU4sGqgTNVsUhdUo,craigslist,2002 Yamaha xl1200  and 1998 Kawasaki,3800,https://www.craigslist.org/view/d/escondido-2002-yamaha-xl1200-and-1998/mPFciQJU4sGqgTNVsUhdUo
2026-09-18,cl-nPx1EoJfNrhMi3D1vZzYBv,craigslist,2000 Sea ray 190 with v8,7900,https://www.craigslist.org/view/d/escondido-2000-sea-ray-190-with-v8/nPx1EoJfNrhMi3D1vZzYBv
2026-09-18,cl-vZP3wzSX57hDupcxohrpQa,craigslist,2007 tige 22 open bow,23000,https://www.craigslist.org/view/d/escondido-2007-tige-22-open-bow/vZP3wzSX57hDupcxohrpQa
2026-09-18,cl-2byrJiDxFrmZGhXYirx79m,craigslist,Hobie tandem island 2 seater sailboat trimaran,3800,https://www.craigslist.org/view/d/escondido-hobie-tandem-island-seater/2byrJiDxFrmZGhXYirx79m
2026-09-18,cl-2NtZ63KeKXM9sDcPkTdThS,craigslist,1984  Drifter 14 Center consul 2014 Nissan 40 efi,5800,https://www.craigslist.org/view/d/alpine-1984-drifter-14-center-consul/2NtZ63KeKXM9sDcPkTdThS
2026-09-18,cl-naMCnVezJgNDra2FKzw1UJ,craigslist,30&#39; Kettenburg Picnic/Express Restored Diesel Classic Picnic Express,50000,https://www.craigslist.org/view/d/san-diego-30-kettenburg-picnic-express/naMCnVezJgNDra2FKzw1UJ
2026-09-18,cl-iPtkNHRCpKDMhYdV2vBLyq,craigslist,2014 Bayliner Trophy 1903 Pro,19500,https://www.craigslist.org/view/d/ramona-2014-bayliner-trophy-1903-pro/iPtkNHRCpKDMhYdV2vBLyq
2026-09-18,cl-941YUSxyqR3N21Yp1PJJeV,craigslist,2003 AquaTrax F-12x,5500,https://www.craigslist.org/view/d/carlsbad-2003-aquatrax-12x/941YUSxyqR3N21Yp1PJJeV
2026-09-18,cl-4zfPoV7jmfwDyekMCXEchM,craigslist,JETSKI + TRAILER - 2019 SEA-DOO TRIXX - 3 Seats,5800,https://www.craigslist.org/view/d/la-jolla-jetski-trailer-sea-doo-trixx/4zfPoV7jmfwDyekMCXEchM
2026-09-18,cl-jTbMhiDxDqBWHMtYXXEYVM,craigslist,28. Foot carver yaht,4000,https://www.craigslist.org/view/d/alpine-28-foot-carver-yaht/jTbMhiDxDqBWHMtYXXEYVM
2026-09-18,cl-txubN2es2YFxCCzodgG7dp,craigslist,2023 Saturn Triton Rigid Inflatable Boat,4800,https://www.craigslist.org/view/d/san-diego-2023-saturn-triton-rigid/txubN2es2YFxCCzodgG7dp
2026-09-18,cl-4ydgATxXY1s5dMd6mfJeoP,craigslist,California Skier,9500,https://www.craigslist.org/view/d/escondido-california-skier/4ydgATxXY1s5dMd6mfJeoP
2026-09-18,cl-7ncf9VPZ5ymzjJsKXNSbCj,craigslist,1992 Reinell 2000 brxl,7999,https://www.craigslist.org/view/d/alpine-1992-reinell-2000-brxl/7ncf9VPZ5ymzjJsKXNSbCj
2026-09-18,cl-qDEVjVY1dR1vZvPL5ZuTS2,craigslist,2 -2019 SEADOO’s GTI 155 with trailer,23500,https://www.craigslist.org/view/d/escondido-seadoos-gti-155-with-trailer/qDEVjVY1dR1vZvPL5ZuTS2
2026-09-18,cl-6hS7aomAgHouZogWddy4SE,craigslist,26&quot; Balboa Sailboat -,10000,https://www.craigslist.org/view/d/broomfield-26-balboa-sailboat/6hS7aomAgHouZogWddy4SE
2026-09-18,cl-QFdUDVee8RG8TMGNMyPZTQ,craigslist,2021 SouthBay Tritoon 224 CR LE 2.75,35995,https://www.craigslist.org/view/d/arlington-2021-southbay-tritoon-224-cr/QFdUDVee8RG8TMGNMyPZTQ
2026-09-18,cl-r4hNSZgFmqqgoUHR8jVEM6,craigslist,"1994 Schock 35 (13,000 OBO)",13000,https://www.craigslist.org/view/d/san-diego-1994-schock-obo/r4hNSZgFmqqgoUHR8jVEM6
2026-09-18,cl-jFn7pvua7sJNhNFKRXoPYg,craigslist,08 SEADOO GTX SUPER CHARGED 60hrs only,4500,https://www.craigslist.org/view/d/costa-mesa-08-seadoo-gtx-super-charged/jFn7pvua7sJNhNFKRXoPYg
2026-09-18,cl-8MYXNkhGfN5W442q6ryYFP,craigslist,43’ Egg Harbor Convertible Flybridge Sportfish,55000,https://www.craigslist.org/view/d/san-diego-43-egg-harbor-convertible/8MYXNkhGfN5W442q6ryYFP
2026-09-18,cl-1jxjPF22vXjxkvSmZFZBFs,craigslist,Aquasport center console,17500,https://www.craigslist.org/view/d/el-cajon-aquasport-center-console/1jxjPF22vXjxkvSmZFZBFs
2026-09-18,cl-ad3e3szYrCJYwK4mVrY11h,craigslist,2017 sea doo gtr-x 230,12900,https://www.craigslist.org/view/d/santee-2017-sea-doo-gtr-230/ad3e3szYrCJYwK4mVrY11h
2026-09-18,cl-5utt8sj9YHdDm77y1zcm6c,craigslist,Ranger 33&#39; Sailboat For Sale,10000,https://www.craigslist.org/view/d/san-diego-ranger-33-sailboat-for-sale/5utt8sj9YHdDm77y1zcm6c
2026-09-18,cl-j2cJ6sh9MXSoVJgizYiHqB,craigslist,Ranger 33&#39; Sailboat For Sale,10000,https://www.craigslist.org/view/d/san-diego-ranger-33-sailboat-for-sale/j2cJ6sh9MXSoVJgizYiHqB
